model,fold,h,minutes_ahead,AQL,MAE,RMSE,AQCR,coverage80,AIW
mrinn,roll0,1,15,24.7662712097168,66.99309539794922,328.50128173828125,0.0,80.46287593984962,160.9781951904297
mrinn,roll0,2,30,24.80827865600586,66.84053802490234,328.47930908203125,0.0,79.79323308270678,160.34771728515625
mrinn,roll0,3,45,24.870925903320312,67.06398010253906,328.5249328613281,0.0,79.22932330827066,157.54637145996094
mrinn,roll0,4,60,24.820845794677734,66.76676177978516,328.4300231933594,0.0,81.50845864661655,164.39002990722656
mrinn,roll0,5,75,24.90925025939941,67.12956237792969,328.43524169921875,0.0,80.22791353383458,161.1852264404297
mrinn,roll0,6,90,24.87817802429199,66.84380340576172,328.394287109375,0.0,80.96804511278195,164.54736328125
mrinn,roll0,7,105,24.97691841125488,67.1648941040039,328.4357604980469,0.0,79.59351503759399,159.73361206054688
mrinn,roll0,8,120,24.94382247924805,66.95504760742188,328.4589538574219,0.0,80.86231203007519,163.83261108398438
mrinn,roll0,9,135,25.02839126586914,67.24652862548828,328.29541015625,0.0,79.06484962406014,158.79693603515625
mrinn,roll0,10,150,24.979516983032227,66.96524810791016,328.34912109375,0.0,81.03853383458647,165.04751586914062
mrinn,roll0,11,165,25.110990142822267,67.30380249023438,328.4239807128906,0.0,77.91353383458647,155.6585693359375
mrinn,roll0,12,180,24.98934364318848,66.9761962890625,328.4115295410156,0.0,80.26315789473685,162.14401245117188
mrinn,roll0,13,195,25.053750228881835,67.15994262695312,328.2029724121094,0.0,78.23073308270678,156.3846435546875
mrinn,roll0,14,210,25.003112411499025,66.91508483886719,328.2245788574219,0.0,79.6640037593985,161.24769592285156
mrinn,roll0,15,225,25.029779052734376,67.04745483398438,328.17437744140625,0.0,78.93562030075188,158.94851684570312
mrinn,roll0,16,240,24.99342536926269,66.94659423828125,328.2202453613281,0.0,80.20441729323309,162.0289764404297
mrinn,roll0,17,255,25.094781494140623,67.04776763916016,328.2073974609375,0.0,77.90178571428571,155.25460815429688
mrinn,roll0,18,270,24.99838256835937,66.85408782958984,328.31646728515625,0.0,80.18092105263158,163.75149536132812
mrinn,roll0,19,285,25.055742263793945,66.99658966064453,328.3569030761719,0.0,78.18374060150376,156.86856079101562
mrinn,roll0,20,300,24.95613479614257,66.8465805053711,328.41522216796875,0.0,81.41447368421053,165.95077514648438
mrinn,roll0,21,315,25.00509567260742,66.83785247802734,328.2630920410156,0.0,78.65366541353383,156.3117218017578
mrinn,roll0,22,330,24.96892547607422,66.7225570678711,328.2030639648437,0.0,79.6875,160.8157501220703
mrinn,roll0,23,345,25.011141204833983,66.82642364501953,328.2287902832031,0.0,78.66541353383458,157.25694274902344
mrinn,roll0,24,360,24.91418991088868,66.72431945800781,328.1833801269531,0.0,80.03994360902256,161.85484313964844
mrinn,roll0,25,375,24.965207672119146,66.78765106201172,328.18505859375,0.0,78.40695488721805,156.43406677246094
mrinn,roll0,26,390,24.91342086791992,66.75287628173828,328.2317199707031,0.0,80.55686090225564,164.2949981689453
mrinn,roll0,27,405,24.959690856933594,66.89166259765625,328.2498474121094,0.0,80.07518796992481,161.69044494628906
mrinn,roll0,28,420,24.8770809173584,66.7974853515625,328.27032470703125,0.0,80.85056390977444,164.20620727539062
mrinn,roll0,29,435,24.87518005371093,66.80973815917969,328.1840515136719,0.0,79.59351503759399,159.1124725341797
mrinn,roll0,30,450,24.91130561828613,66.79576110839844,328.2841186523437,0.0,80.81531954887218,163.69589233398438
mrinn,roll0,31,465,24.98363914489746,66.85627746582031,328.3664245605469,0.0,78.58317669172934,155.99586486816406
mrinn,roll0,32,480,24.90251350402832,66.75003814697266,328.30206298828125,0.0,80.45112781954887,162.93174743652344
mrinn,roll0,33,495,24.939791107177733,66.92269134521484,328.1736145019531,0.0,79.57001879699249,159.67823791503906
mrinn,roll0,34,510,24.881809997558594,66.71131134033203,328.0889587402344,0.0,80.49812030075188,162.76171875
mrinn,roll0,35,525,24.97210540771484,66.8501205444336,328.1496276855469,0.0,79.00610902255639,157.46368408203125
mrinn,roll0,36,540,24.90258407592773,66.7420654296875,328.1254272460937,0.0,80.49812030075188,162.50161743164062
mrinn,roll0,37,555,24.98043212890625,66.93408203125,328.2594299316406,0.0,79.14708646616542,158.67828369140625
mrinn,roll0,38,570,24.917722702026367,66.78162384033203,328.22711181640625,0.0,80.5921052631579,163.8203582763672
mrinn,roll0,39,585,25.01148796081543,66.91847229003906,328.394287109375,0.0,78.81813909774436,157.81317138671875
mrinn,roll0,40,600,24.91656074523926,66.72626495361328,328.3487548828125,0.0,80.56860902255639,162.70867919921875
mrinn,roll0,41,615,24.9609432220459,66.83113098144531,328.5406188964844,0.0,79.06484962406014,158.00714111328125
mrinn,roll0,42,630,24.93071632385254,66.7087631225586,328.50079345703125,0.0,80.5921052631579,162.39569091796875
mrinn,roll0,43,645,25.01014633178711,66.94367980957031,328.6012878417969,0.0,79.46428571428571,159.34396362304688
mrinn,roll0,44,660,24.896499252319337,66.61079406738281,328.54803466796875,0.0,80.82706766917293,162.91432189941406
mrinn,roll0,45,675,24.992346572875977,66.92499542236328,328.7296447753906,0.0,79.49953007518798,158.59336853027344
mrinn,roll0,46,690,24.97965812683105,66.90278625488281,328.6109924316406,0.0,80.48637218045113,162.56207275390625
mrinn,roll0,47,705,25.065783309936524,67.09236907958984,328.6901550292969,0.0,78.25422932330827,155.76876831054688
mrinn,roll0,48,720,24.97513465881348,66.8915023803711,328.5592956542969,0.0,80.0046992481203,161.4968719482422
mrinn,roll0,49,735,25.09002990722656,67.25872802734375,328.7200622558594,0.0,77.93703007518798,156.31613159179688
mrinn,roll0,50,750,25.02696571350097,67.1435317993164,328.69580078125,0.0,79.49953007518798,160.72665405273438
mrinn,roll0,51,765,25.18212432861328,67.49615478515625,328.9086303710937,0.0,77.07941729323309,153.4979705810547
mrinn,roll0,52,780,25.021121215820312,67.23738861083984,328.7369079589844,0.0,79.38204887218046,159.6581268310547
mrinn,roll0,53,795,25.14701042175293,67.66970825195312,328.8576965332031,0.0,78.04276315789474,155.55307006835938
mrinn,roll0,54,810,25.079852294921874,67.5114974975586,328.7481689453125,0.0,79.11184210526315,158.5955047607422
mrinn,roll0,55,825,25.135338973999023,67.797607421875,328.882080078125,0.0,78.125,155.3177032470703
mrinn,roll0,56,840,25.05752830505371,67.657958984375,328.7946472167969,0.0,79.12359022556392,158.99111938476562
mrinn,roll0,57,855,25.12168083190918,67.93782043457031,328.8410949707031,0.0,77.73731203007519,155.3931427001953
mrinn,roll0,58,870,25.00018157958984,67.66220092773438,328.67919921875,0.0,79.40554511278195,159.7013702392578
mrinn,roll0,59,885,25.129638290405275,68.05909729003906,328.8484191894531,0.0,77.12640977443608,153.45993041992188
mrinn,roll0,60,900,25.054433059692386,67.99372863769531,328.7209167480469,0.0,78.51268796992481,157.83180236816406
mrinn,roll0,61,915,25.108599853515624,68.26372528076172,328.7074584960937,0.0,78.27772556390977,156.5475311279297
mrinn,roll0,62,930,24.9924545288086,67.99009704589844,328.5830993652344,0.0,79.28806390977444,159.51695251464844
mrinn,roll0,63,945,25.166549301147462,68.42481231689453,328.8648681640625,0.0,77.16165413533834,153.40933227539062
mrinn,roll0,64,960,24.97422180175781,68.0423583984375,328.73272705078125,0.0,79.29981203007519,159.5293426513672
mrinn,roll0,65,975,25.13621749877929,68.45874786376953,328.7537536621094,0.0,77.39661654135338,154.82102966308594
mrinn,roll0,66,990,24.948040771484376,67.91741943359375,328.52154541015625,0.0,78.63016917293233,157.7151336669922
mrinn,roll0,67,1005,25.133434677124026,68.41560363769531,328.7004699707031,0.0,77.27913533834587,154.02130126953125
mrinn,roll0,68,1020,24.959331893920897,68.08747100830078,328.5901184082031,0.0,78.97086466165413,159.30165100097656
mrinn,roll0,69,1035,25.059140396118163,68.21891021728516,328.62908935546875,0.0,77.77255639097744,154.46588134765625
mrinn,roll0,70,1050,24.965314865112305,68.11450958251953,328.70086669921875,0.0,79.55827067669173,160.20538330078125
mrinn,roll0,71,1065,25.180078125,68.65758514404297,328.8424987792969,0.0,79.13533834586465,161.21726989746094
mrinn,roll0,72,1080,24.998136138916017,68.08073425292969,328.58514404296875,0.0,78.87687969924812,159.32656860351562
mrinn,roll0,73,1095,25.120158004760743,68.40154266357422,328.5766906738281,0.0,78.24248120300751,156.9858856201172
mrinn,roll0,74,1110,25.08411293029785,68.4154281616211,328.57501220703125,0.0,79.49953007518798,162.21588134765625
mrinn,roll0,75,1125,25.24532165527344,68.62911224365234,328.69012451171875,0.0,77.30263157894737,156.56246948242188
mrinn,roll0,76,1140,25.129388046264648,68.3720932006836,328.6799621582031,0.0,78.51268796992481,160.016357421875
mrinn,roll0,77,1155,25.289675521850587,68.6402359008789,328.6674499511719,0.0,76.50375939849624,154.601806640625
mrinn,roll0,78,1170,25.28579063415528,68.66250610351562,328.6903686523437,0.0,77.65507518796993,157.58511352539062
mrinn,roll0,79,1185,25.373126220703124,68.81327819824219,328.59722900390625,0.0,76.5625,155.8912353515625
mrinn,roll0,80,1200,25.319286346435547,68.66386413574219,328.6073608398437,0.0,77.57283834586465,157.656982421875
mrinn,roll0,81,1215,25.38774528503418,68.7669677734375,328.5670166015625,0.0,76.37453007518798,154.40342712402344
mrinn,roll0,82,1230,25.367203140258788,68.76685333251953,328.446044921875,0.0,77.60808270676691,159.01734924316406
mrinn,roll0,83,1245,25.47620544433594,69.13148498535156,328.3895263671875,0.0,77.33787593984962,157.9214630126953
mrinn,roll0,84,1260,25.071586990356444,68.15501403808594,325.334228515625,0.0,77.94877819548873,158.81869506835938
mrinn,roll0,85,1275,25.18010139465332,68.43135833740234,325.2367248535156,0.0,76.8327067669173,155.86868286132812
mrinn,roll0,86,1290,25.15011711120605,68.32600402832031,325.2059936523437,0.0,77.91353383458647,159.43138122558594
mrinn,roll0,87,1305,25.22504501342773,68.7745132446289,325.3150634765625,0.0,77.81954887218046,158.82559204101562
mrinn,roll0,88,1320,25.12828521728516,68.42971801757812,325.3117370605469,0.0,78.35996240601504,159.80657958984375
mrinn,roll0,89,1335,25.242149353027344,68.78691864013672,325.3838195800781,0.0,77.84304511278195,158.70172119140625
mrinn,roll0,90,1350,25.214458084106447,68.6435775756836,325.2948608398437,0.0,78.4421992481203,161.13246154785156
mrinn,roll0,91,1365,25.32197036743164,69.11845397949219,325.4905090332031,0.0,78.1015037593985,160.33810424804688
mrinn,roll0,92,1380,25.21287765502929,68.69186401367188,325.4096374511719,0.0,78.48919172932331,161.73129272460938
mrinn,roll0,93,1395,25.43758888244629,69.50614929199219,325.68865966796875,0.0,78.00751879699249,160.84791564941406
mrinn,roll0,94,1410,25.305470657348632,68.878173828125,325.5280456542969,0.0,78.34821428571429,161.6928253173828
mrinn,roll0,95,1425,25.47617835998535,69.65306091308594,325.91094970703125,0.0,78.1484962406015,161.57315063476562
mrinn,roll0,96,1440,25.361516189575195,69.15625762939453,325.9774475097656,0.0,78.54793233082707,162.46066284179688
mrinn,roll1,1,15,41.22383728027344,96.6351089477539,671.654541015625,0.0,80.35548327137546,153.90728759765625
mrinn,roll1,2,30,41.38756103515625,97.12991333007812,671.5158081054688,0.0,81.06412639405205,158.421875
mrinn,roll1,3,45,41.417153930664064,97.1623077392578,671.9978637695312,0.0,79.76301115241635,153.70751953125
mrinn,roll1,4,60,41.58517913818359,97.66033935546876,672.0636596679688,0.0,81.21514869888475,159.93731689453125
mrinn,roll1,5,75,41.58524856567383,97.48997497558594,672.1215209960938,0.0,79.3796468401487,154.35057067871094
mrinn,roll1,6,90,41.66724319458008,97.8210906982422,671.9222412109375,0.0,80.82016728624535,159.5188446044922
mrinn,roll1,7,105,41.61141357421875,97.55740356445312,672.1770629882812,0.0,79.27509293680298,154.26312255859375
mrinn,roll1,8,120,41.74353637695312,97.96412658691406,671.876708984375,0.0,80.57620817843866,159.37376403808594
mrinn,roll1,9,135,41.74689636230469,97.79268646240234,671.8839721679688,0.0,79.4028810408922,154.70838928222656
mrinn,roll1,10,150,41.83151626586914,98.14236450195312,671.7313842773438,0.0,80.57620817843866,159.4781036376953
mrinn,roll1,11,165,41.80588226318359,97.93206024169922,671.7269897460938,0.0,79.3331784386617,154.2976837158203
mrinn,roll1,12,180,41.868045806884766,98.16153717041016,671.5966796875,0.0,80.54135687732342,159.54554748535156
mrinn,roll1,13,195,41.90217895507813,98.10638427734376,671.8980102539062,0.0,79.01951672862454,154.30096435546875
mrinn,roll1,14,210,41.92714004516601,98.3524398803711,671.6856079101562,0.0,80.4135687732342,159.17886352539062
mrinn,roll1,15,225,41.88004913330078,98.1056671142578,671.8027954101562,0.0,78.9614312267658,154.0638885498047
mrinn,roll1,16,240,41.93298950195312,98.37574005126952,671.7628784179688,0.0,80.36710037174721,159.08139038085938
mrinn,roll1,17,255,41.92413330078125,98.28274536132812,671.8602905273438,0.0,79.12407063197026,154.26406860351562
mrinn,roll1,18,270,41.99906234741211,98.61678314208984,671.7792358398438,0.0,80.84340148698885,159.86181640625
mrinn,roll1,19,285,42.03078842163086,98.54674530029295,672.0619506835938,0.0,78.9846654275093,154.650390625
mrinn,roll1,20,300,42.05349578857422,98.74092864990234,671.790283203125,0.0,80.51812267657994,160.21063232421875
mrinn,roll1,21,315,42.02431869506836,98.58455657958984,671.6913452148438,0.0,78.88011152416357,155.05039978027344
mrinn,roll1,22,330,42.09421310424805,98.82484436035156,671.8412475585938,0.0,80.64591078066915,160.10865783691406
mrinn,roll1,23,345,42.13565139770508,98.88626861572266,671.9979248046875,0.0,78.75232342007436,155.2379150390625
mrinn,roll1,24,360,42.132276153564455,99.03256225585938,671.871826171875,0.0,80.56459107806691,160.3922119140625
mrinn,roll1,25,375,42.102169799804685,98.88692474365234,672.0013427734375,0.0,79.43773234200744,155.8814239501953
mrinn,roll1,26,390,42.19999771118164,99.17942810058594,672.0957641601562,0.0,80.70399628252788,161.0153350830078
mrinn,roll1,27,405,42.18949661254883,99.07767486572266,672.0940551757812,0.0,78.85687732342006,156.21839904785156
mrinn,roll1,28,420,42.14435501098633,99.089599609375,671.9874877929688,0.0,80.8085501858736,161.3020477294922
mrinn,roll1,29,435,42.09350051879883,98.7833023071289,671.90087890625,0.0,79.73977695167285,157.28558349609375
mrinn,roll1,30,450,42.14625396728516,98.99140167236328,671.955078125,0.0,81.01765799256505,161.87274169921875
mrinn,roll1,31,465,42.17212905883789,98.94522857666016,671.916748046875,0.0,79.30994423791822,157.77230834960938
mrinn,roll1,32,480,42.17199096679688,99.14775848388672,671.9796752929688,0.0,81.00604089219331,162.09144592285156
mrinn,roll1,33,495,42.08273773193359,98.75670623779295,671.7640991210938,0.0,79.83271375464685,158.48101806640625
mrinn,roll1,34,510,42.13323135375977,98.9704360961914,671.9423828125,0.0,80.69237918215613,162.26954650878906
mrinn,roll1,35,525,42.11344757080078,98.82494354248048,671.9114990234375,0.0,79.91403345724906,158.72415161132812
mrinn,roll1,36,540,42.145633697509766,99.00192260742188,671.9627685546875,0.0,81.16868029739777,162.52699279785156
mrinn,roll1,37,555,42.06646499633789,98.65738677978516,671.909912109375,0.0,80.0418215613383,158.52114868164062
mrinn,roll1,38,570,42.15399322509766,99.01136779785156,672.0579833984375,0.0,81.06412639405205,162.73497009277344
mrinn,roll1,39,585,42.15360946655274,98.9124755859375,671.986328125,0.0,80.06505576208178,159.24258422851562
mrinn,roll1,40,600,42.20477066040039,99.1183853149414,672.1746826171875,0.0,81.08736059479554,162.52169799804688
mrinn,roll1,41,615,42.15337448120117,98.87958526611328,672.09130859375,0.0,80.40195167286245,158.79400634765625
mrinn,roll1,42,630,42.18928604125976,99.01874542236328,672.0559692382812,0.0,81.37778810408922,162.51242065429688
mrinn,roll1,43,645,42.1546516418457,98.8357162475586,672.0217895507812,0.0,80.36710037174721,159.00515747070312
mrinn,roll1,44,660,42.22060852050781,99.01580047607422,672.025146484375,0.0,80.85501858736059,162.08062744140625
mrinn,roll1,45,675,42.168939208984376,98.87571716308594,671.976318359375,0.0,79.94888475836431,158.0841522216797
mrinn,roll1,46,690,42.20988464355469,99.03045654296876,671.9254760742188,0.0,80.94795539033457,161.97750854492188
mrinn,roll1,47,705,42.2090202331543,98.89124298095705,672.0464477539062,0.0,79.32156133828995,157.7000732421875
mrinn,roll1,48,720,42.22854309082031,98.95543670654295,671.9523315429688,0.0,80.49488847583643,161.4713592529297
mrinn,roll1,49,735,42.41493148803711,99.28482055664062,673.4647827148438,0.0,79.39126394052045,157.12037658691406
mrinn,roll1,50,750,42.43467330932617,99.3954620361328,673.5328369140625,0.0,80.36710037174721,160.91598510742188
mrinn,roll1,51,765,42.411077880859374,99.14313507080078,673.447265625,0.0,78.77555762081785,156.45762634277344
mrinn,roll1,52,780,42.44639892578125,99.36705780029295,673.38916015625,0.0,80.0418215613383,160.3876953125
mrinn,roll1,53,795,42.45101547241211,99.33902740478516,673.3338012695312,0.0,78.82202602230484,156.2145233154297
mrinn,roll1,54,810,42.4320915222168,99.45230865478516,673.3976440429688,0.0,80.13475836431226,159.77883911132812
mrinn,roll1,55,825,42.45752792358398,99.42930603027344,673.45947265625,0.0,78.48513011152416,155.66787719726562
mrinn,roll1,56,840,42.49300994873047,99.68182373046876,673.499755859375,0.0,79.68169144981412,159.2297821044922
mrinn,roll1,57,855,42.48307723999024,99.55709838867188,673.5631103515625,0.0,78.47351301115242,155.31260681152344
mrinn,roll1,58,870,42.46560821533203,99.667724609375,673.4925537109375,0.0,79.73977695167285,158.99607849121094
mrinn,roll1,59,885,42.47734146118164,99.5229034423828,673.6310424804688,0.0,78.02044609665427,154.84043884277344
mrinn,roll1,60,900,42.49352264404297,99.75086975097656,673.7533569335938,0.0,79.28671003717473,157.93643188476562
mrinn,roll1,61,915,42.49082946777344,99.60945129394533,673.7393188476562,0.0,78.14823420074349,154.4765167236328
mrinn,roll1,62,930,42.51329803466797,99.8678970336914,673.6790771484375,0.0,79.43773234200744,157.98175048828125
mrinn,roll1,63,945,42.49995727539063,99.57781219482422,673.5577392578125,0.0,77.82295539033457,153.82220458984375
mrinn,roll1,64,960,42.49611740112304,99.78305053710938,673.5850219726562,0.0,79.50743494423791,158.42578125
mrinn,roll1,65,975,42.48171539306641,99.62389373779295,673.4525146484375,0.0,77.79972118959108,153.7288818359375
mrinn,roll1,66,990,42.4495491027832,99.6400909423828,673.2774047851562,0.0,79.67007434944237,158.4477081298828
mrinn,roll1,67,1005,42.45903701782227,99.45437622070312,673.2233276367188,0.0,78.22955390334573,154.51104736328125
mrinn,roll1,68,1020,42.45502700805664,99.706298828125,673.1721801757812,0.0,79.3564126394052,158.50347900390625
mrinn,roll1,69,1035,42.51402816772461,99.72108459472656,673.2645874023438,0.0,78.28763940520446,154.8732452392578
mrinn,roll1,70,1050,42.55786361694336,100.18060302734376,673.3870239257812,0.0,79.36802973977694,158.21900939941406
mrinn,roll1,71,1065,42.54949569702149,99.9592056274414,673.29833984375,0.0,78.125,155.1173858642578
mrinn,roll1,72,1080,42.57900695800781,100.2712173461914,673.2839965820312,0.0,79.5771375464684,159.330078125
mrinn,roll1,73,1095,42.65234909057617,100.26461029052734,673.2151489257812,0.0,78.02044609665427,155.56578063964844
mrinn,roll1,74,1110,42.66041259765625,100.45059967041016,673.3221435546875,0.0,79.20539033457248,159.4383544921875
mrinn,roll1,75,1125,42.72345199584961,100.45793914794922,673.3771362304688,0.0,77.89265799256505,155.64553833007812
mrinn,roll1,76,1140,42.75830459594727,100.7151336669922,673.4744262695312,0.0,79.41449814126395,159.9172821044922
mrinn,roll1,77,1155,42.818606567382815,100.67301940917967,673.4066162109375,0.0,77.83457249070632,155.83267211914062
mrinn,roll1,78,1170,42.80133895874023,100.7374267578125,673.5108642578125,0.0,79.50743494423791,159.57737731933594
mrinn,roll1,79,1185,42.84181213378906,100.71732330322266,673.60205078125,0.0,78.06691449814126,156.478759765625
mrinn,roll1,80,1200,42.87976913452148,101.01387786865234,673.7965698242188,0.0,79.43773234200744,160.3651885986328
mrinn,roll1,81,1215,42.84138107299805,100.73040771484376,673.840087890625,0.0,78.63615241635688,156.93089294433594
mrinn,roll1,82,1230,42.79911193847656,100.69063568115234,673.8099365234375,0.0,79.76301115241635,160.84950256347656
mrinn,roll1,83,1245,42.82359008789062,100.7867431640625,673.7286987304688,0.0,79.20539033457248,157.54248046875
mrinn,roll1,84,1260,42.81949081420898,100.81460571289062,673.796875,0.0,79.84433085501858,160.90977478027344
mrinn,roll1,85,1275,42.76771469116211,100.64464569091795,673.7384033203125,0.0,79.49581784386616,157.66885375976562
mrinn,roll1,86,1290,42.77142562866211,100.63606262207033,673.8397827148438,0.0,80.49488847583643,161.4923553466797
mrinn,roll1,87,1305,42.82922592163086,100.88015747070312,673.8834228515625,0.0,79.70492565055763,157.81675720214844
mrinn,roll1,88,1320,42.895345306396486,101.05023193359376,674.23779296875,0.0,80.11152416356877,160.98422241210938
mrinn,roll1,89,1335,42.76298065185547,100.7470703125,674.01513671875,0.0,80.05343866171005,158.8101806640625
mrinn,roll1,90,1350,42.80717163085937,100.8380889892578,674.1911010742188,0.0,80.77369888475836,161.95480346679688
mrinn,roll1,91,1365,42.745924377441405,100.81832122802734,673.971435546875,0.0,80.192843866171,158.53086853027344
mrinn,roll1,92,1380,42.74444274902344,100.71693420410156,674.1592407226562,0.0,80.78531598513011,162.2723388671875
mrinn,roll1,93,1395,42.74377365112305,100.9086456298828,674.1333618164062,0.0,80.36710037174721,158.87661743164062
mrinn,roll1,94,1410,42.84484176635742,101.1014633178711,674.3167724609375,0.0,80.50650557620817,162.5889129638672
mrinn,roll1,95,1425,42.743473815917966,100.98490142822266,674.1783447265625,0.0,80.27416356877323,159.17311096191406
mrinn,roll1,96,1440,42.91076812744141,101.42069244384766,674.343505859375,0.0,80.42518587360595,162.21958923339844
mrinn,roll2,1,15,18.371532249450684,48.27020263671875,212.1343688964844,0.0,88.45358455882352,156.68299865722656
mrinn,roll2,2,30,18.3861141204834,48.3565673828125,212.17010498046875,0.0,87.64935661764706,154.66748046875
mrinn,roll2,3,45,18.44867000579834,48.4867057800293,212.19493103027344,0.0,87.92509191176471,155.16848754882812
mrinn,roll2,4,60,18.52951145172119,48.77180862426758,212.36854553222656,0.0,87.92509191176471,157.77154541015625
mrinn,roll2,5,75,18.52236728668213,48.83098220825195,212.31509399414065,0.0,88.21231617647058,157.25320434570312
mrinn,roll2,6,90,18.52660751342773,48.88215255737305,212.40692138671875,0.0,88.14338235294117,157.26510620117188
mrinn,roll2,7,105,18.522859001159667,48.891143798828125,212.3189697265625,0.0,87.97104779411765,156.13568115234375
mrinn,roll2,8,120,18.572418403625488,49.032447814941406,212.45730590820312,0.0,87.67233455882352,156.66636657714844
mrinn,roll2,9,135,18.55464286804199,49.0106315612793,212.4138641357422,0.0,88.06295955882352,156.50595092773438
mrinn,roll2,10,150,18.574189949035645,49.10885620117188,212.4886169433593,0.0,88.17784926470588,157.65670776367188
mrinn,roll2,11,165,18.567422485351564,49.08657836914063,212.41954040527344,0.0,87.66084558823529,154.9696044921875
mrinn,roll2,12,180,18.580600929260253,49.21066665649414,212.55563354492188,0.0,88.05147058823529,156.69717407226562
mrinn,roll2,13,195,18.585453987121586,49.20299911499024,212.4796905517578,0.0,87.99402573529412,155.7979736328125
mrinn,roll2,14,210,18.586122703552245,49.2695426940918,212.583236694336,0.0,88.15487132352942,156.32008361816406
mrinn,roll2,15,225,18.607590103149413,49.36642837524414,212.6056365966797,0.0,88.25827205882352,157.28421020507812
mrinn,roll2,16,240,18.60889549255371,49.41913604736328,212.66798400878903,0.0,87.890625,156.7510986328125
mrinn,roll2,17,255,18.55012741088867,49.23828506469727,212.54786682128903,0.0,88.16636029411765,156.3453369140625
mrinn,roll2,18,270,18.597393608093263,49.47850036621094,212.68223571777344,0.0,88.61443014705883,158.26739501953125
mrinn,roll2,19,285,18.5954517364502,49.499359130859375,212.6708984375,0.0,88.17784926470588,156.17520141601562
mrinn,roll2,20,300,18.669690704345705,49.698917388916016,212.8086700439453,0.0,88.48805147058823,158.8938751220703
mrinn,roll2,21,315,18.635720634460448,49.64345550537109,212.7831878662109,0.0,88.12040441176471,156.1085205078125
mrinn,roll2,22,330,18.678755378723142,49.79185104370117,212.9253692626953,0.0,87.99402573529412,156.57325744628906
mrinn,roll2,23,345,18.67488899230957,49.80746078491211,212.91207885742188,0.0,88.35018382352942,156.90565490722656
mrinn,roll2,24,360,18.69221992492676,49.895545959472656,212.9119873046875,0.0,88.40762867647058,157.80316162109375
mrinn,roll2,25,375,18.64526481628418,49.72403717041016,212.84469604492188,0.0,88.15487132352942,156.4974822998047
mrinn,roll2,26,390,18.728269004821776,49.99197769165039,212.9517364501953,0.0,88.49954044117648,158.5615234375
mrinn,roll2,27,405,18.722758865356447,49.92458724975586,212.96487426757807,0.0,88.56847426470588,159.02195739746094
mrinn,roll2,28,420,18.756769561767577,50.0671272277832,212.9429931640625,0.0,88.23529411764706,158.79481506347656
mrinn,roll2,29,435,18.6866174697876,49.86245727539063,212.85079956054688,0.0,88.87867647058823,157.76451110839844
mrinn,roll2,30,450,18.764752769470213,50.02558517456055,213.019287109375,0.0,88.28125,158.44772338867188
mrinn,roll2,31,465,18.755530548095702,49.99226760864258,212.9528045654297,0.0,88.10891544117648,156.47512817382812
mrinn,roll2,32,480,18.752903175354003,50.01692199707031,212.9856719970703,0.0,87.85615808823529,157.1929168701172
mrinn,roll2,33,495,18.698043823242188,49.894657135009766,212.9213104248047,0.0,88.39613970588235,158.05455017089844
mrinn,roll2,34,510,18.76422576904297,50.042606353759766,213.0480499267578,0.0,88.16636029411765,157.35926818847656
mrinn,roll2,35,525,18.759963035583496,49.98033905029297,212.9767608642578,0.0,88.21231617647058,157.2684326171875
mrinn,roll2,36,540,18.762121200561523,50.02148818969727,212.98876953125,0.0,87.98253676470588,157.26039123535156
mrinn,roll2,37,555,18.67908992767334,49.787864685058594,212.9369659423828,0.0,88.37316176470588,157.15338134765625
mrinn,roll2,38,570,18.74335060119629,49.8924674987793,212.9739227294922,0.0,88.25827205882352,158.62400817871094
mrinn,roll2,39,585,18.70111904144288,49.710899353027344,212.8616180419922,0.0,88.31571691176471,157.22027587890625
mrinn,roll2,40,600,18.722321128845216,49.777042388916016,212.8721923828125,0.0,88.12040441176471,157.62496948242188
mrinn,roll2,41,615,18.659564971923828,49.64885711669922,212.774642944336,0.0,88.41911764705883,157.00588989257812
mrinn,roll2,42,630,18.698066902160644,49.715362548828125,212.81509399414065,0.0,87.99402573529412,157.8555145263672
mrinn,roll2,43,645,18.64471912384033,49.50436401367188,212.70529174804688,0.0,88.64889705882352,158.25514221191406
mrinn,roll2,44,660,18.67326717376709,49.57642364501953,212.7337646484375,0.0,88.23529411764706,158.10906982421875
mrinn,roll2,45,675,18.647630500793458,49.59696960449219,212.67091369628903,0.0,88.41911764705883,157.6162872314453
mrinn,roll2,46,690,18.69466152191162,49.76155853271485,212.7248992919922,0.0,88.25827205882352,158.5465087890625
mrinn,roll2,47,705,18.634048461914062,49.55793762207031,212.61659240722656,0.0,88.05147058823529,155.8805694580078
mrinn,roll2,48,720,18.673477554321288,49.626556396484375,212.69195556640625,0.0,88.23529411764706,157.95628356933594
mrinn,roll2,49,735,18.63872280120849,49.63061141967773,212.6227264404297,0.0,88.29273897058823,156.4099578857422
mrinn,roll2,50,750,18.65916213989258,49.70076751708984,212.61447143554688,0.0,88.0859375,157.2864227294922
mrinn,roll2,51,765,18.619025421142577,49.50041580200195,212.42251586914065,0.0,88.14338235294117,154.87728881835938
mrinn,roll2,52,780,18.64731884002685,49.61869430541992,212.4842987060547,0.0,88.23529411764706,156.9135284423828
mrinn,roll2,53,795,18.64692440032959,49.64778518676758,212.4422302246093,0.0,87.99402573529412,155.80081176757812
mrinn,roll2,54,810,18.64481315612793,49.647491455078125,212.42868041992188,0.0,87.93658088235294,156.43264770507812
mrinn,roll2,55,825,18.62254562377929,49.5693244934082,212.3401641845703,0.0,87.92509191176471,155.82278442382812
mrinn,roll2,56,840,18.61810894012451,49.556148529052734,212.37319946289065,0.0,87.83318014705883,155.80181884765625
mrinn,roll2,57,855,18.615909004211424,49.53976058959961,212.4034118652344,0.0,87.890625,155.87603759765625
mrinn,roll2,58,870,18.60494537353516,49.54856872558594,212.4247589111328,0.0,88.33869485294117,157.53366088867188
mrinn,roll2,59,885,18.612104415893555,49.538818359375,212.3875274658203,0.0,88.07444852941177,155.54286193847656
mrinn,roll2,60,900,18.59186305999756,49.55396270751953,212.387924194336,0.0,87.79871323529412,155.4951171875
mrinn,roll2,61,915,18.613535499572755,49.53296661376953,212.3409576416016,0.0,88.26976102941177,156.70425415039062
mrinn,roll2,62,930,18.57115726470948,49.451271057128906,212.2786407470703,0.0,88.07444852941177,156.73391723632812
mrinn,roll2,63,945,18.581503486633306,49.45572662353516,212.20046997070312,0.0,88.03998161764706,155.5108642578125
mrinn,roll2,64,960,18.583734893798827,49.46134948730469,212.2922821044922,0.0,88.0859375,157.3604736328125
mrinn,roll2,65,975,18.58406658172608,49.37622833251953,212.23878479003903,0.0,87.93658088235294,155.61907958984375
mrinn,roll2,66,990,18.56705150604248,49.346435546875,212.3055877685547,0.0,87.74126838235294,156.75546264648438
mrinn,roll2,67,1005,18.58556880950928,49.41305541992188,212.2830505371093,0.0,87.99402573529412,156.0050506591797
mrinn,roll2,68,1020,18.5779977798462,49.43480682373047,212.37062072753903,0.0,88.14338235294117,157.6730499267578
mrinn,roll2,69,1035,18.605661582946777,49.43867492675781,212.41766357421875,0.0,88.13189338235294,157.22528076171875
mrinn,roll2,70,1050,18.58225078582764,49.4586067199707,212.45407104492188,0.0,88.0859375,157.7015838623047
mrinn,roll2,71,1065,18.596720886230468,49.52526092529297,212.47293090820312,0.0,89.09696691176471,159.88539123535156
mrinn,roll2,72,1080,18.592305374145507,49.5084342956543,212.5291748046875,0.0,88.0859375,158.46168518066406
mrinn,roll2,73,1095,18.59574966430664,49.50333404541016,212.464096069336,0.0,88.62591911764706,159.04103088378906
mrinn,roll2,74,1110,18.590833282470705,49.51514434814453,212.56138610839844,0.0,88.43060661764706,159.99935913085938
mrinn,roll2,75,1125,18.61765308380127,49.494388580322266,212.4945373535156,0.0,88.82123161764706,159.24497985839844
mrinn,roll2,76,1140,18.617286682128903,49.45407485961914,212.5688934326172,0.0,88.39613970588235,159.7135772705078
mrinn,roll2,77,1155,18.653156661987303,49.52658462524414,212.5611267089844,0.0,88.43060661764706,158.70167541503906
mrinn,roll2,78,1170,18.64916706085205,49.50883483886719,212.6368103027344,0.0,87.91360294117648,158.21615600585938
mrinn,roll2,79,1185,18.68581428527832,49.59173583984375,212.6365509033203,0.0,88.52251838235294,159.97003173828125
mrinn,roll2,80,1200,18.6650619506836,49.52461624145508,212.65435791015625,0.0,87.93658088235294,159.07723999023438
mrinn,roll2,81,1215,18.679482650756835,49.47444152832031,212.6197662353516,0.0,88.39613970588235,159.81793212890625
mrinn,roll2,82,1230,18.684524154663087,49.454383850097656,212.676025390625,0.0,87.93658088235294,160.2384033203125
mrinn,roll2,83,1245,18.701285552978515,49.472930908203125,212.5623321533203,0.0,88.82123161764706,161.41732788085938
mrinn,roll2,84,1260,18.69271011352539,49.341896057128906,212.6214294433593,0.0,88.05147058823529,160.22523498535156
mrinn,roll2,85,1275,18.67673225402832,49.29179000854492,212.5479431152344,0.0,88.75229779411765,161.25677490234375
mrinn,roll2,86,1290,18.69942569732666,49.31001663208008,212.6615600585937,0.0,88.12040441176471,160.7900390625
mrinn,roll2,87,1305,18.69388942718506,49.35714721679688,212.59288024902344,0.0,88.92463235294117,161.92724609375
mrinn,roll2,88,1320,18.72798271179199,49.37835693359375,212.71202087402344,0.0,88.00551470588235,160.8290252685547
mrinn,roll2,89,1335,18.72270374298096,49.4068717956543,212.6572723388672,0.0,89.07398897058823,163.0783233642578
mrinn,roll2,90,1350,18.77440090179444,49.54817199707031,212.8744659423828,0.0,88.45358455882352,161.84576416015625
mrinn,roll2,91,1365,18.764198875427248,49.51783752441406,212.77169799804688,0.0,88.99356617647058,163.14990234375
mrinn,roll2,92,1380,18.78983211517334,49.590431213378906,212.80470275878903,0.0,88.41911764705883,163.0201416015625
mrinn,roll2,93,1395,18.76398582458496,49.55202865600586,212.7350006103516,0.0,89.05101102941177,163.70555114746094
mrinn,roll2,94,1410,18.84758586883545,49.72433853149414,212.8801422119141,0.0,88.29273897058823,163.0607452392578
mrinn,roll2,95,1425,18.8091724395752,49.63954544067383,212.79150390625,0.0,89.08547794117648,164.1196746826172
mrinn,roll2,96,1440,18.86809749603272,49.81142425537109,212.92019653320312,0.0,88.48805147058823,163.03111267089844
mrinn,roll3,1,15,16.374654006958007,45.18281555175781,67.14898681640625,0.0,84.07496837990112,157.93948364257812
mrinn,roll3,2,30,16.463017082214357,45.28276443481445,67.47563934326172,0.0,83.8909968954812,158.49774169921875
mrinn,roll3,3,45,16.693308067321777,46.37828826904297,68.25269317626953,0.0,83.44256640220766,157.4627227783203
mrinn,roll3,4,60,16.75404167175293,46.32828903198242,68.45492553710938,0.0,83.31608600666897,158.62657165527344
mrinn,roll3,5,75,16.979649162292482,47.47506713867188,69.27967071533203,0.0,82.90215016672416,157.44686889648438
mrinn,roll3,6,90,16.9072114944458,46.92739486694336,69.00218200683594,0.0,83.0401287800391,158.4772491455078
mrinn,roll3,7,105,17.11427879333496,47.91390609741211,69.77207946777344,0.0,82.32723927791193,157.39642333984375
mrinn,roll3,8,120,17.049329376220705,47.496360778808594,69.52091217041016,0.0,82.36173393124065,157.94589233398438
mrinn,roll3,9,135,17.24328193664551,48.3647689819336,70.25239562988281,0.0,81.9362998735196,157.15994262695312
mrinn,roll3,10,150,17.10165481567383,47.63400268554688,69.64696502685547,0.0,82.31574106013568,158.17861938476562
mrinn,roll3,11,165,17.304758071899414,48.48506546020508,70.39096069335938,0.0,81.8558123490859,156.96424865722656
mrinn,roll3,12,180,17.223753356933592,48.02617263793945,70.0866470336914,0.0,81.80981947798091,157.69705200195312
mrinn,roll3,13,195,17.448118209838867,48.867557525634766,70.87220001220703,0.0,81.74083017132344,156.9706268310547
mrinn,roll3,14,210,17.31288414001465,48.243927001953125,70.37049102783203,0.0,81.59135334023226,157.5956573486328
mrinn,roll3,15,225,17.53810043334961,49.12593078613281,71.13751220703125,0.0,81.2923996780499,157.00111389160156
mrinn,roll3,16,240,17.426667404174804,48.626609802246094,70.80345916748047,0.0,81.55685868690354,157.40911865234375
mrinn,roll3,17,255,17.655990219116212,49.468482971191406,71.62025451660156,0.0,80.92445670921006,156.4880828857422
mrinn,roll3,18,270,17.47821159362793,48.73397445678711,71.00047302246094,0.0,81.74083017132344,157.83546447753906
mrinn,roll3,19,285,17.75068588256836,49.70598983764648,71.91294860839844,0.0,80.82097274922387,156.7855224609375
mrinn,roll3,20,300,17.60994071960449,49.10298156738281,71.48431396484375,0.0,81.2119121536162,157.57025146484375
mrinn,roll3,21,315,17.798985481262207,49.82247924804688,72.13168334960938,0.0,80.55651374037024,156.56512451171875
mrinn,roll3,22,330,17.674457931518553,49.31897735595703,71.64598083496094,0.0,80.77497987811888,157.2729034423828
mrinn,roll3,23,345,17.902640342712402,50.10751724243164,72.5077133178711,0.0,80.4185351270553,156.580322265625
mrinn,roll3,24,360,17.726367378234862,49.44963836669922,71.9283218383789,0.0,80.56801195814649,157.1451873779297
mrinn,roll3,25,375,17.907390785217284,50.11433029174805,72.6089096069336,0.0,80.027595722663,156.32154846191406
mrinn,roll3,26,390,17.76906394958496,49.61259078979492,72.11583709716797,0.0,80.68299413590894,157.45928955078125
mrinn,roll3,27,405,17.944096183776857,50.2636833190918,72.8379898071289,0.0,79.95860641600552,156.5537567138672
mrinn,roll3,28,420,17.78299026489258,49.67839050292969,72.22276306152344,0.0,80.78647809589513,157.37017822265625
mrinn,roll3,29,435,17.904523277282713,50.177223205566406,72.68244934082031,0.0,80.3150511670691,156.66749572753906
mrinn,roll3,30,450,17.85041751861572,49.899322509765625,72.41728210449219,0.0,80.21156720708291,157.02684020996094
mrinn,roll3,31,465,17.967429542541502,50.36368942260742,72.88333892822266,0.0,79.93560998045302,156.36288452148438
mrinn,roll3,32,480,17.814531135559083,49.79785537719727,72.29704284667969,0.0,80.28055651374038,157.05657958984375
mrinn,roll3,33,495,17.93341808319092,50.298828125,72.81999969482422,0.0,80.14257790042544,156.4737548828125
mrinn,roll3,34,510,17.828981590270995,49.87798309326172,72.4359359741211,0.0,80.25756007818788,157.0364227294922
mrinn,roll3,35,525,17.96956844329834,50.43714141845703,72.94815063476562,0.0,80.16557433597792,156.54551696777344
mrinn,roll3,36,540,17.79475326538086,49.83957290649414,72.30025482177734,0.0,80.52201908704151,157.00843811035156
mrinn,roll3,37,555,17.967051315307618,50.58101272583008,72.99176025390625,0.0,80.0045992871105,156.34339904785156
mrinn,roll3,38,570,17.81593894958496,49.98800277709961,72.54157257080078,0.0,80.51052086926526,157.1158447265625
mrinn,roll3,39,585,17.936403846740724,50.53941345214844,73.06773376464844,0.0,80.25756007818788,156.710205078125
mrinn,roll3,40,600,17.78458881378174,49.95695877075195,72.54862976074219,0.0,80.63700126480396,157.15005493164062
mrinn,roll3,41,615,17.90312328338623,50.50102233886719,73.04203796386719,0.0,80.14257790042544,156.7459259033203
mrinn,roll3,42,630,17.702091407775878,49.740081787109375,72.3763198852539,0.0,80.95895136253881,157.11392211914062
mrinn,roll3,43,645,17.828833198547365,50.25241470336914,72.81387329101562,0.0,80.63700126480396,156.7247314453125
mrinn,roll3,44,660,17.65277557373047,49.58272933959961,72.19233703613281,0.0,80.9819477980913,157.3715057373047
mrinn,roll3,45,675,17.76006031036377,50.14095687866211,72.58641815185547,0.0,80.99344601586755,156.8130645751953
mrinn,roll3,46,690,17.568645477294922,49.31949615478516,71.9093246459961,0.0,81.44187650914108,157.1571807861328
mrinn,roll3,47,705,17.70546226501465,49.95685958862305,72.3359375,0.0,80.97044958031505,156.61843872070312
mrinn,roll3,48,720,17.521653938293458,49.17289352416992,71.68409729003906,0.0,81.61434977578476,157.42013549804688
mrinn,roll3,49,735,17.66600456237793,49.89547348022461,72.20484924316406,0.0,81.33839254915488,156.85203552246094
mrinn,roll3,50,750,17.450805282592775,49.02020263671875,71.44834899902344,0.0,81.55685868690354,157.39395141601562
mrinn,roll3,51,765,17.62029113769531,49.77043914794922,72.00776672363281,0.0,80.97044958031505,156.48770141601562
mrinn,roll3,52,780,17.428295135498047,48.96067428588867,71.30830383300781,0.0,81.4188800735886,157.4340057373047
mrinn,roll3,53,795,17.593226814270018,49.75693893432617,71.95741271972656,0.0,81.47637116246982,156.93307495117188
mrinn,roll3,54,810,17.361477088928222,48.74637222290039,71.13220977783203,0.0,81.94779809129585,157.3651885986328
mrinn,roll3,55,825,17.455935859680174,49.337799072265625,71.40636444091797,0.0,82.05128205128204,156.951904296875
mrinn,roll3,56,840,17.30560646057129,48.56699752807617,70.80610656738281,0.0,81.80981947798091,157.47769165039062
mrinn,roll3,57,855,17.41987133026123,49.31193542480469,71.23279571533203,0.0,81.66034264688973,156.96224975585938
mrinn,roll3,58,870,17.198708152770998,48.22006607055664,70.42901611328125,0.0,82.15476601126825,158.05267333984375
mrinn,roll3,59,885,17.325333023071288,48.9600944519043,70.85637664794922,0.0,81.99379096240082,156.99533081054688
mrinn,roll3,60,900,17.179350090026855,48.17449951171875,70.27484130859375,0.0,82.12027135793953,157.72332763671875
mrinn,roll3,61,915,17.289184188842775,48.89065170288086,70.6474838256836,0.0,82.22375531792572,157.24630737304688
mrinn,roll3,62,930,17.092489433288574,47.87611770629883,69.90852355957031,0.0,82.53420719788433,158.379150390625
mrinn,roll3,63,945,17.240279388427734,48.71196746826172,70.45194244384766,0.0,82.07427848683454,157.01536560058594
mrinn,roll3,64,960,17.071303367614746,47.81992721557617,69.86397552490234,0.0,82.71817868230424,158.47042846679688
mrinn,roll3,65,975,17.240921401977538,48.79996871948242,70.44503021240234,0.0,82.32723927791193,157.19259643554688
mrinn,roll3,66,990,17.0668664932251,47.82124328613281,69.89628601074219,0.0,82.95964125560538,158.72586059570312
mrinn,roll3,67,1005,17.216905403137208,48.5962142944336,70.33555603027344,0.0,82.24675175347821,157.5264434814453
mrinn,roll3,68,1020,17.087376976013182,47.76482772827149,69.9622802734375,0.0,82.79866620673796,158.93357849121094
mrinn,roll3,69,1035,17.23494815826416,48.53165054321289,70.4820556640625,0.0,82.49971254455559,157.95863342285156
mrinn,roll3,70,1050,17.05389976501465,47.5805778503418,69.88865661621094,0.0,83.06312521559158,159.54367065429688
mrinn,roll3,71,1065,17.255882263183594,48.61641311645508,70.58317565917969,0.0,82.67218581119926,158.18914794921875
mrinn,roll3,72,1080,17.1017484664917,47.6994743347168,70.06771087646484,0.0,82.87915373117167,159.52584838867188
mrinn,roll3,73,1095,17.228605651855467,48.42787170410156,70.5512466430664,0.0,82.62619294009428,158.52554321289062
mrinn,roll3,74,1110,17.114579963684083,47.7955207824707,70.27304077148438,0.0,83.07462343336783,159.81179809570312
mrinn,roll3,75,1125,17.249829864501955,48.524940490722656,70.56493377685547,0.0,82.44222145567437,158.56129455566406
mrinn,roll3,76,1140,17.093505096435546,47.73357009887695,70.09691619873047,0.0,82.99413590893411,159.9633026123047
mrinn,roll3,77,1155,17.205517768859863,48.330902099609375,70.47765350341797,0.0,82.72967690008048,158.5674285888672
mrinn,roll3,78,1170,17.107476043701173,47.74419021606445,70.2318115234375,0.0,82.99413590893411,159.91334533691406
mrinn,roll3,79,1185,17.22199420928955,48.34832763671875,70.47705841064453,0.0,82.64918937564677,158.9529266357422
mrinn,roll3,80,1200,17.08653678894043,47.63824462890625,70.07845306396484,0.0,83.02863056226285,160.12010192871094
mrinn,roll3,81,1215,17.230072212219238,48.30390930175781,70.585205078125,0.0,82.64918937564677,158.84481811523438
mrinn,roll3,82,1230,17.118019676208498,47.66640472412109,70.22271728515625,0.0,82.97113947338163,160.1228485107422
mrinn,roll3,83,1245,17.230384826660156,48.36270523071289,70.57593536376953,0.0,82.85615729561918,159.12368774414062
mrinn,roll3,84,1260,17.12848949432373,47.675540924072266,70.21180725097656,0.0,82.99413590893411,160.40728759765625
mrinn,roll3,85,1275,17.321148109436034,48.64176940917969,70.9065933227539,0.0,82.58020006898931,159.0129852294922
mrinn,roll3,86,1290,17.20646743774414,47.9566535949707,70.45735931396484,0.0,82.71817868230424,160.1470489501953
mrinn,roll3,87,1305,17.35816421508789,48.80515670776367,70.92770385742188,0.0,82.56870185121306,159.2154541015625
mrinn,roll3,88,1320,17.22390670776367,48.01236343383789,70.45896911621094,0.0,82.90215016672416,160.4532928466797
mrinn,roll3,89,1335,17.392619323730468,48.8539924621582,71.09020233154297,0.0,82.41922502012187,159.24752807617188
mrinn,roll3,90,1350,17.248643684387208,48.10236358642578,70.59188079833984,0.0,82.86765551339542,160.28451538085938
mrinn,roll3,91,1365,17.464365005493164,49.153602600097656,71.35672760009766,0.0,82.22375531792572,159.23231506347656
mrinn,roll3,92,1380,17.32636413574219,48.30244445800781,70.9443588256836,0.0,82.48821432677936,160.35072326660156
mrinn,roll3,93,1395,17.535666084289552,49.32175064086914,71.67681121826172,0.0,81.94779809129585,159.24180603027344
mrinn,roll3,94,1410,17.388010025024414,48.414642333984375,71.16565704345703,0.0,82.31574106013568,160.44683837890625
mrinn,roll3,95,1425,17.62266445159912,49.58224487304688,71.99555206298828,0.0,81.75232838909969,159.1997528076172
mrinn,roll3,96,1440,17.479410552978514,48.797157287597656,71.42771911621094,0.0,82.33873749568816,160.44496154785156
mlp,roll0,1,15,24.49237327575684,64.4031753540039,327.2835388183594,0.0,79.6640037593985,157.704345703125
mlp,roll0,2,30,24.493021774292,64.15974426269531,327.3222045898437,0.0,81.43796992481202,164.00836181640625
mlp,roll0,3,45,24.620063018798827,64.62255859375,327.3640441894531,0.0,79.7109962406015,159.11170959472656
mlp,roll0,4,60,24.640124130249024,64.54606628417969,327.3503112792969,0.0,81.08552631578947,164.34437561035156
mlp,roll0,5,75,24.72518310546875,64.9815673828125,327.2873840332031,0.0,79.49953007518798,160.04049682617188
mlp,roll0,6,90,24.679431915283203,64.64035034179688,327.39080810546875,0.0,80.6390977443609,164.13926696777344
mlp,roll0,7,105,24.81299514770508,65.13800048828125,327.3518371582031,0.0,78.4656954887218,158.34693908691406
mlp,roll0,8,120,24.77538719177246,64.91975402832031,327.4261474609375,0.0,80.18092105263158,163.5673828125
mlp,roll0,9,135,24.830155181884766,65.23609161376953,327.3358764648437,0.0,78.7828947368421,158.82240295410156
mlp,roll0,10,150,24.739208602905272,64.71739196777344,327.3216247558594,0.0,80.3453947368421,164.45175170898438
mlp,roll0,11,165,24.85036849975586,65.17518615722656,327.3568420410156,0.0,78.90037593984962,159.51422119140625
mlp,roll0,12,180,24.769091796875,64.8688735961914,327.4339599609375,0.0,80.14567669172934,163.66290283203125
mlp,roll0,13,195,24.71257553100586,64.99478912353516,327.28961181640625,0.0,79.45253759398496,159.86917114257812
mlp,roll0,14,210,24.62683448791504,64.59784698486328,327.2933349609375,0.0,81.08552631578947,165.47874450683594
mlp,roll0,15,225,24.697607803344727,64.95854187011719,327.224853515625,0.0,79.67575187969925,160.3704071044922
mlp,roll0,16,240,24.66965675354004,64.60009765625,327.3089599609375,0.0,80.83881578947368,165.5290985107422
mlp,roll0,17,255,24.698449325561523,64.9034652709961,327.2162170410156,0.0,79.3937969924812,160.10995483398438
mlp,roll0,18,270,24.620001220703124,64.3575210571289,327.2464904785156,0.0,80.6156015037594,165.5498504638672
mlp,roll0,19,285,24.706716537475582,64.9775161743164,327.3084716796875,0.0,79.42904135338345,159.34523010253906
mlp,roll0,20,300,24.64658393859863,64.42020416259766,327.4091491699219,0.0,80.70958646616542,165.06399536132812
mlp,roll0,21,315,24.685352325439453,64.92509460449219,327.3829040527344,0.0,79.47603383458647,159.83482360839844
mlp,roll0,22,330,24.59699668884277,64.42821502685547,327.485107421875,0.0,80.89755639097744,164.8529815673828
mlp,roll0,23,345,24.70325927734375,65.0780029296875,327.5323791503906,0.0,79.12359022556392,159.80545043945312
mlp,roll0,24,360,24.61170234680176,64.35430145263672,327.5616760253906,0.0,80.85056390977444,166.19703674316406
mlp,roll0,25,375,24.690201187133788,64.94988250732422,327.52471923828125,0.0,79.58176691729322,160.87547302246094
mlp,roll0,26,390,24.65888023376465,64.389892578125,327.5932312011719,0.0,81.15601503759399,168.37254333496094
mlp,roll0,27,405,24.69784660339356,65.01507568359375,327.5991516113281,0.0,80.05169172932331,162.38560485839844
mlp,roll0,28,420,24.654175186157225,64.36563110351562,327.59478759765625,0.0,81.25,169.38516235351562
mlp,roll0,29,435,24.72808494567871,65.2032241821289,327.5406799316406,0.0,80.16917293233082,162.64474487304688
mlp,roll0,30,450,24.660241317749023,64.64724731445312,327.5902404785156,0.0,80.9328007518797,168.04710388183594
mlp,roll0,31,465,24.752255630493163,65.4306411743164,327.6486511230469,0.0,80.08693609022556,161.49778747558594
mlp,roll0,32,480,24.63118553161621,64.489501953125,327.572509765625,0.0,81.15601503759399,168.32296752929688
mlp,roll0,33,495,24.73789138793945,65.3283462524414,327.4927062988281,0.0,79.84022556390977,162.0185546875
mlp,roll0,34,510,24.637231826782227,64.5507583618164,327.4408569335937,0.0,81.35573308270678,168.8589324951172
mlp,roll0,35,525,24.698140335083007,65.2628173828125,327.5237121582031,0.0,79.88721804511279,161.9691619873047
mlp,roll0,36,540,24.623966217041016,64.62398529052734,327.5578918457031,0.0,81.07377819548873,167.699951171875
mlp,roll0,37,555,24.697394561767577,65.18183898925781,327.48602294921875,0.0,80.06343984962406,162.74900817871094
mlp,roll0,38,570,24.59554786682129,64.56978607177734,327.4672241210937,0.0,81.61419172932331,169.1240997314453
mlp,roll0,39,585,24.65794792175293,65.20000457763672,327.6041564941406,0.0,80.36889097744361,162.53587341308594
mlp,roll0,40,600,24.577761459350587,64.58032989501953,327.71441650390625,0.0,81.5671992481203,168.6424102783203
mlp,roll0,41,615,24.62690849304199,65.01483154296875,327.6656799316406,0.0,80.69783834586465,163.95932006835938
mlp,roll0,42,630,24.54346466064453,64.4408950805664,327.6940612792969,0.0,82.11936090225564,170.13829040527344
mlp,roll0,43,645,24.578163146972656,64.85777282714844,327.6432800292969,0.0,80.86231203007519,164.73487854003906
mlp,roll0,44,660,24.5263298034668,64.37483215332031,327.6903381347656,0.0,82.28383458646617,170.72109985351562
mlp,roll0,45,675,24.67854461669922,65.03617095947266,327.819580078125,0.0,80.6156015037594,165.1512908935547
mlp,roll0,46,690,24.61057434082032,64.63469696044922,327.7889099121094,0.0,82.2015977443609,170.829345703125
mlp,roll0,47,705,24.67811393737793,64.99800109863281,327.8306884765625,0.0,81.08552631578947,166.4787139892578
mlp,roll0,48,720,24.61360282897949,64.59530639648438,327.79638671875,0.0,82.46005639097744,171.26319885253906
mlp,roll0,49,735,24.725004196166992,65.1475601196289,327.8292541503906,0.0,80.50986842105263,166.22042846679688
mlp,roll0,50,750,24.64343910217285,64.80268096923828,327.9006042480469,0.0,82.1781015037594,171.19903564453125
mlp,roll0,51,765,24.794422912597657,65.49227905273438,327.9097595214844,0.0,80.68609022556392,166.3118896484375
mlp,roll0,52,780,24.70429992675781,65.07453918457031,327.83563232421875,0.0,82.2250939849624,171.53733825683594
mlp,roll0,53,795,24.85342788696289,65.76407623291016,327.8456115722656,0.0,80.40413533834587,166.81431579589844
mlp,roll0,54,810,24.74408798217773,65.31324768066406,327.77789306640625,0.0,82.11936090225564,171.39434814453125
mlp,roll0,55,825,24.895157241821288,65.95487213134766,327.7854919433594,0.0,80.22791353383458,166.05169677734375
mlp,roll0,56,840,24.787740325927736,65.43795776367188,327.7518310546875,0.0,81.91964285714286,171.279052734375
mlp,roll0,57,855,24.951068878173828,66.17530822753906,327.7758483886719,0.0,80.33364661654136,166.37255859375
mlp,roll0,58,870,24.81424942016601,65.62728118896484,327.7491760253906,0.0,81.9078947368421,171.44070434570312
mlp,roll0,59,885,24.969926834106445,66.35065460205078,327.74920654296875,0.0,80.19266917293233,166.67250061035156
mlp,roll0,60,900,24.85914535522461,65.85041046142578,327.7189636230469,0.0,81.9078947368421,170.68695068359375
mlp,roll0,61,915,24.942221450805665,66.3643569946289,327.7250366210937,0.0,80.11043233082707,165.5111083984375
mlp,roll0,62,930,24.79189262390137,65.67414093017578,327.67010498046875,0.0,81.67293233082707,169.92591857910156
mlp,roll0,63,945,24.9658203125,66.51091003417969,327.6990966796875,0.0,79.9577067669173,164.68643188476562
mlp,roll0,64,960,24.82037353515625,65.81266784667969,327.6975402832031,0.0,81.46146616541353,169.45822143554688
mlp,roll0,65,975,24.95701560974121,66.53373718261719,327.6960754394531,0.0,79.9577067669173,164.07630920410156
mlp,roll0,66,990,24.83057746887207,65.9480209350586,327.67559814453125,0.0,81.62593984962406,168.83607482910156
mlp,roll0,67,1005,25.0680965423584,66.98333740234375,327.8138732910156,0.0,79.42904135338345,163.2603302001953
mlp,roll0,68,1020,24.87628669738769,66.09934997558594,327.8196105957031,0.0,81.07377819548873,168.4954376220703
mlp,roll0,69,1035,25.1540096282959,67.3071517944336,327.9088439941406,0.0,79.20582706766918,162.5563201904297
mlp,roll0,70,1050,24.921391677856445,66.25416564941406,327.9092712402344,0.0,81.42622180451127,169.25856018066406
mlp,roll0,71,1065,25.320286178588866,67.7625961303711,328.0704040527344,0.0,78.05451127819549,161.47732543945312
mlp,roll0,72,1080,25.034249114990235,66.64459228515625,327.93780517578125,0.0,80.82706766917293,168.13702392578125
mlp,roll0,73,1095,25.427152633666992,68.0059585571289,328.1644287109375,0.0,77.56109022556392,161.2257080078125
mlp,roll0,74,1110,25.145322036743163,67.02528381347656,328.0171813964844,0.0,80.41588345864662,168.02687072753906
mlp,roll0,75,1125,25.593738555908203,68.47176361083984,328.29608154296875,0.0,77.18515037593986,161.21221923828125
mlp,roll0,76,1140,25.306861877441406,67.38783264160156,328.2001953125,0.0,80.05169172932331,168.00799560546875
mlp,roll0,77,1155,25.83725357055664,69.01808166503906,328.5017395019531,0.0,76.30404135338345,160.4352264404297
mlp,roll0,78,1170,25.601500701904296,68.25067901611328,328.3822937011719,0.0,79.14708646616542,166.6589813232422
mlp,roll0,79,1185,26.066878509521484,69.62350463867188,328.6847839355469,0.0,75.81062030075188,160.63531494140625
mlp,roll0,80,1200,25.7214298248291,68.62666320800781,328.5164794921875,0.0,78.67716165413535,166.32382202148438
mlp,roll0,81,1215,26.193186569213868,69.93824005126953,328.7786560058594,0.0,75.21146616541353,159.18045043945312
mlp,roll0,82,1230,25.8918815612793,69.1456069946289,328.6272888183594,0.0,77.5140977443609,164.16482543945312
mlp,roll0,83,1245,26.248266983032227,70.11175537109375,328.7663879394531,0.0,75.25845864661655,159.48956298828125
mlp,roll0,84,1260,25.722494506835936,68.86071014404297,325.6749267578125,0.0,77.70206766917293,164.40228271484375
mlp,roll0,85,1275,26.071382522583008,69.73300170898438,325.8253479003906,0.0,75.14097744360903,159.79739379882812
mlp,roll0,86,1290,25.868441009521483,69.29135131835938,325.79864501953125,0.0,77.11466165413535,163.45492553710938
mlp,roll0,87,1305,26.12144927978516,69.93022155761719,325.8863830566406,0.0,75.10573308270678,160.62290954589844
mlp,roll0,88,1320,25.917448425292967,69.52809143066406,325.88555908203125,0.0,76.89144736842105,164.5068817138672
mlp,roll0,89,1335,26.15972480773926,70.04574584960938,326.0209655761719,0.0,74.28336466165413,159.65997314453125
mlp,roll0,90,1350,26.06212959289551,69.92778015136719,326.0203552246094,0.0,75.52866541353383,162.1765899658203
mlp,roll0,91,1365,26.202480697631835,70.17835235595703,326.0116882324219,0.0,74.3890977443609,159.75233459472656
mlp,roll0,92,1380,26.14110870361328,70.11083221435547,326.0274353027344,0.0,75.48167293233082,162.11013793945312
mlp,roll0,93,1395,26.267981719970702,70.38944244384766,326.0898132324219,0.0,74.4125939849624,159.80296325683594
mlp,roll0,94,1410,26.172540283203126,70.1868896484375,326.1449890136719,0.0,75.05874060150376,161.25025939941406
mlp,roll0,95,1425,26.26424331665039,70.3764419555664,326.1927490234375,0.0,74.24812030075188,160.03912353515625
mlp,roll0,96,1440,26.23774299621582,70.31209564208984,326.3794250488281,0.0,75.19971804511279,162.1171417236328
mlp,roll1,1,15,41.28182144165039,95.94017791748048,670.8062744140625,0.0,80.4135687732342,154.04275512695312
mlp,roll1,2,30,41.35336151123047,96.28781127929688,670.9310913085938,0.0,81.45910780669145,158.6886444091797
mlp,roll1,3,45,41.312487030029295,96.2070770263672,670.958251953125,0.0,80.20446096654274,153.30870056152344
mlp,roll1,4,60,41.40658416748047,96.50066375732422,671.0326538085938,0.0,81.31970260223048,157.76986694335938
mlp,roll1,5,75,41.446459197998045,96.64958190917967,671.31884765625,0.0,79.93726765799256,152.76707458496094
mlp,roll1,6,90,41.44732360839844,96.67420959472656,671.2267456054688,0.0,81.22676579925651,158.17294311523438
mlp,roll1,7,105,41.45161743164063,96.72633361816406,671.3604125976562,0.0,80.06505576208178,152.57571411132812
mlp,roll1,8,120,41.51733932495117,96.96136474609376,671.3216552734375,0.0,81.13382899628253,156.89817810058594
mlp,roll1,9,135,41.53635559082032,97.0303726196289,671.52734375,0.0,79.98373605947955,151.78213500976562
mlp,roll1,10,150,41.54334564208985,97.0507354736328,671.4638671875,0.0,81.0292750929368,156.9355926513672
mlp,roll1,11,165,41.54098892211914,97.14094543457033,671.5914306640625,0.0,79.92565055762083,151.63938903808594
mlp,roll1,12,180,41.58986053466797,97.31371307373048,671.423095703125,0.0,80.92472118959108,156.15823364257812
mlp,roll1,13,195,41.5743278503418,97.28453063964844,671.5846557617188,0.0,79.62360594795538,150.79119873046875
mlp,roll1,14,210,41.64477233886719,97.53912353515624,671.4291381835938,0.0,80.76208178438662,156.17526245117188
mlp,roll1,15,225,41.62034683227539,97.49091339111328,671.470458984375,0.0,79.49581784386616,150.74244689941406
mlp,roll1,16,240,41.67767791748047,97.80500793457033,671.322998046875,0.0,80.85501858736059,155.4951171875
mlp,roll1,17,255,41.6629997253418,97.7198715209961,671.3974609375,0.0,79.50743494423791,150.01580810546875
mlp,roll1,18,270,41.71282806396484,97.88722229003906,671.3179321289062,0.0,80.79693308550185,155.71951293945312
mlp,roll1,19,285,41.72676773071289,97.86769104003906,671.5341796875,0.0,79.24024163568774,150.11593627929688
mlp,roll1,20,300,41.74952850341797,98.10043334960938,671.3353881835938,0.0,80.75046468401487,155.0030517578125
mlp,roll1,21,315,41.73971176147461,98.0482406616211,671.4390258789062,0.0,78.9846654275093,149.36912536621094
mlp,roll1,22,330,41.81553726196289,98.40023040771484,671.340087890625,0.0,80.52973977695167,154.36643981933594
mlp,roll1,23,345,41.77727737426758,98.21289825439452,671.40771484375,0.0,79.3331784386617,149.16502380371094
mlp,roll1,24,360,41.83182144165039,98.50653839111328,671.3472900390625,0.0,80.44842007434944,154.36846923828125
mlp,roll1,25,375,41.833333587646486,98.433349609375,671.4638671875,0.0,78.93819702602231,149.09423828125
mlp,roll1,26,390,41.85166473388672,98.57532501220705,671.4215087890625,0.0,80.48327137546468,155.482177734375
mlp,roll1,27,405,41.83898086547852,98.52771759033205,671.4896850585938,0.0,79.24024163568774,149.689697265625
mlp,roll1,28,420,41.83034057617188,98.61082458496094,671.3958740234375,0.0,80.42518587360595,155.13536071777344
mlp,roll1,29,435,41.785240936279294,98.38982391357422,671.4757080078125,0.0,79.06598513011153,149.2993621826172
mlp,roll1,30,450,41.90030288696289,98.86203002929688,671.4480590820312,0.0,80.62267657992564,155.43173217773438
mlp,roll1,31,465,41.913265991210935,98.97195434570312,671.514404296875,0.0,78.84526022304833,148.6608428955078
mlp,roll1,32,480,41.88822937011719,98.85121154785156,671.38671875,0.0,80.68076208178438,155.404296875
mlp,roll1,33,495,41.88370361328125,98.78782653808594,671.4005737304688,0.0,78.9614312267658,148.72328186035156
mlp,roll1,34,510,41.9245002746582,98.91764831542967,671.4662475585938,0.0,80.49488847583643,155.27102661132812
mlp,roll1,35,525,41.924635314941405,98.922607421875,671.4172973632812,0.0,78.78717472118959,148.88121032714844
mlp,roll1,36,540,41.96544342041015,99.08502197265624,671.4085083007812,0.0,80.47165427509294,154.59878540039062
mlp,roll1,37,555,41.9217170715332,98.8523941040039,671.3484497070312,0.0,79.03113382899627,149.48902893066406
mlp,roll1,38,570,42.00325698852539,99.07459259033205,671.3699951171875,0.0,80.50650557620817,155.80889892578125
mlp,roll1,39,585,41.9736328125,98.97127532958984,671.4625854492188,0.0,78.84526022304833,149.67787170410156
mlp,roll1,40,600,42.02563552856445,99.1716766357422,671.484130859375,0.0,80.32063197026022,155.57943725585938
mlp,roll1,41,615,41.97606658935547,98.85066223144533,671.4606323242188,0.0,78.7639405204461,150.4351806640625
mlp,roll1,42,630,42.060244750976565,99.18344116210938,671.5292358398438,0.0,80.06505576208178,156.0237274169922
mlp,roll1,43,645,42.02356796264648,98.96444702148438,671.3529663085938,0.0,78.69423791821562,150.69265747070312
mlp,roll1,44,660,42.03457870483398,99.07440185546876,671.3161010742188,0.0,80.49488847583643,156.54403686523438
mlp,roll1,45,675,42.00528335571289,98.8606948852539,671.4151000976562,0.0,78.82202602230484,151.48236083984375
mlp,roll1,46,690,42.09225006103516,99.23384857177734,671.4806518554688,0.0,80.27416356877323,156.8343505859375
mlp,roll1,47,705,41.989400482177736,98.72331237792967,671.3920288085938,0.0,78.82202602230484,151.96441650390625
mlp,roll1,48,720,42.04724197387695,99.03355407714844,671.4615478515625,0.0,80.26254646840148,156.99110412597656
mlp,roll1,49,735,42.22102508544922,99.16551208496094,672.7976684570312,0.0,78.68262081784387,152.68807983398438
mlp,roll1,50,750,42.277093505859376,99.4541244506836,672.8391723632812,0.0,80.239312267658,157.76776123046875
mlp,roll1,51,765,42.225244140625,99.11024475097656,672.9195556640625,0.0,78.99628252788105,153.03860473632812
mlp,roll1,52,780,42.22796173095704,99.23111724853516,672.9105834960938,0.0,80.27416356877323,158.07652282714844
mlp,roll1,53,795,42.21324768066406,99.01367950439452,672.9144897460938,0.0,78.9149628252788,153.5730438232422
mlp,roll1,54,810,42.21294174194336,99.22154998779295,672.87353515625,0.0,80.55297397769516,158.5518341064453
mlp,roll1,55,825,42.14924774169922,98.88005065917967,672.7931518554688,0.0,79.01951672862454,154.19154357910156
mlp,roll1,56,840,42.17318344116211,99.13277435302734,672.8814697265625,0.0,80.48327137546468,159.03355407714844
mlp,roll1,57,855,42.22097244262695,99.02468872070312,672.805908203125,0.0,78.84526022304833,154.0685577392578
mlp,roll1,58,870,42.17441711425781,99.20526123046876,672.7733764648438,0.0,80.65752788104089,158.97378540039062
mlp,roll1,59,885,42.169012451171874,99.02247619628906,672.6962280273438,0.0,79.01951672862454,154.57235717773438
mlp,roll1,60,900,42.14068908691407,99.134521484375,672.917236328125,0.0,80.87825278810409,159.21900939941406
mlp,roll1,61,915,42.19548721313477,99.068115234375,672.7044067382812,0.0,78.9614312267658,154.8296661376953
mlp,roll1,62,930,42.12482681274414,99.06289672851562,672.7305908203125,0.0,81.01765799256505,159.4607696533203
mlp,roll1,63,945,42.17294692993164,99.00218963623048,672.759521484375,0.0,78.97304832713755,155.05722045898438
mlp,roll1,64,960,42.09555206298828,98.92235565185548,672.7099609375,0.0,80.42518587360595,158.9970245361328
mlp,roll1,65,975,42.18412246704101,98.9544677734375,672.69677734375,0.0,78.88011152416357,155.57986450195312
mlp,roll1,66,990,42.09887847900391,98.92242431640624,672.729248046875,0.0,80.50650557620817,159.3096160888672
mlp,roll1,67,1005,42.19841613769531,98.88330841064452,672.7517700195312,0.0,78.97304832713755,156.33941650390625
mlp,roll1,68,1020,42.0982421875,98.7939224243164,672.8399047851562,0.0,80.57620817843866,159.4940948486328
mlp,roll1,69,1035,42.2594352722168,98.9619598388672,672.83203125,0.0,78.64776951672863,156.7702178955078
mlp,roll1,70,1050,42.07550811767578,98.74940490722656,672.825439453125,0.0,81.23838289962825,159.99090576171875
mlp,roll1,71,1065,42.28263854980469,98.99480438232422,672.8665161132812,0.0,78.60130111524164,157.5247802734375
mlp,roll1,72,1080,42.16609420776367,98.92865753173828,672.9105834960938,0.0,80.20446096654274,159.86813354492188
mlp,roll1,73,1095,42.36644515991211,99.14045715332033,672.9130859375,0.0,78.25278810408922,157.15232849121094
mlp,roll1,74,1110,42.26378631591797,99.02997589111328,672.973388671875,0.0,80.36710037174721,160.1980438232422
mlp,roll1,75,1125,42.52738800048828,99.42560577392578,673.0596923828125,0.0,77.84618959107806,157.35816955566406
mlp,roll1,76,1140,42.40614242553711,99.3303680419922,673.0914916992188,0.0,79.87918215613384,160.402587890625
mlp,roll1,77,1155,42.56187438964844,99.44538879394533,673.1131591796875,0.0,77.61384758364312,156.7984619140625
mlp,roll1,78,1170,42.45104598999024,99.30261993408205,673.0921630859375,0.0,79.47258364312268,159.82406616210938
mlp,roll1,79,1185,42.64526443481445,99.65480041503906,673.1832885742188,0.0,77.41635687732342,157.02755737304688
mlp,roll1,80,1200,42.56530838012695,99.6122055053711,673.2755126953125,0.0,79.182156133829,160.3727569580078
mlp,roll1,81,1215,42.611328125,99.53627014160156,673.2710571289062,0.0,77.2653345724907,156.87464904785156
mlp,roll1,82,1230,42.518184661865234,99.39883422851562,673.2919921875,0.0,78.94981412639405,160.0400848388672
mlp,roll1,83,1245,42.60491561889648,99.51239776611328,673.2601318359375,0.0,77.07946096654274,156.3086395263672
mlp,roll1,84,1260,42.55606384277344,99.52845001220705,673.226806640625,0.0,78.7639405204461,160.2288055419922
mlp,roll1,85,1275,42.54562835693359,99.39997100830078,673.25244140625,0.0,77.75325278810409,156.22885131835938
mlp,roll1,86,1290,42.53406753540039,99.49108123779295,673.2147827148438,0.0,78.99628252788105,159.64581298828125
mlp,roll1,87,1305,42.56083374023437,99.58482360839844,673.2108764648438,0.0,77.78810408921933,155.36492919921875
mlp,roll1,88,1320,42.538744354248045,99.68071746826172,673.32275390625,0.0,79.14730483271374,159.4884796142578
mlp,roll1,89,1335,42.47481231689453,99.49207305908205,673.2864990234375,0.0,77.82295539033457,154.84066772460938
mlp,roll1,90,1350,42.43844451904297,99.43024444580078,673.2864990234375,0.0,79.58875464684016,158.9459228515625
mlp,roll1,91,1365,42.43202590942383,99.39070129394533,673.1983032226562,0.0,77.99721189591078,153.84251403808594
mlp,roll1,92,1380,42.440191650390624,99.45026397705078,673.2327270507812,0.0,79.25185873605948,158.2294921875
mlp,roll1,93,1395,42.45517272949219,99.5137176513672,673.1993408203125,0.0,77.74163568773234,153.24093627929688
mlp,roll1,94,1410,42.491851043701175,99.76643371582033,673.1566162109375,0.0,79.04275092936803,157.2918243408203
mlp,roll1,95,1425,42.47904739379883,99.76887512207033,673.153564453125,0.0,77.78810408921933,151.63653564453125
mlp,roll1,96,1440,42.51753692626953,99.84823608398438,673.2282104492188,0.0,78.84526022304833,156.75076293945312
mlp,roll2,1,15,18.361729049682616,48.70732879638672,212.2452850341797,0.0,86.58088235294117,149.0608367919922
mlp,roll2,2,30,18.47799911499024,48.79460144042969,212.271713256836,0.0,87.28170955882352,153.5718231201172
mlp,roll2,3,45,18.52876262664795,49.27067184448242,212.25466918945312,0.0,86.21323529411765,150.0980224609375
mlp,roll2,4,60,18.61683387756348,49.1020622253418,212.2824249267578,0.0,87.08639705882352,154.38841247558594
mlp,roll2,5,75,18.659756660461422,49.66529083251953,212.6113739013672,0.0,86.37408088235294,150.52493286132812
mlp,roll2,6,90,18.689750480651856,49.43675994873047,212.58175659179688,0.0,87.13235294117648,154.3641357421875
mlp,roll2,7,105,18.709017944335937,49.85667419433594,212.57017517089844,0.0,86.53492647058823,150.8909149169922
mlp,roll2,8,120,18.73719997406005,49.61591339111328,212.46592712402344,0.0,86.99448529411765,154.3013916015625
mlp,roll2,9,135,18.728314781188963,49.930809020996094,212.49758911132807,0.0,86.45450367647058,150.851318359375
mlp,roll2,10,150,18.741258811950683,49.6489486694336,212.71665954589844,0.0,87.18979779411765,154.52418518066406
mlp,roll2,11,165,18.709089279174805,49.89865112304688,212.80645751953125,0.0,86.58088235294117,150.8386688232422
mlp,roll2,12,180,18.75009422302246,49.70538711547852,212.83419799804688,0.0,87.32766544117648,154.46080017089844
mlp,roll2,13,195,18.747432899475097,49.95064163208008,212.8775329589844,0.0,86.19025735294117,150.7452392578125
mlp,roll2,14,210,18.80439910888672,49.935638427734375,212.89498901367188,0.0,86.79917279411765,154.29168701171875
mlp,roll2,15,225,18.766211128234865,50.00682067871094,212.9340362548828,0.0,86.22472426470588,150.5736846923828
mlp,roll2,16,240,18.810637092590333,49.95513153076172,212.9349060058593,0.0,86.98299632352942,154.6203155517578
mlp,roll2,17,255,18.74659671783447,49.9966926574707,212.8129425048828,0.0,86.16727941176471,151.0175323486328
mlp,roll2,18,270,18.809660530090333,49.970645904541016,213.00778198242188,0.0,86.92555147058823,155.03524780273438
mlp,roll2,19,285,18.74275245666504,49.98635482788086,213.0325927734375,0.0,86.14430147058823,151.27403259277344
mlp,roll2,20,300,18.843151092529297,50.07144927978516,213.14566040039065,0.0,87.04044117647058,155.75396728515625
mlp,roll2,21,315,18.74728736877441,49.94301986694336,212.94000244140625,0.0,86.28216911764706,151.77976989746094
mlp,roll2,22,330,18.857146072387696,50.10592651367188,213.0321502685547,0.0,86.68428308823529,155.3297119140625
mlp,roll2,23,345,18.741165351867675,50.01290893554688,212.9416961669922,0.0,86.09834558823529,151.5009307861328
mlp,roll2,24,360,18.84511318206787,50.14592361450195,212.8246612548828,0.0,87.31617647058823,155.89007568359375
mlp,roll2,25,375,18.73048152923584,49.89805603027344,212.7098693847656,0.0,86.38556985294117,151.6707763671875
mlp,roll2,26,390,18.911487007141112,50.31807708740234,212.9436492919922,0.0,87.01746323529412,156.58668518066406
mlp,roll2,27,405,18.7587947845459,50.10114288330078,212.81036376953125,0.0,86.54641544117648,151.49224853515625
mlp,roll2,28,420,18.912203788757324,50.3043327331543,213.01914978027344,0.0,87.16681985294117,156.39706420898438
mlp,roll2,29,435,18.772278594970704,49.997955322265625,212.8858795166016,0.0,86.22472426470588,151.95077514648438
mlp,roll2,30,450,18.940705680847167,50.37960052490234,213.0316162109375,0.0,86.81066176470588,156.51222229003906
mlp,roll2,31,465,18.79580898284912,50.17770385742188,212.952865600586,0.0,86.24770220588235,151.6936492919922
mlp,roll2,32,480,18.9660062789917,50.45148849487305,213.0168609619141,0.0,87.02895220588235,156.7781982421875
mlp,roll2,33,495,18.81231288909912,50.12723159790039,212.9930114746093,0.0,86.37408088235294,151.93194580078125
mlp,roll2,34,510,18.99774074554444,50.49259948730469,213.16653442382807,0.0,87.06341911764706,156.9709930419922
mlp,roll2,35,525,18.842837524414065,50.16106414794922,212.99713134765625,0.0,86.37408088235294,152.2872314453125
mlp,roll2,36,540,18.980980491638185,50.40976333618164,213.249740600586,0.0,87.24724264705883,157.0199432373047
mlp,roll2,37,555,18.79626884460449,50.03998947143555,213.18212890625,0.0,86.37408088235294,152.5499267578125
mlp,roll2,38,570,18.96046676635742,50.39162826538086,213.3715667724609,0.0,87.14384191176471,156.90130615234375
mlp,roll2,39,585,18.833849906921387,50.16587066650391,213.15304565429688,0.0,86.66130514705883,152.54251098632812
mlp,roll2,40,600,18.936099815368653,50.341064453125,213.26272583007807,0.0,87.36213235294117,156.81878662109375
mlp,roll2,41,615,18.774337768554688,50.01984024047852,213.0994415283203,0.0,86.58088235294117,152.6873779296875
mlp,roll2,42,630,18.904323387146,50.256446838378906,213.2002868652344,0.0,87.09788602941177,156.4977569580078
mlp,roll2,43,645,18.79410514831543,50.04981994628906,213.0179748535156,0.0,86.20174632352942,152.61203002929688
mlp,roll2,44,660,18.89059200286865,50.19168472290039,213.1385192871093,0.0,87.21277573529412,156.7412872314453
mlp,roll2,45,675,18.765549087524413,49.94298553466797,212.9522857666016,0.0,86.33961397058823,152.72738647460938
mlp,roll2,46,690,18.8567569732666,50.15989685058594,213.04087829589844,0.0,86.96001838235294,156.13919067382812
mlp,roll2,47,705,18.779160690307616,50.08979034423828,212.94927978515625,0.0,86.37408088235294,152.01870727539062
mlp,roll2,48,720,18.858284759521485,50.1196174621582,213.0142974853516,0.0,86.82215073529412,155.9769744873047
mlp,roll2,49,735,18.79728507995605,50.1199951171875,213.0087432861328,0.0,86.05238970588235,151.99240112304688
mlp,roll2,50,750,18.849323081970216,50.158424377441406,213.0094146728516,0.0,86.61534926470588,155.3557586669922
mlp,roll2,51,765,18.76535835266113,50.0453987121582,212.9516448974609,0.0,85.91452205882352,151.65667724609375
mlp,roll2,52,780,18.814940452575684,50.08314895629883,212.94204711914065,0.0,86.74172794117648,154.8301544189453
mlp,roll2,53,795,18.79778118133545,50.226348876953125,212.98585510253903,0.0,85.91452205882352,151.0546112060547
mlp,roll2,54,810,18.827776527404787,50.15493774414063,213.0284423828125,0.0,86.71875,154.1405029296875
mlp,roll2,55,825,18.784588432312013,50.24260711669922,213.00503540039065,0.0,85.7421875,150.78578186035156
mlp,roll2,56,840,18.82484798431397,50.1461296081543,212.97544860839844,0.0,86.38556985294117,153.52615356445312
mlp,roll2,57,855,18.77433223724365,50.18930816650391,212.9168395996093,0.0,85.58134191176471,149.7176055908203
mlp,roll2,58,870,18.80106830596924,50.06949996948242,212.9321746826172,0.0,85.97196691176471,152.78195190429688
mlp,roll2,59,885,18.785609245300293,50.24986267089844,212.943588256836,0.0,85.32858455882352,149.3674774169922
mlp,roll2,60,900,18.818331718444824,50.21996307373047,212.9895782470703,0.0,86.15579044117648,152.52493286132812
mlp,roll2,61,915,18.8281982421875,50.48074722290039,212.9696807861328,0.0,84.73115808823529,148.75018310546875
mlp,roll2,62,930,18.851701545715333,50.43732452392578,213.0756683349609,0.0,86.02941176470588,152.56478881835938
mlp,roll2,63,945,18.84306869506836,50.542911529541016,213.05929565429688,0.0,84.43244485294117,148.1767120361328
mlp,roll2,64,960,18.8765510559082,50.486961364746094,213.1685485839844,0.0,85.47794117647058,152.0381622314453
mlp,roll2,65,975,18.854298210144044,50.55437088012695,213.05105590820312,0.0,84.46691176470588,147.89871215820312
mlp,roll2,66,990,18.869483947753903,50.529327392578125,213.1044769287109,0.0,85.50091911764706,152.0480499267578
mlp,roll2,67,1005,18.86456680297852,50.7690315246582,213.0476989746093,0.0,84.05330882352942,147.22784423828125
mlp,roll2,68,1020,18.890065956115723,50.60535430908203,213.23208618164065,0.0,85.27113970588235,151.64527893066406
mlp,roll2,69,1035,18.84641761779785,50.75633239746094,213.1205139160156,0.0,84.27159926470588,146.91441345214844
mlp,roll2,70,1050,18.887008476257325,50.720794677734375,213.20640563964844,0.0,85.53538602941177,151.60125732421875
mlp,roll2,71,1065,18.86899375915528,50.94141387939453,213.2110137939453,0.0,83.61672794117648,145.6201934814453
mlp,roll2,72,1080,18.89242286682129,50.78683853149414,213.3119659423828,0.0,85.29411764705883,151.0157470703125
mlp,roll2,73,1095,18.854249572753908,50.916500091552734,213.2893218994141,0.0,83.59375,145.681396484375
mlp,roll2,74,1110,18.887006950378417,50.75115966796875,213.29591369628903,0.0,85.39751838235294,151.25704956054688
mlp,roll2,75,1125,18.83299369812012,50.89191055297852,213.20901489257807,0.0,83.55928308823529,144.88475036621094
mlp,roll2,76,1140,18.873266792297365,50.65869522094727,213.11398315429688,0.0,85.31709558823529,151.19314575195312
mlp,roll2,77,1155,18.80263175964356,50.74612808227539,213.0152282714844,0.0,83.88097426470588,144.7512969970703
mlp,roll2,78,1170,18.88624286651612,50.7261962890625,213.25721740722656,0.0,85.20220588235294,149.82113647460938
mlp,roll2,79,1185,18.812268447875976,50.82686614990234,213.2335357666016,0.0,84.06479779411765,144.5484161376953
mlp,roll2,80,1200,18.899416732788087,50.71833038330078,213.3998565673828,0.0,85.21369485294117,150.43402099609375
mlp,roll2,81,1215,18.802892684936523,50.621978759765625,213.15499877929688,0.0,84.30606617647058,145.37594604492188
mlp,roll2,82,1230,18.897998046875,50.56605529785156,213.3838653564453,0.0,85.16773897058823,150.0406494140625
mlp,roll2,83,1245,18.789725303649902,50.47574996948242,213.1470642089844,0.0,84.48988970588235,145.57969665527344
mlp,roll2,84,1260,18.86509685516357,50.45401382446289,213.24966430664065,0.0,85.47794117647058,150.78985595703125
mlp,roll2,85,1275,18.763030433654784,50.461055755615234,212.9202880859375,0.0,84.77711397058823,146.49278259277344
mlp,roll2,86,1290,18.833796119689943,50.449161529541016,213.1377410888672,0.0,85.37454044117648,149.47354125976562
mlp,roll2,87,1305,18.75287456512451,50.36137008666992,212.81320190429688,0.0,84.82306985294117,146.4332275390625
mlp,roll2,88,1320,18.812657165527344,50.40449523925781,213.1648864746093,0.0,85.55836397058823,150.41270446777344
mlp,roll2,89,1335,18.75447120666504,50.483009338378906,213.1045684814453,0.0,85.01838235294117,146.87442016601562
mlp,roll2,90,1350,18.806083106994627,50.46039962768555,213.07595825195312,0.0,85.62729779411765,149.8208465576172
mlp,roll2,91,1365,18.750045013427734,50.53107833862305,212.8360290527344,0.0,85.01838235294117,146.98141479492188
mlp,roll2,92,1380,18.81730670928955,50.55200958251953,212.9296875,0.0,85.82261029411765,149.9931182861328
mlp,roll2,93,1395,18.76628074645996,50.638275146484375,212.8359222412109,0.0,85.21369485294117,147.3128662109375
mlp,roll2,94,1410,18.80918979644776,50.54574203491211,212.9519958496093,0.0,85.65027573529412,150.06634521484375
mlp,roll2,95,1425,18.749477005004884,50.50454711914063,212.80943298339844,0.0,84.98391544117648,147.80117797851562
mlp,roll2,96,1440,18.823696899414063,50.51400375366211,212.80596923828125,0.0,85.53538602941177,150.6702423095703
mlp,roll3,1,15,17.14060230255127,48.12808609008789,68.51546478271484,0.0,80.24606186041163,152.12844848632812
mlp,roll3,2,30,16.72172737121582,46.55256652832031,67.50082397460938,0.0,83.07462343336783,156.03271484375
mlp,roll3,3,45,17.216960906982422,48.39870834350586,68.69190979003906,0.0,79.8781188915718,150.91159057617188
mlp,roll3,4,60,16.951586723327637,47.56782913208008,68.24939727783203,0.0,82.44222145567437,154.77462768554688
mlp,roll3,5,75,17.349163055419922,48.86446762084961,69.21311950683594,0.0,79.17672760722087,150.43421936035156
mlp,roll3,6,90,16.96437225341797,47.58794784545898,68.3127670288086,0.0,82.43072323789814,154.9195098876953
mlp,roll3,7,105,17.35627212524414,48.79323196411133,69.22441864013672,0.0,79.47568126940324,150.35220336914062
mlp,roll3,8,120,16.9990083694458,47.69695281982422,68.56549072265625,0.0,82.12027135793953,154.01126098632812
mlp,roll3,9,135,17.433263778686523,49.086517333984375,69.58917999267578,0.0,78.7972864206048,149.52076721191406
mlp,roll3,10,150,17.074063301086426,47.95053482055664,68.79008483886719,0.0,81.86731056686214,153.8841552734375
mlp,roll3,11,165,17.39869079589844,48.93621444702149,69.5422592163086,0.0,79.01575255835346,149.8324737548828
mlp,roll3,12,180,17.1897912979126,48.39068984985352,69.30562591552734,0.0,81.36138898470738,152.52859497070312
mlp,roll3,13,195,17.650533866882324,49.716552734375,70.32857513427734,0.0,78.06140048292515,148.6831512451172
mlp,roll3,14,210,17.209770965576173,48.37870407104492,69.3917007446289,0.0,81.13142462918248,152.40771484375
mlp,roll3,15,225,17.7091365814209,49.88615036010742,70.48929595947266,0.0,78.13038978958261,149.08511352539062
mlp,roll3,16,240,17.34203510284424,48.7828369140625,69.81642150878906,0.0,80.65999770035644,151.472900390625
mlp,roll3,17,255,17.729924392700195,49.84717559814453,70.68366241455078,0.0,77.69345751408532,148.6800994873047
mlp,roll3,18,270,17.443578147888182,49.05257797241211,70.07987213134766,0.0,80.01609750488674,151.5144805908203
mlp,roll3,19,285,17.811885261535643,50.10660934448242,70.89105987548828,0.0,77.52098424744165,149.28155517578125
mlp,roll3,20,300,17.49240322113037,49.20750427246094,70.26589965820312,0.0,79.8781188915718,150.90943908691406
mlp,roll3,21,315,17.864285469055176,50.27188873291016,71.12110900878906,0.0,77.65896286075659,148.87969970703125
mlp,roll3,22,330,17.526133918762206,49.28943634033203,70.47605895996094,0.0,79.49867770495574,150.26222229003906
mlp,roll3,23,345,17.94787883758545,50.530704498291016,71.39149475097656,0.0,77.57847533632287,149.0782012939453
mlp,roll3,24,360,17.573790740966796,49.39316177368164,70.63520050048828,0.0,79.37219730941703,150.1817626953125
mlp,roll3,25,375,18.034478187561035,50.75212097167969,71.7071533203125,0.0,77.22203058525928,148.8393096923828
mlp,roll3,26,390,17.66606197357178,49.67771530151367,70.94361877441406,0.0,79.11923651833965,150.7730255126953
mlp,roll3,27,405,18.05561752319336,50.82521438598633,71.82991027832031,0.0,77.21053236748304,149.47598266601562
mlp,roll3,28,420,17.689760398864745,49.792091369628906,71.00106048583984,0.0,78.99275612280097,150.2803497314453
mlp,roll3,29,435,18.11790771484375,51.06723403930664,71.97493743896484,0.0,77.10704840749683,149.5464324951172
mlp,roll3,30,450,17.716354179382325,49.808231353759766,71.22467041015625,0.0,78.78578820282857,149.91258239746094
mlp,roll3,31,465,18.14583110809326,51.11930847167969,72.17424774169922,0.0,76.80809474531448,148.77049255371094
mlp,roll3,32,480,17.695559310913087,49.778900146484375,71.13040924072266,0.0,78.7167988961711,150.31063842773438
mlp,roll3,33,495,18.19179515838623,51.274295806884766,72.22801208496094,0.0,76.40565712314591,148.7141571044922
mlp,roll3,34,510,17.696506690979003,49.77918243408203,71.05083465576172,0.0,78.67080602506611,150.34591674804688
mlp,roll3,35,525,18.245195960998537,51.44010925292969,72.34114837646484,0.0,76.44015177647465,148.52484130859375
mlp,roll3,36,540,17.743828773498535,49.99699020385742,71.28816223144531,0.0,78.63631137173738,149.8070068359375
mlp,roll3,37,555,18.104522895812988,51.03499221801758,72.02436828613281,0.0,77.0725537541681,148.9724578857422
mlp,roll3,38,570,17.72839946746826,49.923736572265625,71.2528076171875,0.0,78.7972864206048,150.5543975830078
mlp,roll3,39,585,18.25876693725586,51.47321701049805,72.52339935302734,0.0,76.19868920317352,148.35610961914062
mlp,roll3,40,600,17.788289070129395,50.1378059387207,71.6356201171875,0.0,78.75129354949982,150.35284423828125
mlp,roll3,41,615,18.194614601135253,51.28829956054688,72.39827728271484,0.0,76.61262504311833,148.46865844726562
mlp,roll3,42,630,17.759033012390137,50.061031341552734,71.42261505126953,0.0,78.7972864206048,150.50926208496094
mlp,roll3,43,645,18.277258491516115,51.51841354370117,72.56390380859375,0.0,75.81924801655744,147.49501037597656
mlp,roll3,44,660,17.766859436035155,50.03426742553711,71.27851867675781,0.0,78.76279176727607,150.59521484375
mlp,roll3,45,675,18.160341453552245,51.11803436279297,72.04996490478516,0.0,76.17569276762102,147.87493896484375
mlp,roll3,46,690,17.709460830688478,49.82433319091797,71.19756317138672,0.0,78.86627572726226,150.33604431152344
mlp,roll3,47,705,18.097690391540528,50.96319961547852,72.0086898803711,0.0,76.15269633206853,147.6361083984375
mlp,roll3,48,720,17.695421409606933,49.84049224853516,71.33112335205078,0.0,78.63631137173738,150.3588104248047
mlp,roll3,49,735,18.053780174255373,50.80674362182617,71.73123168945312,0.0,76.38266068759341,147.78329467773438
mlp,roll3,50,750,17.619367790222167,49.53808975219727,70.96739959716797,0.0,78.9237668161435,150.58837890625
mlp,roll3,51,765,18.024015808105467,50.71015548706055,71.6603012084961,0.0,76.10670346096356,147.16184997558594
mlp,roll3,52,780,17.65007438659668,49.73013687133789,70.91452026367188,0.0,78.86627572726226,150.01251220703125
mlp,roll3,53,795,18.15065288543701,51.1776123046875,71.81401062011719,0.0,75.15235138553524,146.53892517089844
mlp,roll3,54,810,17.56173915863037,49.39669799804688,70.60526275634766,0.0,78.87777394503853,150.18092346191406
mlp,roll3,55,825,18.034885597229003,50.81975936889648,71.41939544677734,0.0,75.7617569276762,147.19503784179688
mlp,roll3,56,840,17.546697998046874,49.33074188232422,70.43988800048828,0.0,78.60181671840864,150.48036193847656
mlp,roll3,57,855,18.062834358215333,50.9495849609375,71.36585998535156,0.0,75.43980682994136,146.7870330810547
mlp,roll3,58,870,17.543194389343263,49.42307662963867,70.33399963378906,0.0,78.37185236288376,149.785888671875
mlp,roll3,59,885,17.985492706298828,50.7564582824707,71.10785675048828,0.0,75.58928366103254,146.91632080078125
mlp,roll3,60,900,17.46751136779785,49.1253776550293,70.0235595703125,0.0,78.47533632286996,149.884033203125
mlp,roll3,61,915,18.013816833496094,50.81116485595703,71.0732650756836,0.0,75.32482465217892,147.1050262451172
mlp,roll3,62,930,17.454996490478514,49.03681564331055,69.84855651855469,0.0,78.19937909624008,150.3928680419922
mlp,roll3,63,945,17.94391212463379,50.5852165222168,70.77469635009766,0.0,75.43980682994136,147.24884033203125
mlp,roll3,64,960,17.471744537353516,49.12812423706055,69.8205795288086,0.0,77.8429343451765,149.21771240234375
mlp,roll3,65,975,17.942255973815918,50.61708450317383,70.69210052490234,0.0,75.30182821662642,147.72735595703125
mlp,roll3,66,990,17.502688598632812,49.23897552490234,69.90422821044922,0.0,77.68195929630906,149.3097381591797
mlp,roll3,67,1005,18.11081295013428,51.13201141357422,71.24993133544922,0.0,75.12935494998275,147.33676147460938
mlp,roll3,68,1020,17.562587356567384,49.350921630859375,70.15242767333984,0.0,77.31401632746923,148.80470275878906
mlp,roll3,69,1035,18.16570720672608,51.22018051147461,71.44544219970703,0.0,74.88789237668162,147.65887451171875
mlp,roll3,70,1050,17.612488746643066,49.403263092041016,70.23474884033203,0.0,77.62446820742784,149.75741577148438
mlp,roll3,71,1065,18.121324348449708,51.05405044555664,71.29901885986328,0.0,75.31332643440267,148.71478271484375
mlp,roll3,72,1080,17.60104465484619,49.452754974365234,70.21925354003906,0.0,77.31401632746923,148.96620178222656
mlp,roll3,73,1095,18.08027648925781,50.93035125732422,71.14500427246094,0.0,75.66977118546625,149.10952758789062
mlp,roll3,74,1110,17.614741134643555,49.43527603149414,70.4379653930664,0.0,77.4060020696792,149.123046875
mlp,roll3,75,1125,18.11268768310547,50.877967834472656,71.36553955078125,0.0,75.77325514545245,149.48678588867188
mlp,roll3,76,1140,17.606625747680663,49.34398651123047,70.41065216064453,0.0,77.7394503851903,149.80795288085938
mlp,roll3,77,1155,18.061430549621583,50.6329345703125,71.26006317138672,0.0,76.26767850983097,150.56808471679688
mlp,roll3,78,1170,17.621459770202637,49.24383544921875,70.52965545654297,0.0,77.80843969184777,150.9412384033203
mlp,roll3,79,1185,18.093049430847167,50.69731903076172,71.32251739501953,0.0,76.17569276762102,150.9026336669922
mlp,roll3,80,1200,17.66576976776123,49.37392425537109,70.6045150756836,0.0,77.93492008738644,151.50428771972656
mlp,roll3,81,1215,18.07203865051269,50.64030075073242,71.32476043701172,0.0,76.58962860756583,151.4481201171875
mlp,roll3,82,1230,17.628284072875978,49.31608200073242,70.56611633300781,0.0,78.30286305622629,151.7277069091797
mlp,roll3,83,1245,18.03419437408447,50.51286697387695,71.1270980834961,0.0,76.50914108313212,151.94500732421875
mlp,roll3,84,1260,17.605609703063966,49.26432418823242,70.32416534423828,0.0,78.44084166954121,152.7869873046875
mlp,roll3,85,1275,18.012490463256835,50.52548599243164,71.07984924316406,0.0,76.78509830976199,151.6078338623047
mlp,roll3,86,1290,17.589761161804198,49.2160530090332,70.32440948486328,0.0,78.47533632286996,152.55422973632812
mlp,roll3,87,1305,18.058468055725097,50.635135650634766,71.19483947753906,0.0,76.31367138093596,151.80841064453125
mlp,roll3,88,1320,17.566848945617675,49.0449447631836,70.1812973022461,0.0,78.9237668161435,154.11428833007812
mlp,roll3,89,1335,18.0440279006958,50.72635269165039,71.24742126464844,0.0,76.739105438657,151.38751220703125
mlp,roll3,90,1350,17.583877754211425,49.17996597290039,70.27095031738281,0.0,79.0042543405772,153.80335998535156
mlp,roll3,91,1365,18.106126403808595,50.93514251708984,71.47575378417969,0.0,76.5321375186846,151.3296661376953
mlp,roll3,92,1380,17.63635540008545,49.41690826416016,70.63348388671875,0.0,78.96975968724847,153.50050354003906
mlp,roll3,93,1395,18.13018341064453,51.073997497558594,71.75740814208984,0.0,76.70461078532827,151.03338623046875
mlp,roll3,94,1410,17.63700752258301,49.4719352722168,70.71814727783203,0.0,79.39519374496953,153.755615234375
mlp,roll3,95,1425,18.1957820892334,51.354583740234375,72.09774017333984,0.0,76.3251695987122,150.26840209960938
mlp,roll3,96,1440,17.615732192993164,49.42429733276367,70.6829605102539,0.0,79.57916522938945,154.4797821044922
mr_gru,roll0,1,15,24.378133392333982,63.336612701416016,327.268798828125,0.0,81.60244360902256,158.3644256591797
mr_gru,roll0,2,30,24.287961959838867,62.777225494384766,327.11529541015625,0.0,78.95911654135338,149.9412078857422
mr_gru,roll0,3,45,24.786627197265624,64.66619110107422,327.5199584960937,0.0,79.57001879699249,153.8409423828125
mr_gru,roll0,4,60,24.38282356262207,63.15818786621094,327.20880126953125,0.0,78.40695488721805,149.40762329101562
mr_gru,roll0,5,75,24.70047073364258,64.3862533569336,327.4192810058594,0.0,79.35855263157895,153.85409545898438
mr_gru,roll0,6,90,24.50162734985352,63.58026885986328,327.2456359863281,0.0,77.87828947368422,148.49392700195312
mr_gru,roll0,7,105,24.87552032470704,65.126708984375,327.6141967773437,0.0,79.640507518797,154.83721923828125
mr_gru,roll0,8,120,24.60702018737793,63.859375,327.2926330566406,0.0,77.79605263157895,148.46392822265625
mr_gru,roll0,9,135,24.83034286499024,64.94975280761719,327.5375366210937,0.0,80.12218045112782,155.61819458007812
mr_gru,roll0,10,150,24.61492004394531,63.762020111083984,327.2379455566406,0.0,77.33787593984962,147.14320373535156
mr_gru,roll0,11,165,24.79408988952637,64.53304290771484,327.43914794921875,0.0,78.85338345864662,152.17300415039062
mr_gru,roll0,12,180,24.55247459411621,63.71459579467773,327.20233154296875,0.0,77.63157894736842,147.9108123779297
mr_gru,roll0,13,195,24.80186958312988,64.62510681152344,327.36871337890625,0.0,78.64191729323309,151.02447509765625
mr_gru,roll0,14,210,24.66669120788574,64.31703186035156,327.28472900390625,0.0,78.52443609022556,150.66299438476562
mr_gru,roll0,15,225,24.98247718811035,65.55030822753906,327.55010986328125,0.0,79.74624060150376,155.7738800048828
mr_gru,roll0,16,240,24.709562301635746,64.5626220703125,327.3244323730469,0.0,79.22932330827066,152.76251220703125
mr_gru,roll0,17,255,24.875156021118165,64.99639892578125,327.3773498535156,0.0,78.7359022556391,152.27308654785156
mr_gru,roll0,18,270,24.651251983642577,64.3670883178711,327.2287292480469,0.0,78.77114661654136,151.4705352783203
mr_gru,roll0,19,285,24.960916900634764,65.27665710449219,327.3773803710937,0.0,78.63016917293233,152.60488891601562
mr_gru,roll0,20,300,24.58162612915039,63.77497863769531,327.0248107910156,0.0,76.86795112781954,146.23837280273438
mr_gru,roll0,21,315,24.8298152923584,65.31500244140625,327.3953857421875,0.0,80.6390977443609,158.52267456054688
mr_gru,roll0,22,330,24.423717880249026,63.58556365966797,326.9595031738281,0.0,77.93703007518798,149.04425048828125
mr_gru,roll0,23,345,24.75859718322754,65.10208892822266,327.3257141113281,0.0,80.33364661654136,157.20103454589844
mr_gru,roll0,24,360,24.50626602172852,64.11135864257812,327.0206604003906,0.0,78.52443609022556,150.8040313720703
mr_gru,roll0,25,375,24.76086959838868,65.3779067993164,327.25421142578125,0.0,80.78007518796993,159.04835510253906
mr_gru,roll0,26,390,24.541433334350582,64.39356994628906,327.04718017578125,0.0,78.86513157894737,152.90830993652344
mr_gru,roll0,27,405,24.814128494262697,65.37738800048828,327.21832275390625,0.0,79.55827067669173,155.33692932128906
mr_gru,roll0,28,420,24.4507438659668,63.96852111816406,326.9613952636719,0.0,78.97086466165413,152.6433868408203
mr_gru,roll0,29,435,24.67162132263184,64.97955322265625,327.1343994140625,0.0,80.3218984962406,157.42539978027344
mr_gru,roll0,30,450,24.38396873474121,63.4213752746582,326.8681640625,0.0,77.66682330827066,147.86624145507812
mr_gru,roll0,31,465,24.67653121948242,64.95817565917969,327.1550598144531,0.0,79.9577067669173,155.95970153808594
mr_gru,roll0,32,480,24.40007400512696,63.80452728271485,326.9986267089844,0.0,79.3703007518797,153.5257568359375
mr_gru,roll0,33,495,24.756921005249023,65.33538818359375,327.3302307128906,0.0,80.21616541353383,157.21792602539062
mr_gru,roll0,34,510,24.31996841430664,63.31673812866211,326.9233703613281,0.0,77.84304511278195,148.50326538085938
mr_gru,roll0,35,525,24.72586669921875,65.13916015625,327.2734680175781,0.0,79.84022556390977,155.19293212890625
mr_gru,roll0,36,540,24.33290672302246,63.39908981323242,326.970947265625,0.0,78.54793233082707,150.573974609375
mr_gru,roll0,37,555,24.597830963134765,64.67927551269531,327.1971740722656,0.0,80.43937969924812,156.945068359375
mr_gru,roll0,38,570,24.36324348449707,63.32022476196289,327.03759765625,0.0,77.73731203007519,147.35833740234375
mr_gru,roll0,39,585,24.57900924682617,64.68788146972656,327.2245788574219,0.0,80.74483082706767,157.7283935546875
mr_gru,roll0,40,600,24.35555419921875,63.40489196777344,327.08721923828125,0.0,78.00751879699249,148.91722106933594
mr_gru,roll0,41,615,24.571682739257813,64.53333282470703,327.2402038574219,0.0,79.94595864661655,155.88197326660156
mr_gru,roll0,42,630,24.282675552368165,63.23069763183594,327.049072265625,0.0,78.7124060150376,151.0766143798828
mr_gru,roll0,43,645,24.66848831176758,64.92528533935547,327.3713073730469,0.0,80.05169172932331,155.59751892089844
mr_gru,roll0,44,660,24.312635040283205,63.27412796020508,327.1109313964844,0.0,78.7828947368421,150.89682006835938
mr_gru,roll0,45,675,24.79236221313477,65.13771057128906,327.489501953125,0.0,78.59492481203007,152.4478302001953
mr_gru,roll0,46,690,24.427688217163087,63.63995742797852,327.23291015625,0.0,78.00751879699249,149.72547912597656
mr_gru,roll0,47,705,24.79696578979492,65.40105438232422,327.5303039550781,0.0,79.93421052631578,156.74896240234375
mr_gru,roll0,48,720,24.47018241882324,63.9068603515625,327.3241577148437,0.0,78.65366541353383,152.9691619873047
mr_gru,roll0,49,735,24.736821746826173,65.1815185546875,327.5367736816406,0.0,80.2984022556391,159.30320739746094
mr_gru,roll0,50,750,24.51632461547852,63.83701705932617,327.2779235839844,0.0,76.93843984962406,148.0194091796875
mr_gru,roll0,51,765,24.731633377075195,64.82077026367188,327.3436889648437,0.0,77.94877819548873,151.82693481445312
mr_gru,roll0,52,780,24.4824634552002,63.685546875,327.15802001953125,0.0,76.79746240601504,147.21871948242188
mr_gru,roll0,53,795,24.86604537963867,65.42556762695312,327.48358154296875,0.0,78.00751879699249,152.70802307128906
mr_gru,roll0,54,810,24.634606552124023,64.4306411743164,327.34637451171875,0.0,77.05592105263158,148.73297119140625
mr_gru,roll0,55,825,25.00409393310547,65.76215362548828,327.55328369140625,0.0,77.11466165413535,150.60861206054688
mr_gru,roll0,56,840,24.655619430542,64.58744812011719,327.3275451660156,0.0,77.37312030075188,149.9438018798828
mr_gru,roll0,57,855,24.95870780944824,65.82037353515625,327.5605163574219,0.0,78.078007518797,152.9183807373047
mr_gru,roll0,58,870,24.67773666381836,64.88107299804688,327.40997314453125,0.0,77.57283834586465,151.15771484375
mr_gru,roll0,59,885,24.874904251098634,65.76244354248047,327.48004150390625,0.0,78.74765037593986,155.0741729736328
mr_gru,roll0,60,900,24.70770835876465,64.78564453125,327.397705078125,0.0,76.37453007518798,146.99192810058594
mr_gru,roll0,61,915,24.796931076049805,65.47572326660156,327.3546142578125,0.0,78.34821428571429,153.58030700683594
mr_gru,roll0,62,930,24.613658905029297,64.75920104980469,327.25018310546875,0.0,77.43186090225564,150.7395477294922
mr_gru,roll0,63,945,24.89332695007324,65.48416137695312,327.398193359375,0.0,77.56109022556392,150.73941040039062
mr_gru,roll0,64,960,24.6429084777832,64.57366180419922,327.2704467773437,0.0,76.37453007518798,146.67880249023438
mr_gru,roll0,65,975,24.87632484436035,65.46217346191406,327.41607666015625,0.0,77.38486842105263,150.64581298828125
mr_gru,roll0,66,990,24.69822578430176,64.69644927978516,327.3724365234375,0.0,76.609492481203,147.758544921875
mr_gru,roll0,67,1005,25.04662742614746,66.3568115234375,327.7229919433594,0.0,78.64191729323309,154.35302734375
mr_gru,roll0,68,1020,24.734115600585938,64.79757690429688,327.389404296875,0.0,76.5625,148.02810668945312
mr_gru,roll0,69,1035,24.916257858276367,65.8041000366211,327.4967346191406,0.0,78.31296992481202,153.8083038330078
mr_gru,roll0,70,1050,24.68704719543457,64.81661224365234,327.3385009765625,0.0,77.18515037593986,149.11923217773438
mr_gru,roll0,71,1065,24.962306594848634,65.86543273925781,327.5392761230469,0.0,77.66682330827066,152.0856170654297
mr_gru,roll0,72,1080,24.637919998168947,64.48936462402344,327.2667236328125,0.0,76.09257518796993,147.1583709716797
mr_gru,roll0,73,1095,24.912251663208007,65.45747375488281,327.4700927734375,0.0,77.1968984962406,151.5214080810547
mr_gru,roll0,74,1110,24.74296722412109,64.84818267822266,327.34722900390625,0.0,75.74013157894737,146.87347412109375
mr_gru,roll0,75,1125,25.02618446350097,65.99352264404297,327.59832763671875,0.0,77.61983082706767,153.60865783691406
mr_gru,roll0,76,1140,24.81407966613769,65.13201904296875,327.448974609375,0.0,76.43327067669173,150.1444549560547
mr_gru,roll0,77,1155,25.08940277099609,66.28739166259766,327.6865539550781,0.0,78.06625939849624,156.40533447265625
mr_gru,roll0,78,1170,24.99758491516113,65.74373626708984,327.6684875488281,0.0,76.42152255639097,150.10447692871094
mr_gru,roll0,79,1185,25.27008819580078,66.62933349609375,327.8680419921875,0.0,76.39802631578947,151.57769775390625
mr_gru,roll0,80,1200,25.01341552734375,65.57929992675781,327.6300048828125,0.0,75.56390977443608,148.900390625
mr_gru,roll0,81,1215,25.316607666015624,66.61436462402344,327.8672790527344,0.0,75.43468045112782,149.68641662597656
mr_gru,roll0,82,1230,25.169550323486327,66.35797882080078,327.8034362792969,0.0,76.49201127819549,152.0376434326172
mr_gru,roll0,83,1245,25.349385070800786,66.99478912353516,327.9005126953125,0.0,76.5390037593985,153.69667053222656
mr_gru,roll0,84,1260,24.875715255737305,65.4375,324.72344970703125,0.0,75.2702067669173,148.80287170410156
mr_gru,roll0,85,1275,25.162522506713863,66.44865417480469,324.9206237792969,0.0,75.56390977443608,150.90309143066406
mr_gru,roll0,86,1290,24.98421745300293,65.61138916015625,324.7264099121094,0.0,74.15413533834587,146.21286010742188
mr_gru,roll0,87,1305,25.27662887573242,66.91596984863281,325.0638122558594,0.0,75.6578947368421,151.71986389160156
mr_gru,roll0,88,1320,24.9751880645752,65.65824890136719,324.7883605957031,0.0,74.83552631578947,147.17977905273438
mr_gru,roll0,89,1335,25.251728057861328,66.73291015625,325.0591735839844,0.0,75.55216165413535,150.84422302246094
mr_gru,roll0,90,1350,25.133550262451173,66.59175872802734,325.0403747558594,0.0,76.40977443609023,152.5729522705078
mr_gru,roll0,91,1365,25.33646240234375,67.04022979736328,325.116943359375,0.0,75.25845864661655,150.5446319580078
mr_gru,roll0,92,1380,25.14296836853028,66.51207733154297,324.9583435058594,0.0,75.85761278195488,150.7887725830078
mr_gru,roll0,93,1395,25.470967483520507,67.60154724121094,325.2601013183594,0.0,75.69313909774436,152.03952026367188
mr_gru,roll0,94,1410,25.17895851135254,66.53573608398438,325.052978515625,0.0,75.5874060150376,149.9928741455078
mr_gru,roll0,95,1425,25.61079139709473,68.04793548583984,325.52276611328125,0.0,75.35244360902256,152.35214233398438
mr_gru,roll0,96,1440,25.26601791381836,66.6561508178711,325.3078308105469,0.0,74.45958646616542,147.96519470214844
mr_gru,roll1,1,15,41.21251907348633,95.11919403076172,670.8618774414062,0.0,82.59758364312268,161.9417266845703
mr_gru,roll1,2,30,41.34033050537109,95.72540283203124,670.960205078125,0.0,82.35362453531599,162.752197265625
mr_gru,roll1,3,45,41.3921760559082,96.05601501464844,671.0233764648438,0.0,81.70306691449815,160.63986206054688
mr_gru,roll1,4,60,41.4529167175293,96.28646087646484,671.0894775390625,0.0,81.33131970260223,159.46493530273438
mr_gru,roll1,5,75,41.451497650146486,96.264404296875,671.1073608398438,0.0,81.33131970260223,159.52850341796875
mr_gru,roll1,6,90,41.572007751464845,96.7212371826172,671.1341552734375,0.0,81.26161710037175,161.3247528076172
mr_gru,roll1,7,105,41.542571258544925,96.60693359375,671.1966552734375,0.0,81.0525092936803,159.503662109375
mr_gru,roll1,8,120,41.51860122680664,96.64541625976562,671.1904296875,0.0,81.15706319702602,159.66986083984375
mr_gru,roll1,9,135,41.500247955322266,96.4207000732422,671.2001342773438,0.0,81.35455390334573,159.4716339111328
mr_gru,roll1,10,150,41.50235748291016,96.60546875,671.1195068359375,0.0,81.0292750929368,159.2759552001953
mr_gru,roll1,11,165,41.49889068603515,96.4895477294922,671.144287109375,0.0,80.66914498141264,157.5159912109375
mr_gru,roll1,12,180,41.55574722290039,96.63197326660156,671.1592407226562,0.0,81.37778810408922,161.06651306152344
mr_gru,roll1,13,195,41.57502059936523,96.78478240966795,671.1947631835938,0.0,80.51812267657994,156.9694061279297
mr_gru,roll1,14,210,41.61696395874024,96.85364532470705,671.1557006835938,0.0,81.18029739776952,161.792724609375
mr_gru,roll1,15,225,41.58129501342773,96.7369384765625,671.1171875,0.0,80.75046468401487,159.10934448242188
mr_gru,roll1,16,240,41.73889923095703,97.1243896484375,671.17626953125,0.0,81.13382899628253,162.62994384765625
mr_gru,roll1,17,255,41.57730255126953,96.7865982055664,671.1450805664062,0.0,80.25092936802974,156.85606384277344
mr_gru,roll1,18,270,41.617453002929686,96.85674285888672,671.1376342773438,0.0,81.13382899628253,161.5450439453125
mr_gru,roll1,19,285,41.51288681030273,96.61870574951172,671.130615234375,0.0,80.54135687732342,156.73731994628906
mr_gru,roll1,20,300,41.58784561157226,96.9644546508789,671.1522827148438,0.0,80.14637546468401,156.96072387695312
mr_gru,roll1,21,315,41.54933013916016,96.6152801513672,671.0868530273438,0.0,80.84340148698885,159.61212158203125
mr_gru,roll1,22,330,41.51856536865235,96.52345275878906,671.086669921875,0.0,81.0525092936803,159.66525268554688
mr_gru,roll1,23,345,41.51504135131836,96.56974029541016,671.0846557617188,0.0,80.70399628252788,158.6548614501953
mr_gru,roll1,24,360,41.60154647827149,96.82177734375,671.1329345703125,0.0,80.4135687732342,160.0782928466797
mr_gru,roll1,25,375,41.570211791992186,96.68812561035156,671.1636352539062,0.0,80.66914498141264,159.68092346191406
mr_gru,roll1,26,390,41.705134582519534,97.21601104736328,671.2017211914062,0.0,80.76208178438662,161.30233764648438
mr_gru,roll1,27,405,41.56918716430664,96.83047485351562,671.1705322265625,0.0,80.47165427509294,157.82943725585938
mr_gru,roll1,28,420,41.63662796020508,96.97042083740234,671.1854858398438,0.0,81.00604089219331,161.0210418701172
mr_gru,roll1,29,435,41.558023834228514,96.62877655029295,671.1686401367188,0.0,80.57620817843866,158.63519287109375
mr_gru,roll1,30,450,41.54443435668945,96.74420928955078,671.1594848632812,0.0,80.14637546468401,156.54681396484375
mr_gru,roll1,31,465,41.56666030883789,96.74201965332033,671.1714477539062,0.0,80.37871747211895,157.99452209472656
mr_gru,roll1,32,480,41.67302780151367,97.0842742919922,671.1729125976562,0.0,81.29646840148699,162.8040008544922
mr_gru,roll1,33,495,41.638430786132815,97.05230712890624,671.1550903320312,0.0,80.48327137546468,159.1664276123047
mr_gru,roll1,34,510,41.60505065917969,96.93264770507812,671.1517333984375,0.0,80.40195167286245,159.26138305664062
mr_gru,roll1,35,525,41.592430114746094,96.98422241210938,671.1105346679688,0.0,80.18122676579925,158.6294403076172
mr_gru,roll1,36,540,41.57476654052734,96.78369140625,671.1121826171875,0.0,80.91310408921933,160.53778076171875
mr_gru,roll1,37,555,41.560448455810544,96.76809692382812,671.1008911132812,0.0,80.69237918215613,159.28062438964844
mr_gru,roll1,38,570,41.62231674194336,97.13741302490234,671.1404418945312,0.0,80.15799256505576,157.4949493408203
mr_gru,roll1,39,585,41.60654602050781,96.86711120605467,671.1694946289062,0.0,80.68076208178438,159.39418029785156
mr_gru,roll1,40,600,41.64369812011719,97.16031646728516,671.2066650390625,0.0,80.44842007434944,158.85218811035156
mr_gru,roll1,41,615,41.55278396606445,96.7772445678711,671.1685180664062,0.0,80.68076208178438,158.91455078125
mr_gru,roll1,42,630,41.596458435058594,96.86223602294922,671.2117309570312,0.0,80.94795539033457,161.6547088623047
mr_gru,roll1,43,645,41.62018737792969,97.11640167236328,671.2037963867188,0.0,80.66914498141264,159.37168884277344
mr_gru,roll1,44,660,41.60403289794922,96.9487762451172,671.1920776367188,0.0,81.11059479553904,160.7812042236328
mr_gru,roll1,45,675,41.70815887451172,97.56242370605467,671.204345703125,0.0,80.25092936802974,158.32281494140625
mr_gru,roll1,46,690,41.688673400878905,97.3377456665039,671.2330322265625,0.0,80.64591078066915,160.13644409179688
mr_gru,roll1,47,705,41.8400375366211,97.76388549804688,671.31201171875,0.0,80.48327137546468,160.0419921875
mr_gru,roll1,48,720,41.76178817749023,97.51954650878906,671.2994995117188,0.0,80.94795539033457,163.08230590820312
mr_gru,roll1,49,735,42.09377746582031,98.26026916503906,672.7631225585938,0.0,80.66914498141264,160.95062255859375
mr_gru,roll1,50,750,41.98745269775391,98.1270751953125,672.73193359375,0.0,80.44842007434944,159.84510803222656
mr_gru,roll1,51,765,41.97938613891601,98.05935668945312,672.7283325195312,0.0,79.85594795539033,156.80538940429688
mr_gru,roll1,52,780,41.98777236938477,98.09056091308594,672.7447509765625,0.0,80.0185873605948,158.01205444335938
mr_gru,roll1,53,795,41.998785400390624,98.2084732055664,672.7657470703125,0.0,79.96050185873605,157.37417602539062
mr_gru,roll1,54,810,42.03992691040039,98.49371337890624,672.7989501953125,0.0,79.73977695167285,157.33164978027344
mr_gru,roll1,55,825,42.06036148071289,98.62477111816406,672.8123779296875,0.0,79.5771375464684,156.99969482421875
mr_gru,roll1,56,840,42.049136352539065,98.40189361572266,672.7802734375,0.0,80.56459107806691,160.7736053466797
mr_gru,roll1,57,855,42.05881118774414,98.5074234008789,672.7863159179688,0.0,79.93726765799256,157.69757080078125
mr_gru,roll1,58,870,42.11372756958008,98.62222290039062,672.8141479492188,0.0,80.56459107806691,161.08505249023438
mr_gru,roll1,59,885,42.10681762695312,98.55645751953124,672.83251953125,0.0,80.34386617100373,158.78004455566406
mr_gru,roll1,60,900,42.06755447387695,98.68345642089844,672.8009033203125,0.0,79.91403345724906,157.35203552246094
mr_gru,roll1,61,915,42.07638092041016,98.4349594116211,672.83544921875,0.0,80.14637546468401,157.98568725585938
mr_gru,roll1,62,930,42.14561004638672,98.67594909667967,672.8548583984375,0.0,80.92472118959108,161.9034881591797
mr_gru,roll1,63,945,42.08643569946289,98.55611419677734,672.812255859375,0.0,79.3331784386617,155.30184936523438
mr_gru,roll1,64,960,42.00139541625977,98.33399200439452,672.775390625,0.0,80.00697026022306,156.69729614257812
mr_gru,roll1,65,975,41.9814811706543,98.19215393066406,672.7510375976562,0.0,79.80947955390334,155.59214782714844
mr_gru,roll1,66,990,42.05975570678711,98.42705535888672,672.77734375,0.0,79.83271375464685,155.99708557128906
mr_gru,roll1,67,1005,42.04421615600586,98.3532943725586,672.7274780273438,0.0,80.48327137546468,157.78399658203125
mr_gru,roll1,68,1020,42.13344879150391,98.59056854248048,672.8284301757812,0.0,80.15799256505576,157.36334228515625
mr_gru,roll1,69,1035,41.99374923706055,98.21309661865234,672.6808471679688,0.0,80.75046468401487,157.83322143554688
mr_gru,roll1,70,1050,42.052616119384766,98.4390640258789,672.7223510742188,0.0,80.82016728624535,159.3260040283203
mr_gru,roll1,71,1065,41.98634872436524,98.30709838867188,672.6680297851562,0.0,80.15799256505576,156.82125854492188
mr_gru,roll1,72,1080,42.010528564453125,98.29073333740234,672.6760864257812,0.0,80.71561338289963,159.48251342773438
mr_gru,roll1,73,1095,42.12122192382813,98.5900421142578,672.6843872070312,0.0,79.58875464684016,156.48390197753906
mr_gru,roll1,74,1110,42.15124740600586,98.73217010498048,672.7425537109375,0.0,80.3903345724907,159.61920166015625
mr_gru,roll1,75,1125,42.237158203125,98.96538543701172,672.7891845703125,0.0,80.15799256505576,158.60780334472656
mr_gru,roll1,76,1140,42.25260925292969,98.9810028076172,672.8545532226562,0.0,80.88986988847584,161.85940551757812
mr_gru,roll1,77,1155,42.32287750244141,99.1764678955078,672.9156494140625,0.0,80.57620817843866,160.78216552734375
mr_gru,roll1,78,1170,42.29135284423828,99.18489837646484,672.91015625,0.0,80.37871747211895,160.52169799804688
mr_gru,roll1,79,1185,42.32776870727539,99.26156616210938,672.9533081054688,0.0,80.16960966542752,158.7051544189453
mr_gru,roll1,80,1200,42.29790115356445,99.1734390258789,672.9694213867188,0.0,80.49488847583643,160.84658813476562
mr_gru,roll1,81,1215,42.31090774536133,99.24783325195312,672.9454956054688,0.0,79.75139405204462,157.74359130859375
mr_gru,roll1,82,1230,42.34872512817383,99.3335418701172,672.9950561523438,0.0,80.52973977695167,161.88624572753906
mr_gru,roll1,83,1245,42.30912475585937,99.19476318359376,672.9844970703125,0.0,80.75046468401487,161.40879821777344
mr_gru,roll1,84,1260,42.34289398193359,99.27803802490234,673.0140991210938,0.0,80.78531598513011,162.7344970703125
mr_gru,roll1,85,1275,42.300758361816406,99.25389862060548,672.9942016601562,0.0,80.20446096654274,159.3588104248047
mr_gru,roll1,86,1290,42.305565643310544,99.2578582763672,673.000732421875,0.0,80.71561338289963,160.39344787597656
mr_gru,roll1,87,1305,42.30009994506836,99.2903823852539,673.061279296875,0.0,80.85501858736059,160.34629821777344
mr_gru,roll1,88,1320,42.36661834716797,99.60995483398438,673.158203125,0.0,80.28578066914498,158.69094848632812
mr_gru,roll1,89,1335,42.27144012451172,99.3689422607422,673.0711059570312,0.0,80.54135687732342,158.2069854736328
mr_gru,roll1,90,1350,42.31897964477539,99.44280242919922,673.0802612304688,0.0,81.29646840148699,163.96986389160156
mr_gru,roll1,91,1365,42.26374893188476,99.40723419189452,673.0616455078125,0.0,80.58782527881041,158.5118408203125
mr_gru,roll1,92,1380,42.29222869873047,99.51199340820312,673.1187133789062,0.0,80.64591078066915,160.57427978515625
mr_gru,roll1,93,1395,42.33487548828125,99.63143157958984,673.0850830078125,0.0,80.6342936802974,160.24447631835938
mr_gru,roll1,94,1410,42.33434219360352,99.75397491455078,673.0560302734375,0.0,80.0185873605948,158.01414489746094
mr_gru,roll1,95,1425,42.40813751220704,99.9560546875,673.0538940429688,0.0,80.43680297397769,160.24642944335938
mr_gru,roll1,96,1440,42.47999496459961,100.2489776611328,673.0244140625,0.0,80.14637546468401,158.76791381835938
mr_gru,roll2,1,15,18.42360897064209,48.065673828125,212.1936950683593,0.0,90.00459558823529,165.14117431640625
mr_gru,roll2,2,30,18.53310775756836,48.44326400756836,212.36773681640625,0.0,89.14292279411765,165.26181030273438
mr_gru,roll2,3,45,18.48432025909424,48.54325485229492,212.3581695556641,0.0,89.60248161764706,163.07464599609375
mr_gru,roll2,4,60,18.592129135131835,48.84048461914063,212.470703125,0.0,88.89016544117648,164.49794006347656
mr_gru,roll2,5,75,18.512298393249512,48.837799072265625,212.40382385253903,0.0,89.453125,162.3122100830078
mr_gru,roll2,6,90,18.686750411987305,49.19853973388672,212.52882385253903,0.0,88.62591911764706,164.22288513183594
mr_gru,roll2,7,105,18.642578506469725,49.13615798950195,212.44894409179688,0.0,89.47610294117648,163.9921112060547
mr_gru,roll2,8,120,18.63756828308105,49.186180114746094,212.4058532714844,0.0,88.79825367647058,163.34776306152344
mr_gru,roll2,9,135,18.627562522888184,49.13775253295898,212.34866333007807,0.0,89.46461397058823,164.0577392578125
mr_gru,roll2,10,150,18.64852294921875,49.28144836425781,212.4680633544922,0.0,88.62591911764706,162.5753173828125
mr_gru,roll2,11,165,18.61619873046875,49.25260543823242,212.501693725586,0.0,89.2578125,162.3125762939453
mr_gru,roll2,12,180,18.737878036499023,49.41709899902344,212.62939453125,0.0,88.90165441176471,164.6205596923828
mr_gru,roll2,13,195,18.692894172668456,49.4298095703125,212.61004638671875,0.0,89.08547794117648,162.46986389160156
mr_gru,roll2,14,210,18.7731876373291,49.507118225097656,212.6409149169922,0.0,88.77527573529412,164.55564880371094
mr_gru,roll2,15,225,18.737265968322752,49.47877883911133,212.60321044921875,0.0,89.53354779411765,164.0471954345703
mr_gru,roll2,16,240,18.78807601928711,49.50394058227539,212.61610412597656,0.0,88.79825367647058,165.3089599609375
mr_gru,roll2,17,255,18.71300144195557,49.49349212646485,212.49774169921875,0.0,89.31525735294117,162.85023498535156
mr_gru,roll2,18,270,18.77769660949707,49.55733871459961,212.5420379638672,0.0,88.94761029411765,165.1749267578125
mr_gru,roll2,19,285,18.65807609558105,49.46743392944336,212.5052490234375,0.0,89.28079044117648,162.26177978515625
mr_gru,roll2,20,300,18.75727710723877,49.75938034057617,212.6330718994141,0.0,88.31571691176471,162.0396728515625
mr_gru,roll2,21,315,18.74061985015869,49.51102828979492,212.55691528320312,0.0,89.77481617647058,164.9857177734375
mr_gru,roll2,22,330,18.740292930603022,49.585330963134766,212.60890197753903,0.0,89.03952205882352,164.69842529296875
mr_gru,roll2,23,345,18.697002029418947,49.56057357788086,212.5901336669922,0.0,89.76332720588235,163.65286254882812
mr_gru,roll2,24,360,18.82270812988281,49.79433822631836,212.6874389648437,0.0,88.83272058823529,164.46168518066406
mr_gru,roll2,25,375,18.761559104919435,49.613555908203125,212.6210479736328,0.0,89.71737132352942,164.80343627929688
mr_gru,roll2,26,390,18.82784442901612,49.78769302368164,212.6944274902344,0.0,88.91314338235294,165.00180053710938
mr_gru,roll2,27,405,18.726238250732425,49.66457748413086,212.61911010742188,0.0,89.52205882352942,163.0503387451172
mr_gru,roll2,28,420,18.78689670562744,49.6955451965332,212.64366149902344,0.0,89.00505514705883,164.96087646484375
mr_gru,roll2,29,435,18.76651306152344,49.71397018432617,212.61227416992188,0.0,89.65992647058823,164.28009033203125
mr_gru,roll2,30,450,18.7206657409668,49.764923095703125,212.6330718994141,0.0,88.85569852941177,161.837646484375
mr_gru,roll2,31,465,18.76573619842529,49.75836944580078,212.61854553222656,0.0,89.59099264705883,163.809326171875
mr_gru,roll2,32,480,18.80175628662109,49.745887756347656,212.66891479492188,0.0,89.05101102941177,165.5255126953125
mr_gru,roll2,33,495,18.808623695373534,49.813751220703125,212.6913909912109,0.0,89.63694852941177,164.47146606445312
mr_gru,roll2,34,510,18.804843521118165,49.8968391418457,212.7353363037109,0.0,89.00505514705883,163.9095458984375
mr_gru,roll2,35,525,18.73754405975341,49.73042678833008,212.6669158935547,0.0,89.33823529411765,163.0439453125
mr_gru,roll2,36,540,18.77571964263916,49.78595352172852,212.68380737304688,0.0,88.98207720588235,164.56520080566406
mr_gru,roll2,37,555,18.68150177001953,49.63648223876953,212.6503295898437,0.0,89.453125,163.081298828125
mr_gru,roll2,38,570,18.74469490051269,49.82965469360352,212.7928161621093,0.0,88.64889705882352,162.14901733398438
mr_gru,roll2,39,585,18.746475410461425,49.655799865722656,212.6942901611328,0.0,89.68290441176471,164.61924743652344
mr_gru,roll2,40,600,18.77503871917725,49.802276611328125,212.766845703125,0.0,88.84420955882352,163.629150390625
mr_gru,roll2,41,615,18.66455364227295,49.57942962646485,212.645751953125,0.0,89.62545955882352,163.15618896484375
mr_gru,roll2,42,630,18.750521087646483,49.65900039672852,212.6592712402344,0.0,89.36121323529412,165.6732940673828
mr_gru,roll2,43,645,18.686336708068847,49.54075622558594,212.6564178466797,0.0,89.68290441176471,163.44166564941406
mr_gru,roll2,44,660,18.720239448547364,49.6101188659668,212.66612243652344,0.0,89.453125,165.0487823486328
mr_gru,roll2,45,675,18.66004409790039,49.60341644287109,212.6452789306641,0.0,89.29227941176471,161.64553833007812
mr_gru,roll2,46,690,18.71731243133545,49.698848724365234,212.6281890869141,0.0,88.94761029411765,163.42808532714844
mr_gru,roll2,47,705,18.64966030120849,49.4964599609375,212.56756591796875,0.0,89.38419117647058,162.83978271484375
mr_gru,roll2,48,720,18.71785011291504,49.55636978149414,212.56333923339844,0.0,89.24632352941177,164.80958557128906
mr_gru,roll2,49,735,18.63157539367676,49.47438049316406,212.4950714111328,0.0,89.59099264705883,163.4599151611328
mr_gru,roll2,50,750,18.67341766357422,49.59625625610352,212.50262451171875,0.0,88.54549632352942,162.2793426513672
mr_gru,roll2,51,765,18.55558624267578,49.366546630859375,212.3956298828125,0.0,88.93612132352942,160.87094116210938
mr_gru,roll2,52,780,18.600963401794434,49.480411529541016,212.4086151123047,0.0,88.43060661764706,161.2781524658203
mr_gru,roll2,53,795,18.562375831604005,49.4111328125,212.33590698242188,0.0,88.82123161764706,160.38795471191406
mr_gru,roll2,54,810,18.64660358428955,49.57338333129883,212.4188842773437,0.0,88.31571691176471,161.0977783203125
mr_gru,roll2,55,825,18.565176963806152,49.411380767822266,212.4057464599609,0.0,88.66038602941177,159.6382293701172
mr_gru,roll2,56,840,18.60894374847412,49.46612930297852,212.37754821777344,0.0,88.54549632352942,161.9655303955078
mr_gru,roll2,57,855,18.55062294006348,49.3492431640625,212.36007690429688,0.0,88.68336397058823,160.2642822265625
mr_gru,roll2,58,870,18.62424793243408,49.44028472900391,212.38571166992188,0.0,88.49954044117648,162.41995239257812
mr_gru,roll2,59,885,18.53857479095459,49.3841552734375,212.3593292236328,0.0,89.03952205882352,161.0366973876953
mr_gru,roll2,60,900,18.59238224029541,49.492794036865234,212.39157104492188,0.0,87.84466911764706,159.60317993164062
mr_gru,roll2,61,915,18.51240825653076,49.32918930053711,212.3067321777344,0.0,89.01654411764706,160.70944213867188
mr_gru,roll2,62,930,18.593747901916505,49.44657516479492,212.35989379882807,0.0,88.59145220588235,162.39501953125
mr_gru,roll2,63,945,18.443627548217773,49.3043212890625,212.36056518554688,0.0,88.17784926470588,157.07957458496094
mr_gru,roll2,64,960,18.522082328796387,49.36568832397461,212.3901214599609,0.0,87.90211397058823,158.7686767578125
mr_gru,roll2,65,975,18.42987365722656,49.16154861450195,212.2816772460937,0.0,88.32720588235294,157.6512451171875
mr_gru,roll2,66,990,18.463794898986816,49.25537109375,212.313720703125,0.0,87.78722426470588,157.26014709472656
mr_gru,roll2,67,1005,18.481608200073243,49.17864227294922,212.3152770996093,0.0,88.48805147058823,158.7136993408203
mr_gru,roll2,68,1020,18.44328174591065,49.200477600097656,212.3070068359375,0.0,88.02849264705883,157.32989501953125
mr_gru,roll2,69,1035,18.40762615203857,49.07982635498047,212.231674194336,0.0,88.66038602941177,157.80584716796875
mr_gru,roll2,70,1050,18.47197952270508,49.2080192565918,212.28042602539065,0.0,88.22380514705883,158.63064575195312
mr_gru,roll2,71,1065,18.43532066345215,49.1994514465332,212.31979370117188,0.0,88.43060661764706,156.6807861328125
mr_gru,roll2,72,1080,18.46704864501953,49.29116821289063,212.348388671875,0.0,88.16636029411765,158.2849578857422
mr_gru,roll2,73,1095,18.405820274353022,49.29908752441406,212.4343719482422,0.0,88.31571691176471,154.99009704589844
mr_gru,roll2,74,1110,18.51825008392334,49.39970016479492,212.54608154296875,0.0,88.03998161764706,157.4586944580078
mr_gru,roll2,75,1125,18.46152114868164,49.403106689453125,212.59597778320312,0.0,88.48805147058823,155.79254150390625
mr_gru,roll2,76,1140,18.53686809539795,49.48860931396485,212.6495513916016,0.0,88.17784926470588,158.219970703125
mr_gru,roll2,77,1155,18.49701194763184,49.44087600708008,212.6556091308593,0.0,88.56847426470588,157.06959533691406
mr_gru,roll2,78,1170,18.536155128479,49.449337005615234,212.7149658203125,0.0,87.81020220588235,156.7222442626953
mr_gru,roll2,79,1185,18.516727638244628,49.43704605102539,212.7147979736328,0.0,88.09742647058823,155.97254943847656
mr_gru,roll2,80,1200,18.507540893554687,49.54145050048828,212.701889038086,0.0,87.63786764705883,155.9228515625
mr_gru,roll2,81,1215,18.50016479492188,49.40223693847656,212.68112182617188,0.0,87.70680147058823,155.26951599121094
mr_gru,roll2,82,1230,18.544810485839843,49.368595123291016,212.7026214599609,0.0,87.46553308823529,156.70692443847656
mr_gru,roll2,83,1245,18.51025047302246,49.3466796875,212.6374969482422,0.0,87.83318014705883,156.41656494140625
mr_gru,roll2,84,1260,18.54196281433105,49.46449661254883,212.62863159179688,0.0,87.5,157.23312377929688
mr_gru,roll2,85,1275,18.52243118286133,49.40260314941406,212.65809631347656,0.0,87.60340073529412,155.6875762939453
mr_gru,roll2,86,1290,18.5690580368042,49.51584243774414,212.7306060791016,0.0,87.17830882352942,156.12542724609375
mr_gru,roll2,87,1305,18.60641288757324,49.54282760620117,212.7813720703125,0.0,87.35064338235294,156.78282165527344
mr_gru,roll2,88,1320,18.6199312210083,49.72883987426758,212.8344573974609,0.0,87.00597426470588,155.56939697265625
mr_gru,roll2,89,1335,18.58717880249024,49.64466857910156,212.8263092041016,0.0,87.22426470588235,155.2127685546875
mr_gru,roll2,90,1350,18.726969718933105,49.851600646972656,212.9719390869141,0.0,87.33915441176471,158.4435272216797
mr_gru,roll2,91,1365,18.66536922454834,49.814056396484375,212.8883209228516,0.0,87.58042279411765,157.12840270996094
mr_gru,roll2,92,1380,18.67712154388428,49.98032379150391,212.9166717529297,0.0,87.07490808823529,156.54701232910156
mr_gru,roll2,93,1395,18.74096813201904,50.08358383178711,212.9570770263672,0.0,87.48851102941177,158.0886993408203
mr_gru,roll2,94,1410,18.682926750183107,50.06982803344727,212.9676055908203,0.0,87.07490808823529,156.5125732421875
mr_gru,roll2,95,1425,18.82148685455322,50.31911087036133,213.1322784423828,0.0,87.67233455882352,159.33462524414062
mr_gru,roll2,96,1440,18.782241439819337,50.3944091796875,213.098373413086,0.0,87.18979779411765,157.36729431152344
mr_gru,roll3,1,15,15.841108512878415,42.663063049316406,64.80426788330078,0.0,83.40807174887892,150.20111083984375
mr_gru,roll3,2,30,16.024486541748047,43.33689880371094,65.74401092529297,0.0,82.54570541566058,149.2611846923828
mr_gru,roll3,3,45,16.447867965698244,45.28907012939453,67.1054458618164,0.0,82.48821432677936,151.62403869628906
mr_gru,roll3,4,60,16.451413536071776,45.12807083129883,67.34364318847656,0.0,82.2927446245832,151.56826782226562
mr_gru,roll3,5,75,16.803081130981447,46.88126373291016,68.56180572509766,0.0,82.0627802690583,152.3284454345703
mr_gru,roll3,6,90,16.636680603027344,45.947174072265625,68.11041259765625,0.0,82.07427848683454,152.2261199951172
mr_gru,roll3,7,105,16.970675468444824,47.57245635986328,69.22001647949219,0.0,81.76382660687594,152.38330078125
mr_gru,roll3,8,120,16.732566261291502,46.4835090637207,68.47124481201172,0.0,82.21225710014947,152.47605895996094
mr_gru,roll3,9,135,17.070429229736327,47.97052383422852,69.58780670166016,0.0,81.60285155800851,152.5000762939453
mr_gru,roll3,10,150,16.801708602905272,46.74441146850586,68.68761444091797,0.0,82.0627802690583,152.64410400390625
mr_gru,roll3,11,165,17.15779552459717,48.25019073486328,69.86585235595703,0.0,81.33839254915488,152.64471435546875
mr_gru,roll3,12,180,16.914140892028808,47.106632232666016,69.0974349975586,0.0,81.75232838909969,152.85516357421875
mr_gru,roll3,13,195,17.283360099792482,48.67274856567383,70.35325622558594,0.0,81.00494423364378,152.56932067871094
mr_gru,roll3,14,210,17.051046752929686,47.66432571411133,69.61691284179688,0.0,81.39588363803611,153.08192443847656
mr_gru,roll3,15,225,17.41179256439209,49.13312530517578,70.85319519042969,0.0,80.94745314476256,152.5163116455078
mr_gru,roll3,16,240,17.156234169006346,47.99080657958984,70.02359008789062,0.0,81.2923996780499,153.1888427734375
mr_gru,roll3,17,255,17.41841068267822,49.0842170715332,70.88642883300781,0.0,80.80947453144762,152.70538330078125
mr_gru,roll3,18,270,17.249663734436034,48.32439804077149,70.35106658935547,0.0,81.25790502472117,153.35704040527344
mr_gru,roll3,19,285,17.52438316345215,49.4651985168457,71.23938751220703,0.0,80.6484994825802,152.7700958251953
mr_gru,roll3,20,300,17.309880638122557,48.4932861328125,70.51565551757812,0.0,81.15442106473496,153.55731201171875
mr_gru,roll3,21,315,17.54541473388672,49.42005920410156,71.27883911132812,0.0,80.67149591813269,152.9194793701172
mr_gru,roll3,22,330,17.35616970062256,48.57450485229492,70.67142486572266,0.0,81.05093710474877,153.9775390625
mr_gru,roll3,23,345,17.609462547302247,49.61011505126953,71.5037612915039,0.0,80.46452799816028,153.07980346679688
mr_gru,roll3,24,360,17.430927276611328,48.81449508666992,70.95657348632812,0.0,80.97044958031505,153.76547241210938
mr_gru,roll3,25,375,17.606196212768555,49.53456878662109,71.54985809326172,0.0,80.43003334483156,153.14083862304688
mr_gru,roll3,26,390,17.48046932220459,48.9813232421875,71.18155670166016,0.0,80.7519834425664,153.78378295898438
mr_gru,roll3,27,405,17.644141006469727,49.66382598876953,71.74022674560547,0.0,80.48752443371278,153.17811584472656
mr_gru,roll3,28,420,17.455051612854003,48.84496688842773,71.12044525146484,0.0,80.87846383810509,154.02256774902344
mr_gru,roll3,29,435,17.61703224182129,49.51570129394531,71.60939025878906,0.0,80.1080832470967,153.34298706054688
mr_gru,roll3,30,450,17.471021461486817,48.90804672241211,71.16178894042969,0.0,80.84396918477636,154.1414794921875
mr_gru,roll3,31,465,17.63681125640869,49.61887741088867,71.71475219726562,0.0,80.3380476026216,153.30482482910156
mr_gru,roll3,32,480,17.46869354248047,48.942901611328125,71.21240234375,0.0,80.70599057146143,154.11607360839844
mr_gru,roll3,33,495,17.647998046875,49.683475494384766,71.78228759765625,0.0,80.22306542485916,153.21450805664062
mr_gru,roll3,34,510,17.448801040649414,48.86468505859375,71.15353393554688,0.0,80.70599057146143,154.14132690429688
mr_gru,roll3,35,525,17.652385711669922,49.76668930053711,71.8136215209961,0.0,80.25756007818788,153.158935546875
mr_gru,roll3,36,540,17.409655570983887,48.767520904541016,71.02149963378906,0.0,80.87846383810509,154.17098999023438
mr_gru,roll3,37,555,17.593913650512697,49.563926696777344,71.65028381347656,0.0,80.6484994825802,153.27108764648438
mr_gru,roll3,38,570,17.39887065887451,48.73460006713867,71.0716552734375,0.0,80.99344601586755,154.0290069580078
mr_gru,roll3,39,585,17.564227485656737,49.47251892089844,71.63345336914062,0.0,80.80947453144762,153.11270141601562
mr_gru,roll3,40,600,17.367232704162596,48.631309509277344,70.98997497558594,0.0,81.05093710474877,153.8959197998047
mr_gru,roll3,41,615,17.51971569061279,49.39879989624024,71.5055923461914,0.0,80.84396918477636,153.1324005126953
mr_gru,roll3,42,630,17.310801124572755,48.48720550537109,70.85202026367188,0.0,81.32689433137864,153.99661254882812
mr_gru,roll3,43,645,17.508448791503906,49.40012741088867,71.48573303222656,0.0,81.07393354030125,152.9966278076172
mr_gru,roll3,44,660,17.286741256713867,48.39328384399414,70.71168518066406,0.0,81.36138898470738,153.91744995117188
mr_gru,roll3,45,675,17.46725559234619,49.32606506347656,71.26323699951172,0.0,80.84396918477636,152.98812866210938
mr_gru,roll3,46,690,17.23970260620117,48.30585479736328,70.51669311523438,0.0,81.5223640335748,153.82180786132812
mr_gru,roll3,47,705,17.404976844787598,49.18638610839844,70.99564361572266,0.0,81.062435322525,152.97886657714844
mr_gru,roll3,48,720,17.16919994354248,48.10474395751953,70.25691223144531,0.0,81.63734621133725,153.8068084716797
mr_gru,roll3,49,735,17.295184326171874,48.814449310302734,70.62590026855469,0.0,81.4188800735886,153.1663818359375
mr_gru,roll3,50,750,17.092841720581056,47.8199462890625,70.01492309570312,0.0,81.86731056686214,153.79705810546875
mr_gru,roll3,51,765,17.192118835449218,48.44878768920898,70.31266784667969,0.0,81.59135334023226,153.25897216796875
mr_gru,roll3,52,780,17.038108253479002,47.5947494506836,69.87939453125,0.0,82.0627802690583,153.9055938720703
mr_gru,roll3,53,795,17.20571365356445,48.57499694824219,70.35013580322266,0.0,81.38438542025986,153.11181640625
mr_gru,roll3,54,810,17.010527229309083,47.58707809448242,69.76776123046875,0.0,82.32723927791193,153.78436279296875
mr_gru,roll3,55,825,17.163048934936523,48.40005874633789,70.18124389648438,0.0,81.60285155800851,153.07205200195312
mr_gru,roll3,56,840,16.965925216674805,47.44099807739258,69.55877685546875,0.0,82.25824997125446,153.82342529296875
mr_gru,roll3,57,855,17.112003517150878,48.21636199951172,69.93636322021484,0.0,81.77532482465217,153.0535125732422
mr_gru,roll3,58,870,16.925740051269532,47.27740097045898,69.36122131347656,0.0,82.0627802690583,153.7744140625
mr_gru,roll3,59,885,17.063071060180665,47.98461532592773,69.70938110351562,0.0,81.86731056686214,153.19039916992188
mr_gru,roll3,60,900,16.917112350463867,47.27199172973633,69.29389190673828,0.0,81.90180522019087,153.67807006835938
mr_gru,roll3,61,915,16.98199920654297,47.65379333496094,69.36802673339844,0.0,81.5223640335748,153.28933715820312
mr_gru,roll3,62,930,16.858316230773926,47.06048202514648,69.0366439819336,0.0,81.84431413130964,153.85877990722656
mr_gru,roll3,63,945,17.030257797241212,47.96491241455078,69.46705627441406,0.0,81.47637116246982,153.2105255126953
mr_gru,roll3,64,960,16.855666732788087,47.09583282470703,68.9736099243164,0.0,81.7293319535472,153.6822967529297
mr_gru,roll3,65,975,16.97075538635254,47.66606521606445,69.2564468383789,0.0,81.32689433137864,153.1038360595703
mr_gru,roll3,66,990,16.913514709472658,47.30929946899414,69.1179428100586,0.0,81.4993675980223,153.6676025390625
mr_gru,roll3,67,1005,17.044262313842772,47.91242980957031,69.47362518310547,0.0,81.10842819362999,152.78228759765625
mr_gru,roll3,68,1020,16.97850646972656,47.496578216552734,69.39411163330078,0.0,81.15442106473496,153.50486755371094
mr_gru,roll3,69,1035,17.04854965209961,47.81743621826172,69.50902557373047,0.0,80.92445670921006,152.8199005126953
mr_gru,roll3,70,1050,16.96880359649658,47.425559997558594,69.29647064208984,0.0,81.03943888697252,153.3584747314453
mr_gru,roll3,71,1065,17.04006156921387,47.788841247558594,69.47246551513672,0.0,80.87846383810509,152.5774688720703
mr_gru,roll3,72,1080,16.91412773132324,47.11170959472656,69.14041137695312,0.0,81.01644245142003,153.31472778320312
mr_gru,roll3,73,1095,17.02139072418213,47.69535827636719,69.3949203491211,0.0,80.69449235368518,152.52490234375
mr_gru,roll3,74,1110,16.918782043457032,47.12540435791016,69.181640625,0.0,81.13142462918248,152.977783203125
mr_gru,roll3,75,1125,17.04976329803467,47.7796630859375,69.52027893066406,0.0,80.63700126480396,152.19146728515625
mr_gru,roll3,76,1140,16.922480392456055,47.18320083618164,69.15617370605469,0.0,80.83247096700012,152.86553955078125
mr_gru,roll3,77,1155,17.052356719970703,47.81232070922852,69.55441284179688,0.0,80.44153156260779,151.96981811523438
mr_gru,roll3,78,1170,16.97547130584717,47.41831207275391,69.40097045898438,0.0,80.80947453144762,152.51060485839844
mr_gru,roll3,79,1185,17.10316104888916,47.97491455078125,69.72722625732422,0.0,80.68299413590894,151.72401428222656
mr_gru,roll3,80,1200,16.99811496734619,47.43354797363281,69.46708679199219,0.0,80.80947453144762,152.50440979003906
mr_gru,roll3,81,1215,17.11015796661377,47.98191833496094,69.78556823730469,0.0,80.46452799816028,151.70928955078125
mr_gru,roll3,82,1230,17.014859199523926,47.53190231323242,69.5210952758789,0.0,80.7519834425664,152.3613739013672
mr_gru,roll3,83,1245,17.156868362426756,48.16337585449219,69.91291046142578,0.0,80.3150511670691,151.68447875976562
mr_gru,roll3,84,1260,17.022071647644044,47.504127502441406,69.54605865478516,0.0,80.79797631367138,152.57264709472656
mr_gru,roll3,85,1275,17.206344223022462,48.337928771972656,70.08921813964844,0.0,80.3150511670691,151.73117065429688
mr_gru,roll3,86,1290,17.06543960571289,47.62631988525391,69.65764617919922,0.0,80.52201908704151,152.5345001220703
mr_gru,roll3,87,1305,17.286599731445314,48.56443405151367,70.31117248535156,0.0,80.16557433597792,151.71432495117188
mr_gru,roll3,88,1320,17.135090637207032,47.85131072998047,69.86531829833984,0.0,80.37254225595034,152.5419921875
mr_gru,roll3,89,1335,17.348064804077147,48.75803756713867,70.4822998046875,0.0,79.6711509715994,151.79580688476562
mr_gru,roll3,90,1350,17.179228019714355,48.03548812866211,69.99476623535156,0.0,80.30355294929285,152.3733673095703
mr_gru,roll3,91,1365,17.382548141479493,48.87110900878906,70.6190185546875,0.0,79.64815453604692,151.7880859375
mr_gru,roll3,92,1380,17.21762046813965,48.14544677734375,70.17012786865234,0.0,80.13107968264919,152.40382385253906
mr_gru,roll3,93,1395,17.448047828674316,49.06558227539063,70.90485382080078,0.0,79.61365988271818,151.83897399902344
mr_gru,roll3,94,1410,17.247332763671874,48.19111633300781,70.31988525390625,0.0,80.17707255375417,152.3253173828125
mr_gru,roll3,95,1425,17.50445423126221,49.21409606933594,71.139404296875,0.0,79.7976313671381,151.85801696777344
mr_gru,roll3,96,1440,17.29881000518799,48.34516143798828,70.58013916015625,0.0,80.18857077153041,152.44578552246094
gru,roll0,1,15,24.577002334594727,66.27136993408203,328.04638671875,0.0,81.08552631578947,154.38351440429688
gru,roll0,2,30,24.766740798950195,66.49775695800781,328.2279052734375,0.0,80.92105263157895,156.09873962402344
gru,roll0,3,45,24.738631820678712,66.79847717285156,328.31378173828125,0.0,80.35714285714286,154.3109588623047
gru,roll0,4,60,24.947784423828125,66.83549499511719,328.54754638671875,0.0,80.54511278195488,157.8309326171875
gru,roll0,5,75,24.95653114318848,67.30207061767578,328.550537109375,0.0,79.49953007518798,153.87442016601562
gru,roll0,6,90,25.012002182006835,67.01416778564453,328.53973388671875,0.0,80.23966165413535,157.42840576171875
gru,roll0,7,105,24.95888900756836,67.25856018066406,328.4654235839844,0.0,79.72274436090225,154.6785125732422
gru,roll0,8,120,25.050371170043945,66.96435546875,328.4996643066406,0.0,80.21616541353383,158.95571899414062
gru,roll0,9,135,25.01401481628418,67.34757995605469,328.4443054199219,0.0,79.51127819548873,154.79100036621094
gru,roll0,10,150,25.05887565612793,67.00945281982422,328.51043701171875,0.0,79.9577067669173,158.59176635742188
gru,roll0,11,165,25.030836868286134,67.33963775634766,328.49072265625,0.0,79.51127819548873,154.6608123779297
gru,roll0,12,180,25.03353080749512,66.94715881347656,328.5288391113281,0.0,79.75798872180451,158.66819763183594
gru,roll0,13,195,24.99305534362793,67.36947631835938,328.4499206542969,0.0,79.14708646616542,153.8253936767578
gru,roll0,14,210,25.01092948913574,66.9133529663086,328.4993591308594,0.0,79.91071428571429,159.17691040039062
gru,roll0,15,225,25.00216903686524,67.38214111328125,328.4540405273437,0.0,79.25281954887218,154.54034423828125
gru,roll0,16,240,25.048841094970705,66.91100311279297,328.4931335449219,0.0,80.06343984962406,160.70362854003906
gru,roll0,17,255,25.01722450256348,67.3816146850586,328.480712890625,0.0,79.18233082706767,154.56796264648438
gru,roll0,18,270,25.07267723083496,66.93811798095703,328.4642639160156,0.0,79.94595864661655,160.92063903808594
gru,roll0,19,285,25.02980613708496,67.44209289550781,328.4998779296875,0.0,79.15883458646617,154.8352813720703
gru,roll0,20,300,25.094754791259767,66.99707794189453,328.509521484375,0.0,79.72274436090225,161.0930938720703
gru,roll0,21,315,25.02712631225586,67.42574310302734,328.5507202148437,0.0,78.91212406015038,154.78892517089844
gru,roll0,22,330,25.07378273010254,66.92353057861328,328.469482421875,0.0,80.19266917293233,161.6837158203125
gru,roll0,23,345,24.992436599731445,67.35346221923828,328.5163879394531,0.0,79.06484962406014,155.23695373535156
gru,roll0,24,360,25.038343048095705,66.85975646972656,328.3642578125,0.0,80.18092105263158,162.4376678466797
gru,roll0,25,375,24.96585159301758,67.29325866699219,328.42779541015625,0.0,79.1000939849624,155.52413940429688
gru,roll0,26,390,25.04367141723633,66.92894744873047,328.3975524902344,0.0,79.81672932330827,161.8972930908203
gru,roll0,27,405,24.954923629760746,67.28912353515625,328.4265441894531,0.0,79.06484962406014,156.0999298095703
gru,roll0,28,420,25.067297744750977,67.01176452636719,328.4151306152344,0.0,79.62875939849624,161.2118682861328
gru,roll0,29,435,24.97947578430176,67.3396224975586,328.41552734375,0.0,78.85338345864662,155.9124298095703
gru,roll0,30,450,25.073509979248048,67.05319213867188,328.45770263671875,0.0,79.42904135338345,161.30697631835938
gru,roll0,31,465,24.983737564086915,67.36189270019531,328.4530639648437,0.0,78.64191729323309,156.37051391601562
gru,roll0,32,480,25.097396850585938,67.08899688720703,328.49169921875,0.0,79.31156015037594,161.1792755126953
gru,roll0,33,495,24.99241714477539,67.38418579101562,328.4414367675781,0.0,78.63016917293233,156.739013671875
gru,roll0,34,510,25.09735679626465,67.07524871826172,328.6004943847656,0.0,79.22932330827066,161.5955810546875
gru,roll0,35,525,24.993466567993163,67.35279846191406,328.5279846191406,0.0,78.77114661654136,156.6310272216797
gru,roll0,36,540,25.09480438232422,67.08496856689453,328.65936279296875,0.0,79.0531015037594,161.00543212890625
gru,roll0,37,555,24.980942153930663,67.32592010498047,328.5660400390625,0.0,78.85338345864662,156.61477661132812
gru,roll0,38,570,25.084003829956053,67.07827758789062,328.7059326171875,0.0,79.26456766917293,160.97560119628906
gru,roll0,39,585,24.96918144226074,67.27579498291016,328.5461120605469,0.0,79.27631578947368,157.26556396484375
gru,roll0,40,600,25.084425354003905,67.02162170410156,328.6754455566406,0.0,79.22932330827066,161.5768280029297
gru,roll0,41,615,24.96867790222168,67.2481460571289,328.588623046875,0.0,79.1000939849624,157.17735290527344
gru,roll0,42,630,25.097780990600587,67.04850006103516,328.70440673828125,0.0,79.12359022556392,160.88955688476562
gru,roll0,43,645,24.972411346435543,67.3003921508789,328.5769348144531,0.0,79.19407894736842,156.88934326171875
gru,roll0,44,660,25.09871711730957,67.05439758300781,328.6861572265625,0.0,79.22932330827066,161.36859130859375
gru,roll0,45,675,25.019152450561524,67.41817474365234,328.670654296875,0.0,79.0531015037594,156.7818145751953
gru,roll0,46,690,25.15598831176758,67.20874786376953,328.7745361328125,0.0,78.84163533834587,160.3667755126953
gru,roll0,47,705,25.07152442932129,67.49676513671875,328.6932678222656,0.0,78.7124060150376,156.86563110351562
gru,roll0,48,720,25.178350830078124,67.2499771118164,328.79400634765625,0.0,78.82988721804512,160.25234985351562
gru,roll0,49,735,25.11391143798828,67.5829849243164,328.73895263671875,0.0,78.4421992481203,156.8791961669922
gru,roll0,50,750,25.217988967895508,67.33071899414062,328.8172607421875,0.0,78.7124060150376,160.67117309570312
gru,roll0,51,765,25.13513946533203,67.71647644042969,328.7402038574219,0.0,78.37171052631578,156.80726623535156
gru,roll0,52,780,25.21720695495605,67.380859375,328.8133239746094,0.0,78.7593984962406,160.4378204345703
gru,roll0,53,795,25.181058883666992,67.90406799316406,328.8099060058594,0.0,78.03101503759399,155.8180694580078
gru,roll0,54,810,25.22015190124512,67.41899871826172,328.8075256347656,0.0,78.55968045112782,160.85105895996094
gru,roll0,55,825,25.203771591186523,68.00011444091797,328.8317565917969,0.0,77.70206766917293,155.16372680664062
gru,roll0,56,840,25.23752212524414,67.44641876220703,328.87017822265625,0.0,78.06625939849624,159.12315368652344
gru,roll0,57,855,25.20798988342285,67.95088195800781,328.8479919433594,0.0,77.56109022556392,154.59890747070312
gru,roll0,58,870,25.23241844177246,67.36080932617188,328.8561096191406,0.0,78.34821428571429,159.98541259765625
gru,roll0,59,885,25.228054428100585,68.01691436767578,328.8470458984375,0.0,77.38486842105263,154.45225524902344
gru,roll0,60,900,25.224559020996093,67.41027069091797,328.8746032714844,0.0,78.37171052631578,159.29660034179688
gru,roll0,61,915,25.210502243042,67.96300506591797,328.8705749511719,0.0,77.38486842105263,153.80865478515625
gru,roll0,62,930,25.225988388061523,67.43221282958984,328.8891906738281,0.0,78.19548872180451,158.66351318359375
gru,roll0,63,945,25.22569351196289,68.09017181396484,328.9029235839844,0.0,77.5140977443609,153.55581665039062
gru,roll0,64,960,25.211572647094727,67.37960052490234,328.9194641113281,0.0,78.54793233082707,159.08201599121094
gru,roll0,65,975,25.206368255615235,67.96442413330078,328.9517822265625,0.0,77.40836466165413,153.0740509033203
gru,roll0,66,990,25.1960880279541,67.46456909179688,328.90875244140625,0.0,78.54793233082707,157.96908569335938
gru,roll0,67,1005,25.20559959411621,67.99905395507812,328.9419250488281,0.0,77.63157894736842,153.13058471679688
gru,roll0,68,1020,25.210180282592773,67.42645263671875,328.95733642578125,0.0,78.34821428571429,157.4225311279297
gru,roll0,69,1035,25.21727180480957,67.95402526855469,329.0003662109375,0.0,77.27913533834587,151.90371704101562
gru,roll0,70,1050,25.219567489624023,67.53547668457031,328.907470703125,0.0,78.24248120300751,157.35079956054688
gru,roll0,71,1065,25.2340030670166,67.941162109375,329.02264404296875,0.0,77.13815789473685,151.64370727539062
gru,roll0,72,1080,25.28232765197754,67.5472412109375,329.0050048828125,0.0,77.59633458646617,155.89834594726562
gru,roll0,73,1095,25.27903518676758,67.89300537109375,329.0928649902344,0.0,76.43327067669173,150.39541625976562
gru,roll0,74,1110,25.297551345825195,67.6183090209961,328.9422302246094,0.0,77.2203947368421,154.9859619140625
gru,roll0,75,1125,25.32289428710937,67.93379974365234,329.0227966308594,0.0,76.28054511278195,149.95919799804688
gru,roll0,76,1140,25.347400665283203,67.59004211425781,328.9245300292969,0.0,76.79746240601504,153.75244140625
gru,roll0,77,1155,25.3748722076416,67.86752319335938,328.9743347167969,0.0,76.10432330827066,149.5655975341797
gru,roll0,78,1170,25.38316955566406,67.56976318359375,328.8238830566406,0.0,76.65648496240601,153.10147094726562
gru,roll0,79,1185,25.398403930664063,67.80082702636719,328.9095153808594,0.0,75.77537593984962,149.08807373046875
gru,roll0,80,1200,25.397757720947265,67.50242614746094,328.8083801269531,0.0,76.33928571428571,151.64697265625
gru,roll0,81,1215,25.40861778259277,67.74805450439453,328.8685607910156,0.0,75.6343984962406,149.17135620117188
gru,roll0,82,1230,25.39945068359375,67.46580505371094,328.7693786621094,0.0,76.15131578947368,151.07046508789062
gru,roll0,83,1245,25.39254684448242,67.7280044555664,328.7974548339844,0.0,75.75187969924812,149.13807678222656
gru,roll0,84,1260,25.17811546325684,67.00487518310547,325.8866882324219,0.0,76.02208646616542,150.48460388183594
gru,roll0,85,1275,25.16834259033203,67.2553939819336,325.8463134765625,0.0,75.79887218045113,149.07913208007812
gru,roll0,86,1290,25.182165145874023,66.97248077392578,325.8994140625,0.0,76.03383458646617,150.36660766601562
gru,roll0,87,1305,25.15296516418457,67.23731231689453,325.8857727050781,0.0,76.04558270676691,149.37191772460938
gru,roll0,88,1320,25.18417472839356,67.04702758789062,325.930419921875,0.0,76.18656015037594,150.51681518554688
gru,roll0,89,1335,25.156255340576173,67.32685852050781,325.9372863769531,0.0,76.06907894736842,149.59512329101562
gru,roll0,90,1350,25.1529483795166,66.94761657714844,325.9574279785156,0.0,76.11607142857143,150.30953979492188
gru,roll0,91,1365,25.14731559753418,67.32707214355469,325.9189453125,0.0,76.48026315789474,150.54783630371094
gru,roll0,92,1380,25.196966934204102,67.10233306884766,326.00897216796875,0.0,76.2453007518797,150.72817993164062
gru,roll0,93,1395,25.21625862121582,67.5552749633789,326.0136413574219,0.0,76.12781954887218,150.2345428466797
gru,roll0,94,1410,25.18359489440918,66.97247314453125,326.08837890625,0.0,76.21005639097744,150.92564392089844
gru,roll0,95,1425,25.224385452270507,67.59483337402344,326.12823486328125,0.0,76.52725563909775,150.98634338378906
gru,roll0,96,1440,25.25685348510742,67.22982025146484,326.3341979980469,0.0,76.23355263157895,150.99374389648438
gru,roll1,1,15,40.91288070678711,95.54810333251952,670.8123168945312,0.0,81.11059479553904,153.0262908935547
gru,roll1,2,30,41.05263900756836,96.11863708496094,671.0455932617188,0.0,81.73791821561338,156.93450927734375
gru,roll1,3,45,41.1428466796875,96.2855224609375,671.2642211914062,0.0,80.52973977695167,152.7585906982422
gru,roll1,4,60,41.282456970214845,96.8634796142578,671.4845581054688,0.0,81.54042750929368,157.67010498046875
gru,roll1,5,75,41.292422485351565,96.76170349121094,671.5779418945312,0.0,80.69237918215613,153.3134307861328
gru,roll1,6,90,41.37550506591797,97.19505310058594,671.6290283203125,0.0,81.21514869888475,157.49668884277344
gru,roll1,7,105,41.36759719848633,97.07029724121094,671.679931640625,0.0,80.4600371747212,153.23577880859375
gru,roll1,8,120,41.44436569213868,97.4688720703125,671.6836547851562,0.0,81.22676579925651,157.857666015625
gru,roll1,9,135,41.40270462036133,97.2083740234375,671.6614379882812,0.0,80.66914498141264,153.5657958984375
gru,roll1,10,150,41.493499755859375,97.69114685058594,671.6428833007812,0.0,81.09897769516728,158.19696044921875
gru,roll1,11,165,41.42501449584961,97.3232192993164,671.5797119140625,0.0,80.55297397769516,153.7401580810547
gru,roll1,12,180,41.53449630737305,97.909423828125,671.6328735351562,0.0,81.30808550185874,158.53160095214844
gru,roll1,13,195,41.44574508666992,97.49066162109376,671.56005859375,0.0,80.43680297397769,153.4196014404297
gru,roll1,14,210,41.56886215209961,98.11125946044922,671.6046752929688,0.0,81.30808550185874,158.2841033935547
gru,roll1,15,225,41.48126983642578,97.69872283935548,671.5813598632812,0.0,80.4600371747212,153.14743041992188
gru,roll1,16,240,41.6113899230957,98.35130310058594,671.68701171875,0.0,81.21514869888475,158.30514526367188
gru,roll1,17,255,41.50604476928711,97.85260772705078,671.6149291992188,0.0,80.47165427509294,153.384765625
gru,roll1,18,270,41.64541320800781,98.52359008789062,671.7670288085938,0.0,81.06412639405205,158.31063842773438
gru,roll1,19,285,41.547943115234375,98.02888488769533,671.6843872070312,0.0,80.13475836431226,153.39263916015625
gru,roll1,20,300,41.70119018554688,98.78213500976562,671.8170776367188,0.0,81.19191449814126,158.39576721191406
gru,roll1,21,315,41.58943405151367,98.212646484375,671.746337890625,0.0,80.26254646840148,153.6693115234375
gru,roll1,22,330,41.74101028442383,98.90555572509766,671.8921508789062,0.0,81.11059479553904,159.10433959960938
gru,roll1,23,345,41.6191520690918,98.3480453491211,671.7695922851562,0.0,80.0418215613383,153.94566345214844
gru,roll1,24,360,41.80100936889649,99.20486450195312,671.9942626953125,0.0,80.8317843866171,158.770263671875
gru,roll1,25,375,41.65645980834961,98.53773498535156,671.869384765625,0.0,80.07667286245353,153.8403778076172
gru,roll1,26,390,41.80224761962891,99.26346588134766,672.0320434570312,0.0,80.98280669144981,158.6884002685547
gru,roll1,27,405,41.66335220336914,98.62560272216795,671.8737182617188,0.0,80.21607806691449,153.56370544433594
gru,roll1,28,420,41.821957397460935,99.36658477783205,672.0101318359375,0.0,81.00604089219331,158.9151611328125
gru,roll1,29,435,41.70129928588867,98.77063751220705,671.8828735351562,0.0,80.09990706319702,153.97503662109375
gru,roll1,30,450,41.86829452514648,99.56941986083984,672.0435791015625,0.0,81.01765799256505,159.34815979003906
gru,roll1,31,465,41.73739395141602,98.92471313476562,671.9320678710938,0.0,80.18122676579925,154.10311889648438
gru,roll1,32,480,41.88964920043945,99.62680053710938,672.0779418945312,0.0,81.04089219330855,159.3675994873047
gru,roll1,33,495,41.782616424560544,99.06299591064452,671.960205078125,0.0,79.89079925650557,153.88755798339844
gru,roll1,34,510,41.92757339477539,99.73955535888672,672.1204833984375,0.0,80.82016728624535,159.1739959716797
gru,roll1,35,525,41.81854782104492,99.14981842041016,671.9873046875,0.0,79.72815985130111,153.6526641845703
gru,roll1,36,540,41.94519882202148,99.75473022460938,672.1431884765625,0.0,80.78531598513011,159.2855682373047
gru,roll1,37,555,41.8229248046875,99.09196472167967,672.0081176757812,0.0,80.03020446096654,154.03919982910156
gru,roll1,38,570,41.98089065551758,99.85603332519533,672.1885375976562,0.0,80.78531598513011,159.21876525878906
gru,roll1,39,585,41.8448959350586,99.11781311035156,672.0511474609375,0.0,79.7978624535316,153.7700958251953
gru,roll1,40,600,41.960157775878905,99.722900390625,672.1840209960938,0.0,80.66914498141264,158.56845092773438
gru,roll1,41,615,41.827867126464845,99.01825714111328,672.0491943359375,0.0,79.73977695167285,153.74403381347656
gru,roll1,42,630,41.93965835571289,99.5833511352539,672.1966552734375,0.0,80.68076208178438,158.90158081054688
gru,roll1,43,645,41.84369125366211,99.05256652832033,672.0831298828125,0.0,79.53066914498142,153.69309997558594
gru,roll1,44,660,41.94921340942383,99.56775665283205,672.223388671875,0.0,80.56459107806691,158.98077392578125
gru,roll1,45,675,41.923624420166014,99.21221923828124,672.148193359375,0.0,79.26347583643123,153.39077758789062
gru,roll1,46,690,42.04821395874024,99.8866729736328,672.3228149414062,0.0,80.22769516728626,159.01036071777344
gru,roll1,47,705,42.006299591064455,99.4692611694336,672.2389526367188,0.0,78.81040892193309,153.52346801757812
gru,roll1,48,720,42.060272979736325,99.94544219970705,672.367431640625,0.0,79.89079925650557,159.01995849609375
gru,roll1,49,735,42.28003387451172,100.02689361572266,673.6898803710938,0.0,78.89172862453532,153.9697265625
gru,roll1,50,750,42.35281066894531,100.56194305419922,673.8097534179688,0.0,79.65845724907064,159.2082977294922
gru,roll1,51,765,42.36228790283203,100.271240234375,673.6964111328125,0.0,78.06691449814126,153.94073486328125
gru,roll1,52,780,42.34674453735352,100.4999542236328,673.7665405273438,0.0,79.6003717472119,159.09083557128906
gru,roll1,53,795,42.389617156982425,100.29620361328124,673.6692504882812,0.0,77.79972118959108,153.9982147216797
gru,roll1,54,810,42.33086166381836,100.45832824707033,673.7457885742188,0.0,79.42611524163569,158.44627380371094
gru,roll1,55,825,42.38525848388672,100.30960845947266,673.679931640625,0.0,77.75325278810409,153.69393920898438
gru,roll1,56,840,42.34913711547851,100.59056854248048,673.7798461914062,0.0,79.54228624535315,159.14694213867188
gru,roll1,57,855,42.40211486816406,100.40444946289062,673.6820068359375,0.0,77.41635687732342,153.89041137695312
gru,roll1,58,870,42.30773696899414,100.56170654296876,673.7492065429688,0.0,79.70492565055763,159.26185607910156
gru,roll1,59,885,42.40013580322265,100.4693603515625,673.7091064453125,0.0,77.34665427509294,154.39706420898438
gru,roll1,60,900,42.28816223144531,100.52608489990234,673.7974243164062,0.0,79.5771375464684,158.7471923828125
gru,roll1,61,915,42.35773391723633,100.31617736816406,673.6781005859375,0.0,77.62546468401487,154.04542541503906
gru,roll1,62,930,42.2339225769043,100.34822082519533,673.7013549804688,0.0,79.91403345724906,159.2279815673828
gru,roll1,63,945,42.32803726196289,100.19945526123048,673.6183471679688,0.0,77.47444237918215,153.6828155517578
gru,roll1,64,960,42.20207138061524,100.24465942382812,673.6611328125,0.0,79.85594795539033,158.88978576660156
gru,roll1,65,975,42.267659759521486,99.9814682006836,673.536376953125,0.0,77.63708178438662,153.5354461669922
gru,roll1,66,990,42.100511932373045,99.93456268310548,673.5048828125,0.0,80.11152416356877,158.66546630859375
gru,roll1,67,1005,42.18307723999023,99.81893157958984,673.3717651367188,0.0,77.98559479553904,153.56471252441406
gru,roll1,68,1020,42.07718353271484,99.80001831054688,673.4262084960938,0.0,80.30901486988847,158.66226196289062
gru,roll1,69,1035,42.1930549621582,99.75234985351562,673.3349609375,0.0,78.17146840148699,153.7256317138672
gru,roll1,70,1050,42.044921875,99.73311614990234,673.3666381835938,0.0,80.77369888475836,158.89077758789062
gru,roll1,71,1065,42.19682998657227,99.7258758544922,673.29736328125,0.0,78.20631970260223,153.6265106201172
gru,roll1,72,1080,42.12592697143555,99.82477569580078,673.3330078125,0.0,80.40195167286245,159.2396240234375
gru,roll1,73,1095,42.36930694580078,100.0517120361328,673.30126953125,0.0,77.81133828996283,153.6461639404297
gru,roll1,74,1110,42.28447265625,100.23966979980467,673.3930053710938,0.0,80.0185873605948,158.82640075683594
gru,roll1,75,1125,42.51315765380859,100.48058319091795,673.4052734375,0.0,77.56737918215613,153.7207794189453
gru,roll1,76,1140,42.360453033447264,100.46746063232422,673.5145263671875,0.0,79.86756505576209,159.43765258789062
gru,roll1,77,1155,42.55381622314453,100.5997314453125,673.5302124023438,0.0,78.03206319702602,154.19552612304688
gru,roll1,78,1170,42.431129455566406,100.55348205566406,673.5850830078125,0.0,79.75139405204462,158.6748504638672
gru,roll1,79,1185,42.60704116821289,100.65121459960938,673.5908813476562,0.0,77.86942379182156,154.06382751464844
gru,roll1,80,1200,42.43674850463867,100.49925231933594,673.6640014648438,0.0,79.86756505576209,159.88217163085938
gru,roll1,81,1215,42.56386108398438,100.43962860107422,673.6898803710938,0.0,78.21793680297398,154.51284790039062
gru,roll1,82,1230,42.44161071777344,100.46204376220705,673.7340698242188,0.0,79.68169144981412,159.58338928222656
gru,roll1,83,1245,42.54063339233399,100.40398406982422,673.683349609375,0.0,78.55483271375465,155.31295776367188
gru,roll1,84,1260,42.42921218872071,100.40225982666016,673.671875,0.0,80.06505576208178,160.85714721679688
gru,roll1,85,1275,42.47285079956055,100.20721435546876,673.6593627929688,0.0,78.7639405204461,155.62045288085938
gru,roll1,86,1290,42.40441970825195,100.27726745605467,673.694580078125,0.0,80.14637546468401,160.22132873535156
gru,roll1,87,1305,42.4553955078125,100.16248321533205,673.6964721679688,0.0,79.22862453531599,155.6879425048828
gru,roll1,88,1320,42.42172393798828,100.32611846923828,673.7259521484375,0.0,80.36710037174721,160.71241760253906
gru,roll1,89,1335,42.41675262451172,100.11557006835938,673.6466064453125,0.0,79.32156133828995,156.21546936035156
gru,roll1,90,1350,42.39934921264648,100.32291412353516,673.6497192382812,0.0,80.40195167286245,160.64219665527344
gru,roll1,91,1365,42.39857177734375,100.13616180419922,673.5624389648438,0.0,79.47258364312268,155.98587036132812
gru,roll1,92,1380,42.43308029174805,100.44986724853516,673.6104736328125,0.0,80.28578066914498,160.5123291015625
gru,roll1,93,1395,42.41653594970703,100.19859313964844,673.4632568359375,0.0,79.29832713754647,155.8302459716797
gru,roll1,94,1410,42.46191329956055,100.47956848144533,673.4307250976562,0.0,80.0185873605948,159.4546661376953
gru,roll1,95,1425,42.45886535644532,100.38770294189452,673.3800048828125,0.0,79.07760223048327,154.52459716796875
gru,roll1,96,1440,42.5229721069336,100.66602325439452,673.3882446289062,0.0,79.65845724907064,158.78994750976562
gru,roll2,1,15,17.64020538330078,45.61139678955078,211.056381225586,0.0,86.94852941176471,152.13134765625
gru,roll2,2,30,17.753986740112303,46.1148681640625,211.4384765625,0.0,88.13189338235294,153.29388427734375
gru,roll2,3,45,17.992461013793946,47.14690780639648,211.581283569336,0.0,87.44255514705883,152.56565856933594
gru,roll2,4,60,18.18587436676025,47.82658767700195,211.8892364501953,0.0,88.20082720588235,155.1946563720703
gru,roll2,5,75,18.25782165527344,48.42753219604492,211.95556640625,0.0,88.12040441176471,153.66757202148438
gru,roll2,6,90,18.305453491210937,48.43442535400391,211.89996337890625,0.0,88.03998161764706,155.0228729248047
gru,roll2,7,105,18.263115310668944,48.5527572631836,211.91851806640625,0.0,88.26976102941177,153.69093322753906
gru,roll2,8,120,18.29105930328369,48.46944427490234,211.87461853027344,0.0,88.28125,155.29612731933594
gru,roll2,9,135,18.286276054382324,48.73412322998047,211.99771118164065,0.0,88.37316176470588,153.8294219970703
gru,roll2,10,150,18.307838249206544,48.54673767089844,211.8840789794922,0.0,88.38465073529412,155.11268615722656
gru,roll2,11,165,18.291473388671875,48.744911193847656,212.0717620849609,0.0,88.30422794117648,153.62342834472656
gru,roll2,12,180,18.34679069519043,48.76874542236328,212.1299743652344,0.0,88.41911764705883,155.1029510498047
gru,roll2,13,195,18.33719825744629,48.96936798095703,212.2319793701172,0.0,88.41911764705883,153.51156616210938
gru,roll2,14,210,18.389183807373048,48.93299865722656,212.1998291015625,0.0,88.45358455882352,155.0369415283203
gru,roll2,15,225,18.384107971191405,49.146766662597656,212.2879943847656,0.0,88.36167279411765,153.62478637695312
gru,roll2,16,240,18.395173263549804,49.050323486328125,212.24713134765625,0.0,88.46507352941177,154.8602294921875
gru,roll2,17,255,18.347688102722167,49.0975227355957,212.2319183349609,0.0,88.30422794117648,153.2928466796875
gru,roll2,18,270,18.37809886932373,49.01160430908203,212.22653198242188,0.0,88.31571691176471,155.05813598632812
gru,roll2,19,285,18.366915893554687,49.1943244934082,212.2538299560547,0.0,88.41911764705883,153.56204223632812
gru,roll2,20,300,18.39644832611084,49.06591796875,212.27194213867188,0.0,88.22380514705883,154.82057189941406
gru,roll2,21,315,18.38835792541504,49.305938720703125,212.3099060058593,0.0,88.32720588235294,153.4322052001953
gru,roll2,22,330,18.425236320495607,49.199310302734375,212.37698364257807,0.0,88.33869485294117,154.9556427001953
gru,roll2,23,345,18.41322479248047,49.420047760009766,212.3523864746093,0.0,88.35018382352942,153.4755096435547
gru,roll2,24,360,18.44215221405029,49.27547073364258,212.40907287597656,0.0,88.45358455882352,155.0378875732422
gru,roll2,25,375,18.41773128509521,49.41904067993164,212.39630126953125,0.0,88.40762867647058,153.20291137695312
gru,roll2,26,390,18.475905990600587,49.36757659912109,212.4576568603516,0.0,88.09742647058823,155.4112091064453
gru,roll2,27,405,18.44328002929688,49.51671600341797,212.43898010253903,0.0,88.20082720588235,153.36468505859375
gru,roll2,28,420,18.504901313781737,49.42332458496094,212.49624633789065,0.0,88.09742647058823,155.29608154296875
gru,roll2,29,435,18.43710784912109,49.492897033691406,212.424545288086,0.0,88.17784926470588,153.11581420898438
gru,roll2,30,450,18.51749153137207,49.49602890014648,212.5303649902344,0.0,88.03998161764706,155.4430694580078
gru,roll2,31,465,18.44651069641113,49.53591537475586,212.4458770751953,0.0,88.16636029411765,153.20535278320312
gru,roll2,32,480,18.519162940979005,49.48189926147461,212.51803588867188,0.0,88.03998161764706,155.33860778808594
gru,roll2,33,495,18.44966049194336,49.51679611206055,212.4482879638672,0.0,88.22380514705883,153.099609375
gru,roll2,34,510,18.52417411804199,49.524993896484375,212.50669860839844,0.0,87.95955882352942,155.41444396972656
gru,roll2,35,525,18.45366802215576,49.54356384277344,212.4438323974609,0.0,88.10891544117648,152.97055053710938
gru,roll2,36,540,18.529241943359374,49.52168273925781,212.5034637451172,0.0,88.03998161764706,155.3295440673828
gru,roll2,37,555,18.446510887146,49.50738143920898,212.41876220703125,0.0,87.90211397058823,152.94285583496094
gru,roll2,38,570,18.54259071350097,49.51874923706055,212.4828643798828,0.0,87.97104779411765,155.6561737060547
gru,roll2,39,585,18.458859062194826,49.536224365234375,212.40884399414065,0.0,87.93658088235294,153.1766357421875
gru,roll2,40,600,18.53499355316162,49.48473739624024,212.4693145751953,0.0,87.93658088235294,155.66676330566406
gru,roll2,41,615,18.4384464263916,49.48177337646485,212.36959838867188,0.0,87.84466911764706,153.0420379638672
gru,roll2,42,630,18.51258754730225,49.45647430419922,212.4213256835937,0.0,87.90211397058823,155.04510498046875
gru,roll2,43,645,18.42258815765381,49.42488098144531,212.3179626464844,0.0,87.94806985294117,152.81729125976562
gru,roll2,44,660,18.49499797821045,49.382938385009766,212.39031982421875,0.0,87.85615808823529,155.25328063964844
gru,roll2,45,675,18.423499870300294,49.43812561035156,212.309799194336,0.0,87.58042279411765,152.9080352783203
gru,roll2,46,690,18.52367458343506,49.552371978759766,212.3756866455078,0.0,87.53446691176471,154.53384399414062
gru,roll2,47,705,18.440503692626955,49.56246566772461,212.2672882080078,0.0,87.39659926470588,152.10836791992188
gru,roll2,48,720,18.499596786499023,49.48843765258789,212.30044555664065,0.0,87.37362132352942,154.27529907226562
gru,roll2,49,735,18.436855125427247,49.596282958984375,212.2044677734375,0.0,87.09788602941177,151.80111694335938
gru,roll2,50,750,18.515578842163087,49.6201286315918,212.2630310058593,0.0,86.92555147058823,153.62713623046875
gru,roll2,51,765,18.434660339355467,49.658878326416016,212.1663360595703,0.0,86.77619485294117,150.9754180908203
gru,roll2,52,780,18.502157783508306,49.65502548217773,212.2259216308593,0.0,86.83363970588235,153.05152893066406
gru,roll2,53,795,18.44479503631592,49.740760803222656,212.154052734375,0.0,86.69577205882352,150.8938751220703
gru,roll2,54,810,18.509121704101563,49.74751281738281,212.22471618652344,0.0,86.66130514705883,152.8897705078125
gru,roll2,55,825,18.45245513916016,49.810546875,212.21832275390625,0.0,86.24770220588235,150.17852783203125
gru,roll2,56,840,18.512355422973634,49.827903747558594,212.2483825683593,0.0,86.67279411764706,152.2410125732422
gru,roll2,57,855,18.450929260253908,49.85650253295898,212.21337890625,0.0,85.98345588235294,149.45433044433594
gru,roll2,58,870,18.477688217163085,49.73846435546875,212.2296142578125,0.0,86.62683823529412,151.9735870361328
gru,roll2,59,885,18.408059310913085,49.76374435424805,212.17059326171875,0.0,86.01792279411765,149.02456665039062
gru,roll2,60,900,18.46985454559326,49.82751083374024,212.2201995849609,0.0,86.5234375,151.40542602539062
gru,roll2,61,915,18.40173473358154,49.73497772216797,212.1517028808593,0.0,86.07536764705883,148.65127563476562
gru,roll2,62,930,18.431430625915528,49.66178131103516,212.1620635986328,0.0,86.38556985294117,150.67410278320312
gru,roll2,63,945,18.36077747344971,49.600868225097656,212.0608367919922,0.0,85.81112132352942,147.71835327148438
gru,roll2,64,960,18.448386192321777,49.74600982666016,212.1666259765625,0.0,86.17876838235294,150.59939575195312
gru,roll2,65,975,18.35221786499024,49.63820266723633,212.05593872070312,0.0,85.94898897058823,147.28785705566406
gru,roll2,66,990,18.3810604095459,49.47138595581055,212.0861358642578,0.0,86.16727941176471,150.3058319091797
gru,roll2,67,1005,18.3066785812378,49.49348831176758,212.02908325195312,0.0,85.67325367647058,146.75906372070312
gru,roll2,68,1020,18.386752700805665,49.55513381958008,212.13026428222656,0.0,86.14430147058823,149.8692626953125
gru,roll2,69,1035,18.31834831237793,49.58658218383789,212.08840942382807,0.0,85.59283088235294,145.97874450683594
gru,roll2,70,1050,18.35638217926025,49.40071105957031,212.1182556152344,0.0,86.17876838235294,149.6483154296875
gru,roll2,71,1065,18.30492935180664,49.508907318115234,212.0920562744141,0.0,85.29411764705883,145.70858764648438
gru,roll2,72,1080,18.357276344299315,49.47521209716797,212.1516876220703,0.0,86.10983455882352,148.9166717529297
gru,roll2,73,1095,18.34779167175293,49.70338821411133,212.23341369628903,0.0,85.21369485294117,144.78204345703125
gru,roll2,74,1110,18.38241844177246,49.46073532104492,212.28536987304688,0.0,86.16727941176471,149.1319122314453
gru,roll2,75,1125,18.355449295043947,49.68551635742188,212.3510589599609,0.0,85.12178308823529,144.8499298095703
gru,roll2,76,1140,18.393796920776367,49.50050735473633,212.3668212890625,0.0,86.23621323529412,148.80535888671875
gru,roll2,77,1155,18.390537643432616,49.78389358520508,212.4600524902344,0.0,85.20220588235294,144.83619689941406
gru,roll2,78,1170,18.409203338623048,49.56044006347656,212.4301300048828,0.0,86.02941176470588,148.8197479248047
gru,roll2,79,1185,18.40118541717529,49.81141662597656,212.55303955078125,0.0,85.07582720588235,144.60328674316406
gru,roll2,80,1200,18.437917518615723,49.53651809692383,212.5297698974609,0.0,85.98345588235294,149.03115844726562
gru,roll2,81,1215,18.418548393249512,49.81806182861328,212.6043701171875,0.0,84.94944852941177,144.4318084716797
gru,roll2,82,1230,18.43685550689697,49.58448791503906,212.55416870117188,0.0,86.05238970588235,148.5918731689453
gru,roll2,83,1245,18.421345138549803,49.78891372680664,212.577865600586,0.0,84.9609375,144.4079132080078
gru,roll2,84,1260,18.47067756652832,49.594181060791016,212.62619018554688,0.0,85.9375,148.92633056640625
gru,roll2,85,1275,18.43038272857666,49.83016586303711,212.5575408935547,0.0,84.99540441176471,144.18980407714844
gru,roll2,86,1290,18.48965339660645,49.7032585144043,212.6416931152344,0.0,85.89154411764706,148.4738006591797
gru,roll2,87,1305,18.45523624420166,49.93463897705078,212.54019165039065,0.0,84.67371323529412,143.8353271484375
gru,roll2,88,1320,18.513984870910644,49.7801628112793,212.7122802734375,0.0,85.7421875,148.5070037841797
gru,roll2,89,1335,18.46739273071289,49.98864364624024,212.5714263916016,0.0,84.52435661764706,143.62734985351562
gru,roll2,90,1350,18.51619052886963,49.86931228637695,212.6261138916016,0.0,85.62729779411765,147.81460571289062
gru,roll2,91,1365,18.470323181152345,50.04689025878906,212.4908142089844,0.0,84.44393382352942,143.36888122558594
gru,roll2,92,1380,18.50923843383789,49.94135284423828,212.6957855224609,0.0,85.71920955882352,147.6741943359375
gru,roll2,93,1395,18.47796077728272,50.134033203125,212.66651916503903,0.0,84.55882352941177,143.12948608398438
gru,roll2,94,1410,18.540089416503907,50.08100128173828,212.71951293945312,0.0,85.3515625,146.8605194091797
gru,roll2,95,1425,18.459839248657225,50.08880233764648,212.73097229003903,0.0,84.74264705882352,143.28590393066406
gru,roll2,96,1440,18.52890224456787,50.08193206787109,212.7281188964844,0.0,85.71920955882352,147.0740966796875
gru,roll3,1,15,15.306464767456054,40.360450744628906,62.99454879760742,0.0,85.91468322410026,154.38467407226562
gru,roll3,2,30,15.780343055725098,42.11090469360352,65.16998291015625,0.0,84.35092560653099,152.95533752441406
gru,roll3,3,45,16.136197662353517,43.83401107788086,66.20075988769531,0.0,84.2244452109923,154.15744018554688
gru,roll3,4,60,16.509366035461426,45.33189010620117,67.78650665283203,0.0,83.74152006439002,154.81004333496094
gru,roll3,5,75,16.989857482910157,47.57135772705078,69.18321228027344,0.0,83.77601471771875,157.4006805419922
gru,roll3,6,90,16.831149864196778,46.74231719970703,68.8846664428711,0.0,83.3275842244452,154.4086456298828
gru,roll3,7,105,17.25716781616211,48.6820182800293,70.13789367675781,0.0,82.97113947338163,157.0030059814453
gru,roll3,8,120,17.02526988983154,47.54823684692383,69.55781555175781,0.0,82.94814303782914,155.0550079345703
gru,roll3,9,135,17.613307762145997,50.06142044067383,71.35670471191406,0.0,82.15476601126825,157.8157501220703
gru,roll3,10,150,17.115910911560057,47.88222122192383,69.85404205322266,0.0,82.55720363343681,155.6431427001953
gru,roll3,11,165,17.685648727416993,50.29603576660156,71.61300659179688,0.0,82.33873749568816,158.36415100097656
gru,roll3,12,180,17.26682815551758,48.46812057495117,70.39393615722656,0.0,82.39622858456939,156.3168487548828
gru,roll3,13,195,18.05729236602783,51.55767059326172,72.9875717163086,0.0,81.00494423364378,157.67759704589844
gru,roll3,14,210,17.48213882446289,49.28873825073242,71.13619995117188,0.0,82.31574106013568,157.13758850097656
gru,roll3,15,225,18.30023193359375,52.322044372558594,73.83035278320312,0.0,80.68299413590894,157.83961486816406
gru,roll3,16,240,17.634098243713378,49.84523391723633,71.66309356689453,0.0,82.17776244682075,157.08154296875
gru,roll3,17,255,18.56688823699951,53.15598678588867,74.79049682617188,0.0,79.70564562492814,157.26966857910156
gru,roll3,18,270,17.834995079040528,50.5712776184082,72.41850280761719,0.0,82.21225710014947,158.44715881347656
gru,roll3,19,285,18.7763334274292,53.76269912719727,75.52525329589844,0.0,79.26871334943084,157.37786865234375
gru,roll3,20,300,17.951314163208007,50.97948455810547,72.84713745117188,0.0,81.55685868690354,158.0564422607422
gru,roll3,21,315,18.88079509735108,54.07501220703125,75.94625854492188,0.0,78.96975968724847,157.17140197753906
gru,roll3,22,330,18.07572822570801,51.482078552246094,73.34690856933594,0.0,81.66034264688973,159.8319854736328
gru,roll3,23,345,18.961873054504395,54.29282379150391,76.24259185791016,0.0,78.96975968724847,157.4986114501953
gru,roll3,24,360,18.123005294799803,51.59076690673828,73.54974365234375,0.0,81.45337472691733,159.29942321777344
gru,roll3,25,375,18.88906192779541,54.06916427612305,76.0445327758789,0.0,79.03874899390595,157.27340698242188
gru,roll3,26,390,18.33777275085449,52.28981018066406,74.41875457763672,0.0,80.77497987811888,158.99403381347656
gru,roll3,27,405,18.928225326538087,54.19026947021485,76.22647857666016,0.0,78.96975968724847,157.21054077148438
gru,roll3,28,420,18.323246955871586,52.29317092895508,74.41502380371094,0.0,81.00494423364378,159.35757446289062
gru,roll3,29,435,18.85812759399414,54.00368881225586,76.0415267944336,0.0,79.24571691387835,157.3664093017578
gru,roll3,30,450,18.44305248260498,52.67229080200195,74.9039077758789,0.0,80.74048522479016,159.05052185058594
gru,roll3,31,465,18.838876152038573,53.96813201904297,75.97795104980469,0.0,78.95826146947223,157.31947326660156
gru,roll3,32,480,18.36598320007324,52.4579963684082,74.64874267578125,0.0,80.86696562032884,159.04318237304688
gru,roll3,33,495,18.760746002197266,53.72818374633789,75.65849304199219,0.0,79.07324364723468,156.92172241210938
gru,roll3,34,510,18.36258487701416,52.4837646484375,74.67568969726562,0.0,80.8554674025526,158.70916748046875
gru,roll3,35,525,18.6869140625,53.504920959472656,75.45613861083984,0.0,79.24571691387835,156.8990478515625
gru,roll3,36,540,18.326766395568846,52.40654373168945,74.57896423339844,0.0,80.91295849143383,158.30157470703125
gru,roll3,37,555,18.58596534729004,53.20864868164063,75.16028594970703,0.0,79.60216166494195,157.15798950195312
gru,roll3,38,570,18.304103088378906,52.3554801940918,74.51519775390625,0.0,80.80947453144762,157.60765075683594
gru,roll3,39,585,18.51850109100342,52.96992111206055,74.91204833984375,0.0,79.92411176267679,156.84536743164062
gru,roll3,40,600,18.243114471435547,52.17314529418945,74.26319885253906,0.0,80.99344601586755,157.51565551757812
gru,roll3,41,615,18.41207656860352,52.64886474609375,74.54371643066406,0.0,80.09658502932045,157.2398223876953
gru,roll3,42,630,18.13428840637207,51.81166076660156,73.90576171875,0.0,81.13142462918248,157.47842407226562
gru,roll3,43,645,18.35203609466553,52.41956329345703,74.32312774658203,0.0,79.84362423824307,156.55064392089844
gru,roll3,44,660,18.078779029846192,51.68211364746094,73.65523529052734,0.0,80.99344601586755,157.42665100097656
gru,roll3,45,675,18.330664253234865,52.4779167175293,74.1918716430664,0.0,79.93560998045302,156.5450897216797
gru,roll3,46,690,17.95294780731201,51.22929000854492,73.20616912841797,0.0,80.99344601586755,157.03195190429688
gru,roll3,47,705,18.203063774108887,52.091609954833984,73.73888397216797,0.0,80.38404047372657,156.75071716308594
gru,roll3,48,720,17.894511222839355,51.13364791870117,72.95556640625,0.0,81.28090146027365,156.7305908203125
gru,roll3,49,735,18.186887359619146,52.1944694519043,73.5921630859375,0.0,80.70599057146143,156.85699462890625
gru,roll3,50,750,17.776203918457032,50.72793960571289,72.51285552978516,0.0,81.37288720248361,156.5917510986328
gru,roll3,51,765,18.127243041992188,52.06571960449219,73.35245513916016,0.0,80.65999770035644,156.87306213378906
gru,roll3,52,780,17.686345863342286,50.490943908691406,72.15866088867188,0.0,81.94779809129585,157.12388610839844
gru,roll3,53,795,18.29224357604981,52.74111557006836,73.73287200927734,0.0,79.99310106933424,156.3131561279297
gru,roll3,54,810,17.6609224319458,50.47792816162109,72.0213394165039,0.0,81.7293319535472,156.56512451171875
gru,roll3,55,825,18.31407699584961,52.863651275634766,73.71099090576172,0.0,79.7976313671381,155.82379150390625
gru,roll3,56,840,17.632871627807617,50.43913269042969,71.81343078613281,0.0,81.76382660687594,156.5931396484375
gru,roll3,57,855,18.49669666290283,53.44843292236328,74.10787963867188,0.0,79.30320800275958,155.58206176757812
gru,roll3,58,870,17.566713333129883,50.16991424560547,71.51641082763672,0.0,81.56835690467977,156.74253845214844
gru,roll3,59,885,18.51744575500488,53.51771545410156,74.06465911865234,0.0,79.06174542945843,155.62393188476562
gru,roll3,60,900,17.5956937789917,50.25843048095703,71.5108642578125,0.0,81.57985512245602,156.10714721679688
gru,roll3,61,915,18.596409225463866,53.71488571166992,74.18171691894531,0.0,78.61331493618489,155.40509033203125
gru,roll3,62,930,17.542802619934083,49.98325347900391,71.210693359375,0.0,81.80981947798091,157.080078125
gru,roll3,63,945,18.65612068176269,53.91183471679688,74.33594512939453,0.0,78.19937909624008,154.79681396484375
gru,roll3,64,960,17.600169372558593,50.15524673461914,71.32943725585938,0.0,81.4188800735886,156.45045471191406
gru,roll3,65,975,18.7041955947876,54.03828811645508,74.48094940185547,0.0,77.75094860296655,154.60365295410156
gru,roll3,66,990,17.80272674560547,50.87291717529297,71.97956085205078,0.0,80.72898700701391,156.0985107421875
gru,roll3,67,1005,18.82966747283936,54.43115615844727,74.92304992675781,0.0,77.27952167414051,154.01605224609375
gru,roll3,68,1020,17.834155464172362,50.85973739624024,72.21324920654297,0.0,80.65999770035644,155.7400665283203
gru,roll3,69,1035,18.75872974395752,54.112754821777344,74.81717681884766,0.0,77.5094860296654,154.3319549560547
gru,roll3,70,1050,18.041484451293947,51.55686569213867,72.89196014404297,0.0,80.13107968264919,156.0554962158203
gru,roll3,71,1065,18.78403396606445,54.18193054199219,74.91654205322266,0.0,77.46349315856042,154.0739288330078
gru,roll3,72,1080,18.09105529785156,51.70241928100586,73.06120300292969,0.0,80.25756007818788,156.23187255859375
gru,roll3,73,1095,18.66279544830322,53.74668884277344,74.51554870605469,0.0,77.88892721628147,154.36672973632812
gru,roll3,74,1110,18.21861362457276,52.13370513916016,73.5531997680664,0.0,79.9011153271243,155.7137451171875
gru,roll3,75,1125,18.66119880676269,53.73804473876953,74.53762817382812,0.0,78.21087731401633,154.24319458007812
gru,roll3,76,1140,18.2123233795166,52.10634231567383,73.53165435791016,0.0,79.84362423824307,155.75877380371094
gru,roll3,77,1155,18.479492378234863,53.08975601196289,73.93972778320312,0.0,78.32585949177877,154.28050231933594
gru,roll3,78,1170,18.29773063659668,52.38829803466797,73.87992858886719,0.0,79.6711509715994,155.0476531982422
gru,roll3,79,1185,18.470994186401366,53.021949768066406,73.93743133544922,0.0,78.54432562952742,153.9873504638672
gru,roll3,80,1200,18.277077293396,52.29005813598633,73.8564453125,0.0,79.86662067379557,155.0614776611328
gru,roll3,81,1215,18.28855743408203,52.32761001586914,73.35794067382812,0.0,78.91226859836725,153.69183349609375
gru,roll3,82,1230,18.299016571044923,52.4373779296875,73.97259521484375,0.0,79.59066344716568,154.3915557861328
gru,roll3,83,1245,18.211419105529785,52.01618957519531,73.08513641357422,0.0,79.1537311716684,153.65032958984375
gru,roll3,84,1260,18.27405319213868,52.32014846801758,73.89176177978516,0.0,79.75163849603312,155.0189666748047
gru,roll3,85,1275,18.12836513519288,51.68690490722656,72.81370544433594,0.0,79.37219730941703,153.5981903076172
gru,roll3,86,1290,18.18443374633789,52.000938415527344,73.5241470336914,0.0,79.86662067379557,154.7561798095703
gru,roll3,87,1305,17.983036994934082,51.07343673706055,72.2828140258789,0.0,79.22272047832585,152.95407104492188
gru,roll3,88,1320,18.13495616912842,51.77082443237305,73.32496643066406,0.0,79.86662067379557,154.63076782226562
gru,roll3,89,1335,17.97478332519531,50.99858474731445,72.30988311767578,0.0,79.30320800275958,153.1427459716797
gru,roll3,90,1350,17.90685043334961,50.85536956787109,72.45657348632812,0.0,80.03909394043923,153.77171325683594
gru,roll3,91,1365,17.80376491546631,50.29170227050781,71.79082489013672,0.0,79.6711509715994,152.90802001953125
gru,roll3,92,1380,17.96701583862305,51.07378005981445,72.72113800048828,0.0,80.07358859376797,154.0946807861328
gru,roll3,93,1395,17.9446813583374,50.86019515991211,72.39221954345703,0.0,79.54467057606071,153.62149047851562
gru,roll3,94,1410,17.751034545898438,50.09984970092773,72.0257568359375,0.0,80.29205473151661,153.2244110107422
gru,roll3,95,1425,17.831910133361816,50.3602409362793,72.1724853515625,0.0,79.8781188915718,153.16969299316406
gru,roll3,96,1440,17.88259963989258,50.5954475402832,72.59909057617188,0.0,80.13107968264919,153.9146728515625
mr_lstm,roll0,1,15,24.14313125610352,62.53279876708984,326.7369689941406,0.0,83.27067669172934,165.45611572265625
mr_lstm,roll0,2,30,24.10982475280762,62.22153854370117,326.7209167480469,0.0,81.75516917293233,160.44393920898438
mr_lstm,roll0,3,45,24.42015838623047,63.55613327026367,326.96502685546875,0.0,82.38956766917293,163.13177490234375
mr_lstm,roll0,4,60,24.2307861328125,62.6214599609375,326.8230285644531,0.0,81.15601503759399,159.52149963378906
mr_lstm,roll0,5,75,24.44654312133789,63.61085891723633,326.9308166503906,0.0,82.13110902255639,163.12429809570312
mr_lstm,roll0,6,90,24.293000411987304,62.89829254150391,326.8458251953125,0.0,80.82706766917293,159.74688720703125
mr_lstm,roll0,7,105,24.49166412353516,63.8399772644043,327.0595092773437,0.0,82.28383458646617,164.01405334472656
mr_lstm,roll0,8,120,24.34306373596192,63.07555389404297,326.89892578125,0.0,80.92105263157895,158.9773406982422
mr_lstm,roll0,9,135,24.462285232543945,63.692527770996094,326.9801025390625,0.0,82.44830827067669,164.13607788085938
mr_lstm,roll0,10,150,24.36004905700684,63.08328628540039,326.8424377441406,0.0,80.92105263157895,158.6310577392578
mr_lstm,roll0,11,165,24.519600296020503,63.813232421875,327.0193786621094,0.0,81.9078947368421,162.93045043945312
mr_lstm,roll0,12,180,24.30103988647461,62.95980072021485,326.8258361816406,0.0,81.17951127819549,159.53135681152344
mr_lstm,roll0,13,195,24.51799201965332,63.91583251953125,326.9873046875,0.0,82.09586466165413,162.90487670898438
mr_lstm,roll0,14,210,24.29438781738281,63.04693984985352,326.8482666015625,0.0,81.35573308270678,160.12832641601562
mr_lstm,roll0,15,225,24.493349456787108,63.93968963623047,327.0146789550781,0.0,82.37781954887218,164.7063751220703
mr_lstm,roll0,16,240,24.3082820892334,63.171485900878906,326.8877258300781,0.0,81.44971804511279,160.878662109375
mr_lstm,roll0,17,255,24.521364212036133,64.05805969238281,327.0814208984375,0.0,82.02537593984962,163.47402954101562
mr_lstm,roll0,18,270,24.31157112121582,63.1900634765625,326.9627380371094,0.0,81.14426691729322,160.50506591796875
mr_lstm,roll0,19,285,24.569329071044923,64.2647476196289,327.1418151855469,0.0,81.69642857142857,163.14564514160156
mr_lstm,roll0,20,300,24.377149963378905,63.40383529663086,327.034912109375,0.0,80.55686090225564,158.582275390625
mr_lstm,roll0,21,315,24.450078201293945,63.8901481628418,327.1318054199219,0.0,82.55404135338345,165.86636352539062
mr_lstm,roll0,22,330,24.26758155822754,63.12652587890625,326.9989929199219,0.0,81.09727443609023,159.65902709960938
mr_lstm,roll0,23,345,24.42921104431152,63.92173004150391,327.12811279296875,0.0,82.42481203007519,164.78688049316406
mr_lstm,roll0,24,360,24.28937721252441,63.30426788330078,327.0515441894531,0.0,81.42622180451127,160.41163635253906
mr_lstm,roll0,25,375,24.40172271728516,63.87895202636719,327.07196044921875,0.0,82.74201127819549,165.71099853515625
mr_lstm,roll0,26,390,24.282272338867188,63.28459167480469,327.0611267089844,0.0,81.37922932330827,160.8966827392578
mr_lstm,roll0,27,405,24.474545669555663,64.14156341552734,327.1374206542969,0.0,82.26033834586465,163.98031616210938
mr_lstm,roll0,28,420,24.24783592224121,63.110572814941406,327.0285949707031,0.0,81.296992481203,160.51451110839844
mr_lstm,roll0,29,435,24.4125617980957,63.83070373535156,327.1098937988281,0.0,82.57753759398496,164.84213256835938
mr_lstm,roll0,30,450,24.302265167236328,63.242942810058594,327.02423095703125,0.0,80.85056390977444,158.7239990234375
mr_lstm,roll0,31,465,24.45483131408692,63.9591178894043,327.1331481933594,0.0,82.31907894736842,164.35394287109375
mr_lstm,roll0,32,480,24.232908248901367,62.950313568115234,327.0057983398437,0.0,81.23825187969925,160.81539916992188
mr_lstm,roll0,33,495,24.46599884033203,64.02255249023438,327.15576171875,0.0,82.34257518796993,164.6444091796875
mr_lstm,roll0,34,510,24.25328979492188,63.02832794189453,327.0472717285156,0.0,81.02678571428571,159.3689727783203
mr_lstm,roll0,35,525,24.46343650817871,64.0342788696289,327.15673828125,0.0,82.13110902255639,163.52456665039062
mr_lstm,roll0,36,540,24.22176513671875,62.88941192626953,327.0462646484375,0.0,81.01503759398496,159.53024291992188
mr_lstm,roll0,37,555,24.369090270996093,63.6486930847168,327.0340576171875,0.0,82.21334586466166,163.86634826660156
mr_lstm,roll0,38,570,24.281213760375977,63.09178924560547,326.9897155761719,0.0,80.56860902255639,158.22975158691406
mr_lstm,roll0,39,585,24.359673690795898,63.59015274047852,326.9862365722656,0.0,82.40131578947368,164.5813446044922
mr_lstm,roll0,40,600,24.261194229125977,63.02231597900391,326.95709228515625,0.0,80.70958646616542,159.0339813232422
mr_lstm,roll0,41,615,24.38159599304199,63.70674514770508,326.9964904785156,0.0,82.06062030075188,163.4005889892578
mr_lstm,roll0,42,630,24.19637680053711,62.720947265625,326.9408874511719,0.0,80.86231203007519,159.7189178466797
mr_lstm,roll0,43,645,24.408845138549804,63.82114410400391,327.01055908203125,0.0,82.07236842105263,163.34751892089844
mr_lstm,roll0,44,660,24.193507385253906,62.719505310058594,326.87457275390625,0.0,80.85056390977444,159.3660430908203
mr_lstm,roll0,45,675,24.5496883392334,64.28791046142578,327.1102294921875,0.0,81.32048872180451,161.66339111328125
mr_lstm,roll0,46,690,24.313809967041017,63.15806198120117,327.0067443847656,0.0,80.31015037593986,158.53369140625
mr_lstm,roll0,47,705,24.501510238647462,64.11775970458984,327.078369140625,0.0,81.50845864661655,163.36766052246094
mr_lstm,roll0,48,720,24.31404037475586,63.1594352722168,327.0237731933594,0.0,80.49812030075188,159.74839782714844
mr_lstm,roll0,49,735,24.487474060058595,63.99702453613281,327.0913391113281,0.0,81.57894736842105,164.4434814453125
mr_lstm,roll0,50,750,24.40240974426269,63.5030403137207,327.1268920898437,0.0,79.65225563909775,157.84376525878906
mr_lstm,roll0,51,765,24.60284423828125,64.43840789794922,327.1792907714844,0.0,80.3453947368421,160.82598876953125
mr_lstm,roll0,52,780,24.40980758666992,63.52785110473633,327.1061096191406,0.0,79.4172932330827,157.0948486328125
mr_lstm,roll0,53,795,24.683089447021484,64.80831146240234,327.2688903808594,0.0,80.31015037593986,161.21331787109375
mr_lstm,roll0,54,810,24.50252685546875,63.9565315246582,327.1939697265625,0.0,79.3703007518797,157.6130828857422
mr_lstm,roll0,55,825,24.77879905700684,65.17256164550781,327.2959899902344,0.0,79.99295112781954,160.18836975097656
mr_lstm,roll0,56,840,24.514528274536133,64.05915832519531,327.1033630371094,0.0,79.57001879699249,158.38864135742188
mr_lstm,roll0,57,855,24.725749588012697,65.06897735595703,327.21783447265625,0.0,80.50986842105263,161.6221923828125
mr_lstm,roll0,58,870,24.50675811767578,64.16780853271484,327.0596923828125,0.0,79.7109962406015,159.36831665039062
mr_lstm,roll0,59,885,24.697389221191408,65.0672607421875,327.0660400390625,0.0,80.49812030075188,162.88218688964844
mr_lstm,roll0,60,900,24.51961898803711,64.2879867553711,327.02056884765625,0.0,79.38204887218046,157.04071044921875
mr_lstm,roll0,61,915,24.64730262756348,64.94855499267578,327.0214233398437,0.0,80.75657894736842,162.40750122070312
mr_lstm,roll0,62,930,24.460642623901368,64.11016845703125,326.9018249511719,0.0,79.87546992481202,159.2291717529297
mr_lstm,roll0,63,945,24.73277359008789,65.29620361328125,327.067138671875,0.0,80.14567669172934,159.87628173828125
mr_lstm,roll0,64,960,24.47942810058593,64.24960327148438,326.9713439941406,0.0,79.08834586466166,156.94729614257812
mr_lstm,roll0,65,975,24.692930221557617,65.2120132446289,327.0789489746094,0.0,80.2749060150376,160.5312042236328
mr_lstm,roll0,66,990,24.46867332458496,64.2315673828125,326.98876953125,0.0,79.38204887218046,156.83641052246094
mr_lstm,roll0,67,1005,24.68738441467285,65.30110931396484,327.1856994628906,0.0,81.00328947368422,162.82083129882812
mr_lstm,roll0,68,1020,24.49037017822265,64.27861022949219,327.0205078125,0.0,79.33505639097744,157.27621459960938
mr_lstm,roll0,69,1035,24.655354309082032,65.07319641113281,327.07867431640625,0.0,81.15601503759399,162.62916564941406
mr_lstm,roll0,70,1050,24.45714149475097,64.20748901367188,327.0009460449219,0.0,79.75798872180451,158.78067016601562
mr_lstm,roll0,71,1065,24.723427963256835,65.28184509277344,327.2064819335937,0.0,80.49812030075188,161.8377227783203
mr_lstm,roll0,72,1080,24.498040771484376,64.26493835449219,327.0709228515625,0.0,79.25281954887218,157.9444122314453
mr_lstm,roll0,73,1095,24.78669548034668,65.37348937988281,327.2830810546875,0.0,79.72274436090225,160.3455047607422
mr_lstm,roll0,74,1110,24.615760803222656,64.70316314697266,327.2120666503906,0.0,79.1000939849624,157.92849731445312
mr_lstm,roll0,75,1125,24.933912658691405,65.87255096435547,327.42144775390625,0.0,79.60526315789474,161.71514892578125
mr_lstm,roll0,76,1140,24.75908966064453,65.14839935302734,327.3146667480469,0.0,78.91212406015038,158.8227081298828
mr_lstm,roll0,77,1155,25.069838333129884,66.3052978515625,327.4624328613281,0.0,79.48778195488721,163.17579650878906
mr_lstm,roll0,78,1170,24.93559112548828,65.72665405273438,327.43218994140625,0.0,78.57142857142857,158.52554321289062
mr_lstm,roll0,79,1185,25.216611099243163,66.64291381835938,327.6103820800781,0.0,78.64191729323309,160.73777770996094
mr_lstm,roll0,80,1200,25.03660774230957,65.89579772949219,327.4506225585937,0.0,77.81954887218046,156.7427978515625
mr_lstm,roll0,81,1215,25.31018943786621,66.82996368408203,327.6595764160156,0.0,78.08975563909775,158.79469299316406
mr_lstm,roll0,82,1230,25.143548202514648,66.3294448852539,327.5463256835937,0.0,78.04276315789474,158.75267028808594
mr_lstm,roll0,83,1245,25.37174301147461,67.15779876708984,327.6791076660156,0.0,78.4187030075188,160.9146728515625
mr_lstm,roll0,84,1260,24.880519485473634,65.67384338378906,324.58074951171875,0.0,77.64332706766918,156.67604064941406
mr_lstm,roll0,85,1275,25.167960739135744,66.70487213134766,324.7791748046875,0.0,77.7843045112782,158.96522521972656
mr_lstm,roll0,86,1290,24.93248329162597,65.79133605957031,324.65264892578125,0.0,76.86795112781954,155.18447875976562
mr_lstm,roll0,87,1305,25.2134952545166,66.91552734375,324.9200439453125,0.0,77.71381578947368,159.56689453125
mr_lstm,roll0,88,1320,24.91969947814941,65.7702407836914,324.72320556640625,0.0,77.02067669172934,154.70159912109375
mr_lstm,roll0,89,1335,25.23899955749512,66.97012329101562,324.9541320800781,0.0,77.25563909774436,157.98312377929688
mr_lstm,roll0,90,1350,25.0578727722168,66.33635711669922,324.8766174316406,0.0,77.81954887218046,158.3274688720703
mr_lstm,roll0,91,1365,25.271078491210936,67.07331848144531,324.9893493652344,0.0,77.50234962406014,157.92333984375
mr_lstm,roll0,92,1380,25.08367462158203,66.35899353027344,324.81524658203125,0.0,77.13815789473685,155.80743408203125
mr_lstm,roll0,93,1395,25.37353744506836,67.42411804199219,325.0735168457031,0.0,77.44360902255639,159.22987365722656
mr_lstm,roll0,94,1410,25.09827537536621,66.35774230957031,324.9137268066406,0.0,76.8562030075188,154.09750366210938
mr_lstm,roll0,95,1425,25.41862411499024,67.567138671875,325.2801818847656,0.0,77.39661654135338,159.35614013671875
mr_lstm,roll0,96,1440,25.148408508300783,66.47212982177734,325.25445556640625,0.0,76.515507518797,154.0586700439453
mr_lstm,roll1,1,15,41.56651840209961,96.46189880371094,671.278076171875,0.0,74.90706319702602,151.32838439941406
mr_lstm,roll1,2,30,41.6592399597168,96.99188232421876,671.2628173828125,0.0,73.81505576208178,147.89968872070312
mr_lstm,roll1,3,45,41.791445922851565,97.81075286865234,671.2387084960938,0.0,73.40845724907064,146.60406494140625
mr_lstm,roll1,4,60,41.79204483032227,97.253662109375,671.1820068359375,0.0,71.72397769516728,141.4512176513672
mr_lstm,roll1,5,75,41.766387939453125,97.50826263427734,671.1475219726562,0.0,74.01254646840148,147.56942749023438
mr_lstm,roll1,6,90,41.864847564697264,97.79093933105467,671.1777954101562,0.0,73.58271375464685,148.26478576660156
mr_lstm,roll1,7,105,41.889096069335935,97.76466369628906,671.2533569335938,0.0,72.97862453531599,147.5825653076172
mr_lstm,roll1,8,120,41.8759880065918,98.07215118408205,671.2171020507812,0.0,72.64172862453532,144.87164306640625
mr_lstm,roll1,9,135,41.83059387207031,97.3823013305664,671.1867065429688,0.0,73.36198884758365,148.117431640625
mr_lstm,roll1,10,150,41.88047332763672,98.11811065673828,671.1405639648438,0.0,73.64079925650557,146.41690063476562
mr_lstm,roll1,11,165,41.805870819091794,97.40731048583984,671.0545043945312,0.0,73.02509293680298,144.77005004882812
mr_lstm,roll1,12,180,41.85391921997071,97.49292755126952,671.038330078125,0.0,73.89637546468401,149.2738037109375
mr_lstm,roll1,13,195,41.86627349853516,97.64167022705078,671.0882568359375,0.0,72.97862453531599,145.5774688720703
mr_lstm,roll1,14,210,41.986670684814456,98.04866027832033,671.1915283203125,0.0,73.68726765799256,150.5031280517578
mr_lstm,roll1,15,225,41.93280639648437,97.6881103515625,671.1466674804688,0.0,72.885687732342,148.31568908691406
mr_lstm,roll1,16,240,42.19052734375,98.45132446289062,671.3328857421875,0.0,73.01347583643123,150.5048370361328
mr_lstm,roll1,17,255,41.8769645690918,97.6586456298828,671.1681518554688,0.0,72.56040892193309,146.24246215820312
mr_lstm,roll1,18,270,41.962712097167966,97.85659790039062,671.2257690429688,0.0,72.932156133829,149.77352905273438
mr_lstm,roll1,19,285,41.8446891784668,97.67218780517578,671.2264404296875,0.0,72.14219330855019,143.6918182373047
mr_lstm,roll1,20,300,41.91218490600586,98.02728271484376,671.3167724609375,0.0,71.78206319702602,142.3348846435547
mr_lstm,roll1,21,315,41.90431900024414,97.52728271484376,671.2603759765625,0.0,73.66403345724906,152.5296173095703
mr_lstm,roll1,22,330,41.82860260009765,97.17938232421876,671.1781005859375,0.0,72.5139405204461,145.4583740234375
mr_lstm,roll1,23,345,41.82576370239258,97.38107299804688,671.2069702148438,0.0,73.19934944237917,148.02084350585938
mr_lstm,roll1,24,360,41.971082305908205,97.81122589111328,671.2535400390625,0.0,71.81691449814126,146.21315002441406
mr_lstm,roll1,25,375,41.93058166503906,97.61080932617188,671.21484375,0.0,73.47815985130111,151.00146484375
mr_lstm,roll1,26,390,42.14110260009765,98.49080657958984,671.3167114257812,0.0,72.53717472118959,149.0243682861328
mr_lstm,roll1,27,405,41.94181442260742,97.90861511230467,671.2676391601562,0.0,72.30483271375465,144.81089782714844
mr_lstm,roll1,28,420,42.00675201416016,97.98394012451172,671.2611694335938,0.0,73.25743494423791,148.5702667236328
mr_lstm,roll1,29,435,41.888859558105466,97.43502044677734,671.2218017578125,0.0,73.33875464684016,148.27040100097656
mr_lstm,roll1,30,450,41.85222473144531,97.67762756347656,671.2134399414062,0.0,71.80529739776952,141.1678924560547
mr_lstm,roll1,31,465,41.90909576416016,97.64064025878906,671.2373657226562,0.0,72.25836431226766,144.93870544433594
mr_lstm,roll1,32,480,42.07441101074219,98.257568359375,671.2377319335938,0.0,73.46654275092936,150.52186584472656
mr_lstm,roll1,33,495,42.00585861206055,98.21507263183594,671.2103881835938,0.0,72.20027881040892,146.40283203125
mr_lstm,roll1,34,510,41.92074356079102,97.7256317138672,671.1983032226562,0.0,72.47908921933085,145.2569122314453
mr_lstm,roll1,35,525,41.98492431640625,98.37898254394533,671.1995849609375,0.0,72.03763940520446,144.5675811767578
mr_lstm,roll1,36,540,41.8749397277832,97.7452163696289,671.1339111328125,0.0,73.36198884758365,147.66195678710938
mr_lstm,roll1,37,555,41.97843933105469,98.14440155029295,671.1576538085938,0.0,72.95539033457248,146.0957489013672
mr_lstm,roll1,38,570,41.9434684753418,98.27079010009766,671.1995239257812,0.0,71.99117100371747,143.38377380371094
mr_lstm,roll1,39,585,41.96202163696289,97.8712387084961,671.22021484375,0.0,72.38615241635688,147.07615661621094
mr_lstm,roll1,40,600,41.96904373168945,98.09384155273438,671.2691040039062,0.0,71.64265799256505,142.4645538330078
mr_lstm,roll1,41,615,41.89480056762695,97.82784271240234,671.280517578125,0.0,72.59526022304833,144.3944549560547
mr_lstm,roll1,42,630,41.88857727050781,97.61810302734376,671.299072265625,0.0,73.51301115241635,148.1943817138672
mr_lstm,roll1,43,645,41.99144515991211,98.34205627441406,671.3953247070312,0.0,72.96700743494424,146.22769165039062
mr_lstm,roll1,44,660,41.88936309814453,97.68252563476562,671.3333740234375,0.0,72.87407063197026,144.8745880126953
mr_lstm,roll1,45,675,42.14954223632813,99.2420883178711,671.5023803710938,0.0,72.932156133829,145.79310607910156
mr_lstm,roll1,46,690,42.01858825683594,98.4942398071289,671.4129638671875,0.0,73.14126394052045,146.58053588867188
mr_lstm,roll1,47,705,42.61228561401367,99.97969818115234,671.741943359375,0.0,72.4907063197026,147.93226623535156
mr_lstm,roll1,48,720,42.20775527954102,98.9388656616211,671.502685546875,0.0,74.57016728624535,153.1566925048828
mr_lstm,roll1,49,735,42.76320724487304,100.03118133544922,673.0982666015625,0.0,73.69888475836431,151.3760528564453
mr_lstm,roll1,50,750,42.22500228881836,98.98265075683594,672.7811279296875,0.0,73.66403345724906,147.41427612304688
mr_lstm,roll1,51,765,42.28562774658203,99.11490631103516,672.7857055664062,0.0,71.81691449814126,141.38507080078125
mr_lstm,roll1,52,780,42.251626586914064,98.9851303100586,672.785888671875,0.0,72.54879182156134,143.97640991210938
mr_lstm,roll1,53,795,42.419122314453126,99.60175323486328,672.91845703125,0.0,73.02509293680298,146.06239318847656
mr_lstm,roll1,54,810,42.375081634521486,99.47119140625,672.8034057617188,0.0,71.72397769516728,142.36033630371094
mr_lstm,roll1,55,825,42.43024063110352,100.1249008178711,672.8883056640625,0.0,73.11802973977694,146.71192932128906
mr_lstm,roll1,56,840,42.39439697265625,99.6626434326172,672.8877563476562,0.0,74.87221189591078,152.74925231933594
mr_lstm,roll1,57,855,42.36426544189453,99.6399383544922,672.8284912109375,0.0,73.81505576208178,148.89988708496094
mr_lstm,roll1,58,870,42.38627243041992,99.54190826416016,672.851806640625,0.0,73.989312267658,150.9461212158203
mr_lstm,roll1,59,885,42.35269241333008,99.38928985595705,672.86767578125,0.0,74.19842007434944,150.10768127441406
mr_lstm,roll1,60,900,42.32497177124024,99.88557434082033,672.821044921875,0.0,73.25743494423791,145.81663513183594
mr_lstm,roll1,61,915,42.34649505615234,99.24361419677734,672.84912109375,0.0,73.84990706319702,148.5946807861328
mr_lstm,roll1,62,930,42.32635116577149,99.32917022705078,672.81005859375,0.0,75.13940520446096,153.35560607910156
mr_lstm,roll1,63,945,42.298316955566406,99.68551635742188,672.7794799804688,0.0,74.2100371747212,146.40078735351562
mr_lstm,roll1,64,960,42.24601593017578,99.34849548339844,672.7184448242188,0.0,73.89637546468401,146.4119873046875
mr_lstm,roll1,65,975,42.23153915405273,99.32646942138672,672.6786499023438,0.0,74.02416356877323,145.8579864501953
mr_lstm,roll1,66,990,42.31372604370117,99.74771881103516,672.7689819335938,0.0,74.70957249070632,147.8955078125
mr_lstm,roll1,67,1005,42.23427581787109,99.3946533203125,672.6741333007812,0.0,75.17425650557621,151.43577575683594
mr_lstm,roll1,68,1020,42.38833084106445,99.9486846923828,672.8765258789062,0.0,75.45306691449815,150.9164581298828
mr_lstm,roll1,69,1035,42.15609283447266,99.08179473876952,672.6419067382812,0.0,76.03392193308551,152.13587951660156
mr_lstm,roll1,70,1050,42.25067977905273,99.4521713256836,672.7523193359375,0.0,75.8364312267658,152.46717834472656
mr_lstm,roll1,71,1065,42.208683776855466,99.4024658203125,672.7457275390625,0.0,75.6389405204461,151.39495849609375
mr_lstm,roll1,72,1080,42.21085433959961,99.2519989013672,672.7599487304688,0.0,76.24302973977694,153.51541137695312
mr_lstm,roll1,73,1095,42.27683944702149,99.54475402832033,672.8302001953125,0.0,75.45306691449815,150.2722930908203
mr_lstm,roll1,74,1110,42.36407241821289,99.76494598388672,672.8594970703125,0.0,76.03392193308551,154.09422302246094
mr_lstm,roll1,75,1125,42.36834716796875,99.76620483398438,672.8670043945312,0.0,76.30111524163569,153.84996032714844
mr_lstm,roll1,76,1140,42.40269470214844,99.7544937133789,672.920654296875,0.0,76.74256505576209,156.75399780273438
mr_lstm,roll1,77,1155,42.41336669921875,99.79714965820312,672.9912719726562,0.0,77.20724907063197,157.91592407226562
mr_lstm,roll1,78,1170,42.46845016479492,100.1545639038086,672.99560546875,0.0,76.52184014869889,156.4154510498047
mr_lstm,roll1,79,1185,42.52324523925781,100.18505096435548,673.05615234375,0.0,76.40566914498142,154.79466247558594
mr_lstm,roll1,80,1200,42.42627639770508,99.89881134033205,673.0729370117188,0.0,77.59061338289963,156.4525146484375
mr_lstm,roll1,81,1215,42.4970100402832,100.1644515991211,673.0473022460938,0.0,76.2778810408922,152.54226684570312
mr_lstm,roll1,82,1230,42.67582626342774,100.61670684814452,673.2533569335938,0.0,77.88104089219331,160.1475372314453
mr_lstm,roll1,83,1245,42.425830078125,99.83047485351562,673.1117553710938,0.0,78.07853159851301,158.17828369140625
mr_lstm,roll1,84,1260,42.435044860839845,99.68960571289062,673.0927734375,0.0,78.27602230483272,158.0143585205078
mr_lstm,roll1,85,1275,42.426507568359376,99.8683090209961,673.0770874023438,0.0,77.73001858736059,156.0468292236328
mr_lstm,roll1,86,1290,42.481666564941406,99.94635772705078,673.0462036132812,0.0,77.4860594795539,155.80133056640625
mr_lstm,roll1,87,1305,42.47821044921875,100.06201934814452,673.095947265625,0.0,78.04368029739777,157.42291259765625
mr_lstm,roll1,88,1320,42.5620719909668,100.38036346435548,673.1649780273438,0.0,77.09107806691449,154.82557678222656
mr_lstm,roll1,89,1335,42.476200103759766,100.23702239990234,673.1242065429688,0.0,77.84618959107806,155.61497497558594
mr_lstm,roll1,90,1350,42.54721221923828,100.40504455566406,673.1610717773438,0.0,78.70585501858736,161.37451171875
mr_lstm,roll1,91,1365,42.44672393798828,100.16353607177734,673.0912475585938,0.0,77.55576208178438,154.6775665283203
mr_lstm,roll1,92,1380,42.48837127685547,100.3350067138672,673.1492919921875,0.0,78.28763940520446,156.83563232421875
mr_lstm,roll1,93,1395,42.52008056640625,100.31097412109376,673.1283569335938,0.0,78.13661710037175,157.010986328125
mr_lstm,roll1,94,1410,42.56570587158203,100.64402770996094,673.1444702148438,0.0,77.82295539033457,155.1748809814453
mr_lstm,roll1,95,1425,42.5997184753418,100.72164916992188,673.1690673828125,0.0,77.81133828996283,156.31126403808594
mr_lstm,roll1,96,1440,42.66725082397461,100.8826141357422,673.135498046875,0.0,77.60223048327137,154.83668518066406
mr_lstm,roll2,1,15,18.569111633300786,48.14815902709961,212.5637359619141,0.0,81.06617647058823,139.3695068359375
mr_lstm,roll2,2,30,18.640270614624026,48.37114715576172,212.71961975097656,0.0,81.45680147058823,141.75546264648438
mr_lstm,roll2,3,45,18.67729587554932,48.67195510864258,212.68386840820312,0.0,79.99770220588235,137.56658935546875
mr_lstm,roll2,4,60,18.70454292297364,48.82133865356445,212.74053955078125,0.0,80.59512867647058,139.0438232421875
mr_lstm,roll2,5,75,18.696866035461422,48.90365982055664,212.73985290527344,0.0,79.96323529411765,136.2393341064453
mr_lstm,roll2,6,90,18.75860538482666,49.0488166809082,212.67579650878903,0.0,80.99724264705883,141.417236328125
mr_lstm,roll2,7,105,18.739246559143066,49.00845336914063,212.4915771484375,0.0,80.18152573529412,138.15374755859375
mr_lstm,roll2,8,120,18.776898193359376,49.20821762084961,212.4437713623047,0.0,80.23897058823529,139.6759490966797
mr_lstm,roll2,9,135,18.768286895751952,49.11369323730469,212.3020782470703,0.0,80.078125,137.96522521972656
mr_lstm,roll2,10,150,18.8143798828125,49.34022521972656,212.43618774414065,0.0,80.02068014705883,139.7445831298828
mr_lstm,roll2,11,165,18.76459503173828,49.296722412109375,212.4055938720703,0.0,79.46920955882352,134.75192260742188
mr_lstm,roll2,12,180,18.83526649475097,49.36074447631836,212.4090881347656,0.0,80.6640625,141.0838623046875
mr_lstm,roll2,13,195,18.77214698791504,49.37916564941406,212.3544769287109,0.0,79.85983455882352,135.13877868652344
mr_lstm,roll2,14,210,18.93777046203613,49.538536071777344,212.47344970703125,0.0,80.37683823529412,142.36801147460938
mr_lstm,roll2,15,225,18.86939067840576,49.45537185668945,212.5255889892578,0.0,79.79090073529412,138.15975952148438
mr_lstm,roll2,16,240,18.95367259979248,49.533634185791016,212.6318206787109,0.0,79.89430147058823,141.6708526611328
mr_lstm,roll2,17,255,18.745162582397462,49.40811538696289,212.50030517578125,0.0,79.8828125,135.64639282226562
mr_lstm,roll2,18,270,18.885183143615723,49.53386306762695,212.58729553222656,0.0,80.08961397058823,140.91500854492188
mr_lstm,roll2,19,285,18.78525257110596,49.56006622314453,212.59445190429688,0.0,79.33134191176471,135.0934295654297
mr_lstm,roll2,20,300,18.75901565551758,49.578346252441406,212.6229858398437,0.0,80.51470588235294,137.1967010498047
mr_lstm,roll2,21,315,18.850391006469728,49.47123336791992,212.6695709228516,0.0,79.71047794117648,138.43263244628906
mr_lstm,roll2,22,330,18.868353843688965,49.71659851074219,212.7277069091797,0.0,80.21599264705883,138.83218383789062
mr_lstm,roll2,23,345,18.849784278869627,49.67578125,212.7112731933593,0.0,79.61856617647058,136.4813232421875
mr_lstm,roll2,24,360,18.826450538635253,49.495880126953125,212.7151336669922,0.0,80.13556985294117,139.3544464111328
mr_lstm,roll2,25,375,18.84515209197998,49.4969596862793,212.6862945556641,0.0,79.75643382352942,137.70925903320312
mr_lstm,roll2,26,390,18.93032932281494,49.6482048034668,212.8262939453125,0.0,79.59558823529412,140.45021057128906
mr_lstm,roll2,27,405,18.851974296569825,49.69740295410156,212.82861328125,0.0,79.07858455882352,135.40003967285156
mr_lstm,roll2,28,420,18.9172966003418,49.69321060180664,212.7995147705078,0.0,79.50367647058823,140.212890625
mr_lstm,roll2,29,435,18.8175745010376,49.62617492675781,212.74549865722656,0.0,79.28538602941177,136.15931701660156
mr_lstm,roll2,30,450,18.835503768920898,49.78872299194336,212.85260009765625,0.0,79.45772058823529,136.4312744140625
mr_lstm,roll2,31,465,18.827823066711424,49.72517395019531,212.83795166015625,0.0,79.28538602941177,134.9330291748047
mr_lstm,roll2,32,480,18.94838218688965,49.73469543457031,212.8336334228516,0.0,80.04365808823529,141.17120361328125
mr_lstm,roll2,33,495,18.849721908569336,49.66679000854492,212.8968811035156,0.0,79.59558823529412,136.32598876953125
mr_lstm,roll2,34,510,18.877291679382324,49.83613967895508,212.83770751953125,0.0,80.078125,137.91683959960938
mr_lstm,roll2,35,525,18.86493167877197,49.788185119628906,212.874755859375,0.0,79.02113970588235,134.60055541992188
mr_lstm,roll2,36,540,18.9172794342041,49.839691162109375,212.90676879882807,0.0,79.96323529411765,139.29006958007812
mr_lstm,roll2,37,555,18.85262985229492,49.762351989746094,212.6770935058593,0.0,79.296875,135.0984344482422
mr_lstm,roll2,38,570,18.86242961883545,49.87587356567383,212.70571899414065,0.0,79.72196691176471,136.72422790527344
mr_lstm,roll2,39,585,18.858767318725587,49.79939651489258,212.6422882080078,0.0,79.59558823529412,136.0976104736328
mr_lstm,roll2,40,600,18.841464614868165,49.83080291748047,212.68606567382807,0.0,79.77941176470588,136.7106170654297
mr_lstm,roll2,41,615,18.803844261169434,49.77993392944336,212.58026123046875,0.0,79.33134191176471,134.07371520996094
mr_lstm,roll2,42,630,18.8681547164917,49.82746505737305,212.57125854492188,0.0,80.35386029411765,139.5943603515625
mr_lstm,roll2,43,645,18.79549007415772,49.716064453125,212.56399536132807,0.0,79.63005514705883,135.58082580566406
mr_lstm,roll2,44,660,18.82931842803955,49.78680038452149,212.5854339599609,0.0,80.38832720588235,138.63784790039062
mr_lstm,roll2,45,675,18.78493404388428,49.80620956420898,212.5877685546875,0.0,79.21645220588235,134.79287719726562
mr_lstm,roll2,46,690,18.835018157958984,49.84461975097656,212.59744262695312,0.0,80.41130514705883,139.7163848876953
mr_lstm,roll2,47,705,18.81052188873291,49.72246551513672,212.57862854003903,0.0,79.82536764705883,137.12664794921875
mr_lstm,roll2,48,720,18.87185249328613,49.83283615112305,212.59292602539065,0.0,80.83639705882352,142.56396484375
mr_lstm,roll2,49,735,18.8189754486084,49.7760009765625,212.56329345703125,0.0,80.41130514705883,139.31617736816406
mr_lstm,roll2,50,750,18.81417980194092,49.982723236083984,212.55105590820312,0.0,81.26148897058823,141.2296142578125
mr_lstm,roll2,51,765,18.723842430114747,49.90226364135742,212.4615020751953,0.0,79.98621323529412,134.97750854492188
mr_lstm,roll2,52,780,18.80424537658692,50.0539436340332,212.5244903564453,0.0,80.77895220588235,139.99256896972656
mr_lstm,roll2,53,795,18.75198440551758,49.87677764892578,212.478744506836,0.0,80.43428308823529,137.92752075195312
mr_lstm,roll2,54,810,18.776587677001952,49.98448181152344,212.46258544921875,0.0,80.90533088235294,140.71900939941406
mr_lstm,roll2,55,825,18.73851222991944,49.9522705078125,212.46006774902344,0.0,80.52619485294117,138.3763427734375
mr_lstm,roll2,56,840,18.821204376220702,49.90848159790039,212.49917602539065,0.0,81.50275735294117,144.9337615966797
mr_lstm,roll2,57,855,18.72870445251465,49.78619766235352,212.41744995117188,0.0,80.69852941176471,139.88311767578125
mr_lstm,roll2,58,870,18.79520740509033,49.81203842163086,212.44894409179688,0.0,81.66360294117648,144.7910614013672
mr_lstm,roll2,59,885,18.71394329071045,49.69346618652344,212.4264068603516,0.0,81.4453125,140.7809600830078
mr_lstm,roll2,60,900,18.742473983764647,50.0306396484375,212.41702270507807,0.0,81.70955882352942,143.14151000976562
mr_lstm,roll2,61,915,18.676272201538087,49.64213180541992,212.34005737304688,0.0,81.26148897058823,139.7769775390625
mr_lstm,roll2,62,930,18.784060287475587,49.786895751953125,212.43800354003903,0.0,81.95082720588235,145.9921112060547
mr_lstm,roll2,63,945,18.6552375793457,49.798484802246094,212.3985748291016,0.0,81.12362132352942,139.1814727783203
mr_lstm,roll2,64,960,18.68812026977539,49.824588775634766,212.42645263671875,0.0,81.98529411764706,143.9313201904297
mr_lstm,roll2,65,975,18.612838363647462,49.637451171875,212.3106231689453,0.0,81.06617647058823,139.0974884033203
mr_lstm,roll2,66,990,18.68561134338379,49.86057662963867,212.3826904296875,0.0,82.19209558823529,144.28750610351562
mr_lstm,roll2,67,1005,18.64432430267334,49.72249603271485,212.35794067382807,0.0,81.70955882352942,142.40699768066406
mr_lstm,roll2,68,1020,18.67617263793945,49.80247116088867,212.4511566162109,0.0,82.28400735294117,145.4681396484375
mr_lstm,roll2,69,1035,18.58691997528076,49.41039276123047,212.30848693847656,0.0,82.07720588235294,142.4314727783203
mr_lstm,roll2,70,1050,18.662421226501465,49.610164642333984,212.3631134033203,0.0,82.60569852941177,146.37448120117188
mr_lstm,roll2,71,1065,18.59710121154785,49.60448455810547,212.3005828857422,0.0,82.15762867647058,142.38426208496094
mr_lstm,roll2,72,1080,18.63848133087158,49.51156234741211,212.35232543945312,0.0,82.65165441176471,145.9746551513672
mr_lstm,roll2,73,1095,18.6001335144043,49.481781005859375,212.39064025878903,0.0,82.07720588235294,140.79598999023438
mr_lstm,roll2,74,1110,18.65462112426757,49.56884002685547,212.4968414306641,0.0,83.14568014705883,146.5212860107422
mr_lstm,roll2,75,1125,18.652901649475098,49.61298370361328,212.5654144287109,0.0,82.45634191176471,142.8794708251953
mr_lstm,roll2,76,1140,18.71526908874512,49.63766098022461,212.63815307617188,0.0,83.203125,147.28912353515625
mr_lstm,roll2,77,1155,18.674997901916505,49.56293487548828,212.62893676757807,0.0,82.70909926470588,144.80442810058594
mr_lstm,roll2,78,1170,18.69931392669677,49.74588394165039,212.6851959228516,0.0,83.14568014705883,147.46458435058594
mr_lstm,roll2,79,1185,18.637941932678224,49.6956901550293,212.6068725585937,0.0,82.95036764705883,144.3582763671875
mr_lstm,roll2,80,1200,18.72202491760254,49.758182525634766,212.6622772216797,0.0,83.34099264705883,148.22857666015625
mr_lstm,roll2,81,1215,18.620752334594727,49.64832305908203,212.56114196777344,0.0,82.93887867647058,144.18768310546875
mr_lstm,roll2,82,1230,18.743370056152344,49.77385711669922,212.71978759765625,0.0,83.11121323529412,148.95773315429688
mr_lstm,roll2,83,1245,18.670440483093262,49.540897369384766,212.6270751953125,0.0,83.01930147058823,147.2056884765625
mr_lstm,roll2,84,1260,18.7193244934082,49.524810791015625,212.6012115478516,0.0,83.53630514705883,149.06324768066406
mr_lstm,roll2,85,1275,18.667265319824217,49.60166931152344,212.6552124023437,0.0,83.16865808823529,146.38226318359375
mr_lstm,roll2,86,1290,18.74184894561768,49.71514892578125,212.7916412353516,0.0,83.70863970588235,149.2876434326172
mr_lstm,roll2,87,1305,18.739040184021,49.82145309448242,212.8565216064453,0.0,83.23759191176471,147.90672302246094
mr_lstm,roll2,88,1320,18.85095138549805,50.12419509887695,212.8892517089844,0.0,83.59375,149.66152954101562
mr_lstm,roll2,89,1335,18.80495376586914,50.059173583984375,212.91065979003903,0.0,83.18014705882352,147.67657470703125
mr_lstm,roll2,90,1350,18.923577499389648,50.2483024597168,213.03854370117188,0.0,83.50183823529412,152.31787109375
mr_lstm,roll2,91,1365,18.85317211151123,50.22760772705078,212.97157287597656,0.0,83.3984375,148.41604614257812
mr_lstm,roll2,92,1380,18.99498481750488,50.667930603027344,213.1488037109375,0.0,83.62821691176471,152.31031799316406
mr_lstm,roll2,93,1395,18.92659702301025,50.52339172363281,213.1327362060547,0.0,83.44439338235294,149.28184509277344
mr_lstm,roll2,94,1410,19.047770500183105,50.99606323242188,213.3468170166016,0.0,83.74310661764706,151.7625274658203
mr_lstm,roll2,95,1425,18.985460090637208,50.78952026367188,213.3177795410156,0.0,83.34099264705883,149.9105224609375
mr_lstm,roll2,96,1440,19.134365844726563,51.29015350341797,213.3971099853516,0.0,83.26056985294117,151.92898559570312
mr_lstm,roll3,1,15,16.607181549072266,45.78752136230469,67.50117492675781,0.0,84.50040243762217,161.3463897705078
mr_lstm,roll3,2,30,16.711391830444335,46.218875885009766,67.91241455078125,0.0,84.30493273542601,160.495849609375
mr_lstm,roll3,3,45,16.745720863342285,46.303829193115234,67.92459869384766,0.0,83.9944808554674,160.09449768066406
mr_lstm,roll3,4,60,16.87138214111328,46.8437385559082,68.43900299072266,0.0,84.08646659767736,160.37686157226562
mr_lstm,roll3,5,75,16.89910755157471,46.9805908203125,68.49057006835938,0.0,83.92549154880994,160.93789672851562
mr_lstm,roll3,6,90,16.992574310302736,47.48354721069336,68.93807983398438,0.0,83.52305392664137,159.4806365966797
mr_lstm,roll3,7,105,17.02064094543457,47.63089370727539,69.02230834960938,0.0,83.43106818443141,159.31773376464844
mr_lstm,roll3,8,120,17.013232040405274,47.58098983764648,69.02118682861328,0.0,83.62653788662757,160.02549743652344
mr_lstm,roll3,9,135,17.071207809448243,47.86753082275391,69.1923599243164,0.0,83.53455214441762,160.35440063476562
mr_lstm,roll3,10,150,17.067557334899902,47.8095932006836,69.2336196899414,0.0,83.56904679774635,160.46673583984375
mr_lstm,roll3,11,165,17.14303321838379,48.16151809692383,69.4749526977539,0.0,83.36207887777395,160.42955017089844
mr_lstm,roll3,12,180,17.22751808166504,48.46786117553711,69.86221313476562,0.0,83.15511095780154,160.23995971679688
mr_lstm,roll3,13,195,17.310451698303222,48.79996109008789,70.11528015136719,0.0,82.72967690008048,159.14398193359375
mr_lstm,roll3,14,210,17.257195472717285,48.52434921264648,69.95834350585938,0.0,83.23559848223525,160.62391662597656
mr_lstm,roll3,15,225,17.329499435424804,48.7803955078125,70.1799545288086,0.0,82.90215016672416,160.10748291015625
mr_lstm,roll3,16,240,17.326745986938477,48.70377349853516,70.24783325195312,0.0,82.85615729561918,160.7222442626953
mr_lstm,roll3,17,255,17.481294250488283,49.32274627685547,70.7674331665039,0.0,82.21225710014947,159.02574157714844
mr_lstm,roll3,18,270,17.445559883117674,49.12110137939453,70.71763610839844,0.0,82.71817868230424,160.5423126220703
mr_lstm,roll3,19,285,17.46107406616211,49.13199996948242,70.6666030883789,0.0,82.4767161090031,160.23509216308594
mr_lstm,roll3,20,300,17.543576431274413,49.43758392333984,71.04670715332031,0.0,82.44222145567437,159.71534729003906
mr_lstm,roll3,21,315,17.60209732055664,49.62379455566406,71.28094482421875,0.0,82.26974818903071,160.44483947753906
mr_lstm,roll3,22,330,17.590988159179688,49.55010986328125,71.2940673828125,0.0,82.87915373117167,161.69424438476562
mr_lstm,roll3,23,345,17.60457134246826,49.55442810058594,71.27816009521484,0.0,82.56870185121306,161.319091796875
mr_lstm,roll3,24,360,17.6774543762207,49.89690780639648,71.67504119873047,0.0,82.30424284235943,160.28428649902344
mr_lstm,roll3,25,375,17.701960182189943,49.95968627929688,71.72885131835938,0.0,82.03978383350581,160.44732666015625
mr_lstm,roll3,26,390,17.65840435028076,49.794620513916016,71.64765167236328,0.0,82.24675175347821,160.96910095214844
mr_lstm,roll3,27,405,17.666545486450197,49.82250595092773,71.58626556396484,0.0,82.1662642290445,160.6111602783203
mr_lstm,roll3,28,420,17.656513977050782,49.72686004638672,71.64540100097656,0.0,82.45371967345062,161.81982421875
mr_lstm,roll3,29,435,17.743381118774415,50.12012481689453,71.9092788696289,0.0,81.86731056686214,160.32284545898438
mr_lstm,roll3,30,450,17.655351638793945,49.74519348144531,71.57787322998047,0.0,82.55720363343681,161.50448608398438
mr_lstm,roll3,31,465,17.724462699890136,50.086463928222656,71.85079193115234,0.0,82.18926066459699,160.25387573242188
mr_lstm,roll3,32,480,17.649877548217773,49.71773910522461,71.62528991699219,0.0,82.6031965045418,162.09507751464844
mr_lstm,roll3,33,495,17.73749694824219,50.17432022094727,71.9181137084961,0.0,81.91330343796712,159.7501220703125
mr_lstm,roll3,34,510,17.696045875549316,50.00846099853516,71.80707550048828,0.0,82.41922502012187,160.8872528076172
mr_lstm,roll3,35,525,17.643729400634765,49.82070541381836,71.54621124267578,0.0,82.25824997125446,160.3996124267578
mr_lstm,roll3,36,540,17.606803703308106,49.64362335205078,71.49278259277344,0.0,82.69518224675176,161.91488647460938
mr_lstm,roll3,37,555,17.572603607177733,49.52054977416992,71.30702209472656,0.0,82.67218581119926,161.55853271484375
mr_lstm,roll3,38,570,17.57959690093994,49.59939956665039,71.44943237304688,0.0,82.87915373117167,161.12843322753906
mr_lstm,roll3,39,585,17.598365211486815,49.72039794921875,71.50399780273438,0.0,82.66068759342302,160.5709686279297
mr_lstm,roll3,40,600,17.531322479248047,49.49892044067383,71.30294799804688,0.0,83.29308957111647,161.00389099121094
mr_lstm,roll3,41,615,17.484566116333006,49.29526138305664,71.03520202636719,0.0,83.3275842244452,161.28224182128906
mr_lstm,roll3,42,630,17.475302505493165,49.289100646972656,71.0617446899414,0.0,83.56904679774635,161.99708557128906
mr_lstm,roll3,43,645,17.44255142211914,49.185977935791016,70.9253921508789,0.0,83.28159135334023,160.58946228027344
mr_lstm,roll3,44,660,17.408306503295897,49.04420852661133,70.8121566772461,0.0,83.87949867770496,162.1476287841797
mr_lstm,roll3,45,675,17.36122245788574,48.88809967041016,70.6104736328125,0.0,83.53455214441762,160.55255126953125
mr_lstm,roll3,46,690,17.33902931213379,48.8258056640625,70.55382537841797,0.0,83.69552719328503,161.53782653808594
mr_lstm,roll3,47,705,17.286351203918457,48.61112976074219,70.29835510253906,0.0,83.56904679774635,161.16615295410156
mr_lstm,roll3,48,720,17.2782922744751,48.65584945678711,70.3114242553711,0.0,83.71852362883753,161.90005493164062
mr_lstm,roll3,49,735,17.247398376464844,48.497657775878906,70.15020751953125,0.0,83.74152006439002,162.17970275878906
mr_lstm,roll3,50,750,17.257745933532714,48.71443176269531,70.26568603515625,0.0,83.66103253995631,161.19216918945312
mr_lstm,roll3,51,765,17.236687660217285,48.623779296875,70.1363296508789,0.0,83.60354145107507,161.23988342285156
mr_lstm,roll3,52,780,17.22105255126953,48.56895446777344,70.10337829589844,0.0,83.76451649994252,161.94229125976562
mr_lstm,roll3,53,795,17.159213829040528,48.31254577636719,69.84561920166016,0.0,83.85650224215246,161.6258087158203
mr_lstm,roll3,54,810,17.143618774414062,48.33134460449219,69.8270263671875,0.0,83.76451649994252,161.30531311035156
mr_lstm,roll3,55,825,17.10256862640381,48.14052200317383,69.65525817871094,0.0,83.51155570886513,160.83682250976562
mr_lstm,roll3,56,840,17.09294948577881,48.07893371582031,69.59278106689453,0.0,83.82200758882374,162.06797790527344
mr_lstm,roll3,57,855,17.07626838684082,48.02985382080078,69.50828552246094,0.0,83.67253075773256,161.48675537109375
mr_lstm,roll3,58,870,17.074264335632325,48.0313606262207,69.48023986816406,0.0,83.71852362883753,161.90097045898438
mr_lstm,roll3,59,885,17.078452110290527,47.94453048706055,69.41216278076172,0.0,83.95998620213867,162.6117706298828
mr_lstm,roll3,60,900,17.052221298217773,47.899044036865234,69.37163543701172,0.0,83.41956996665517,160.90721130371094
mr_lstm,roll3,61,915,17.067340850830078,47.915287017822266,69.30261993408203,0.0,83.92549154880994,162.60086059570312
mr_lstm,roll3,62,930,17.03823776245117,47.77257537841797,69.17979431152344,0.0,84.06347016212487,163.15374755859375
mr_lstm,roll3,63,945,17.040492630004884,47.63874435424805,69.16151428222656,0.0,83.77601471771875,162.56585693359375
mr_lstm,roll3,64,960,17.02990093231201,47.66487884521485,69.15811920166016,0.0,83.73002184661378,162.13848876953125
mr_lstm,roll3,65,975,17.032088470458984,47.60933303833008,69.14373779296875,0.0,83.70702541106128,162.3415069580078
mr_lstm,roll3,66,990,17.002207565307618,47.43334197998047,69.05665588378906,0.0,83.91399333103368,162.71343994140625
mr_lstm,roll3,67,1005,16.988581466674805,47.40910720825195,68.97833251953125,0.0,83.46556283776015,162.20663452148438
mr_lstm,roll3,68,1020,17.018091201782227,47.37245559692383,69.13632202148438,0.0,83.77601471771875,162.82286071777344
mr_lstm,roll3,69,1035,17.05504093170166,47.52261734008789,69.16845703125,0.0,83.67253075773256,163.17710876464844
mr_lstm,roll3,70,1050,17.0405029296875,47.479225158691406,69.13208770751953,0.0,83.87949867770496,163.2582244873047
mr_lstm,roll3,71,1065,17.059807586669923,47.54793930053711,69.16702270507812,0.0,83.56904679774635,162.43153381347656
mr_lstm,roll3,72,1080,17.07446174621582,47.62931823730469,69.2459716796875,0.0,83.69552719328503,163.37335205078125
mr_lstm,roll3,73,1095,17.08991641998291,47.58840560913086,69.28304290771484,0.0,83.76451649994252,163.2670440673828
mr_lstm,roll3,74,1110,17.119912147521973,47.80266571044922,69.50067138671875,0.0,83.70702541106128,162.57192993164062
mr_lstm,roll3,75,1125,17.128446769714355,47.688087463378906,69.4897232055664,0.0,83.63803610440381,163.52716064453125
mr_lstm,roll3,76,1140,17.137080574035643,47.81549835205078,69.50788879394531,0.0,83.86800045992871,163.93038940429688
mr_lstm,roll3,77,1155,17.138621711730956,47.73999786376953,69.5345230102539,0.0,83.92549154880994,164.07554626464844
mr_lstm,roll3,78,1170,17.149559593200685,47.88118743896485,69.6584243774414,0.0,83.45406461998391,162.66122436523438
mr_lstm,roll3,79,1185,17.219943046569824,48.176368713378906,69.87455749511719,0.0,83.28159135334023,162.0686798095703
mr_lstm,roll3,80,1200,17.191807746887207,47.967899322509766,69.72901153564453,0.0,83.81050937104749,163.92800903320312
mr_lstm,roll3,81,1215,17.248751068115233,48.2397575378418,69.96348571777344,0.0,83.08612165114407,161.93014526367188
mr_lstm,roll3,82,1230,17.166656303405762,47.88303756713867,69.64579772949219,0.0,83.33908244222145,163.2440185546875
mr_lstm,roll3,83,1245,17.231679153442382,48.15321350097656,69.86181640625,0.0,83.40807174887892,163.47384643554688
mr_lstm,roll3,84,1260,17.273588371276855,48.35209655761719,70.03645324707031,0.0,83.52305392664137,164.1214599609375
mr_lstm,roll3,85,1275,17.294428062438964,48.41963577270508,70.1549072265625,0.0,83.21260204668276,162.62240600585938
mr_lstm,roll3,86,1290,17.341228485107422,48.5847053527832,70.283935546875,0.0,83.28159135334023,162.43392944335938
mr_lstm,roll3,87,1305,17.336519050598145,48.52931213378906,70.27972412109375,0.0,83.00563412671036,162.2782745361328
mr_lstm,roll3,88,1320,17.37380313873291,48.634220123291016,70.41969299316406,0.0,82.95964125560538,162.17115783691406
mr_lstm,roll3,89,1335,17.35156307220459,48.48293685913086,70.35248565673828,0.0,83.09761986892032,162.7057647705078
mr_lstm,roll3,90,1350,17.341214752197267,48.47665786743164,70.31188201904297,0.0,82.92514660227664,163.22796630859375
mr_lstm,roll3,91,1365,17.405841445922853,48.71211624145508,70.57618713378906,0.0,82.71817868230424,162.2967987060547
mr_lstm,roll3,92,1380,17.388183403015137,48.610748291015625,70.51119995117188,0.0,82.8101644245142,163.07583618164062
mr_lstm,roll3,93,1395,17.448291015625,48.93233108520508,70.7418212890625,0.0,82.84465907784293,162.69046020507812
mr_lstm,roll3,94,1410,17.45206241607666,48.88174057006836,70.75639343261719,0.0,82.72967690008048,162.69326782226562
mr_lstm,roll3,95,1425,17.496225547790527,49.16255569458008,70.96121978759766,0.0,82.48821432677936,162.29995727539062
mr_lstm,roll3,96,1440,17.541135787963867,49.30564880371094,71.17991638183594,0.0,82.69518224675176,162.20440673828125
lstm,roll0,1,15,24.36243553161621,66.44437408447266,327.9820251464844,0.0,79.81672932330827,150.0288848876953
lstm,roll0,2,30,24.40952110290528,66.55015563964844,328.0899963378906,0.0,80.9093045112782,153.57395935058594
lstm,roll0,3,45,24.51026992797852,66.64478302001953,328.0560302734375,0.0,79.42904135338345,150.83575439453125
lstm,roll0,4,60,24.55863800048828,66.62991333007812,328.1697082519531,0.0,80.5921052631579,154.76846313476562
lstm,roll0,5,75,24.63388061523437,66.74717712402344,328.1056213378906,0.0,79.26456766917293,151.45205688476562
lstm,roll0,6,90,24.637338638305664,66.6982650756836,328.1966247558594,0.0,79.94595864661655,154.69386291503906
lstm,roll0,7,105,24.68541259765625,66.77039337158203,328.12603759765625,0.0,78.88862781954887,151.41278076171875
lstm,roll0,8,120,24.684451293945312,66.70374298095703,328.2076721191406,0.0,79.99295112781954,154.96534729003906
lstm,roll0,9,135,24.718150329589843,66.79219055175781,328.1181945800781,0.0,78.86513157894737,151.14100646972656
lstm,roll0,10,150,24.71409721374512,66.72344207763672,328.191650390625,0.0,79.45253759398496,154.32005310058594
lstm,roll0,11,165,24.739670181274413,66.79039764404297,328.11328125,0.0,78.60667293233082,150.74288940429688
lstm,roll0,12,180,24.694725036621094,66.62554168701172,328.1559753417969,0.0,79.42904135338345,154.444580078125
lstm,roll0,13,195,24.694644165039065,66.68694305419922,328.0514221191406,0.0,78.60667293233082,150.3870086669922
lstm,roll0,14,210,24.6585636138916,66.51344299316406,328.1007080078125,0.0,79.52302631578947,154.29444885253906
lstm,roll0,15,225,24.692484283447264,66.677001953125,328.0331726074219,0.0,78.48919172932331,150.08970642089844
lstm,roll0,16,240,24.657406997680663,66.4842529296875,328.0985717773437,0.0,79.51127819548873,154.48008728027344
lstm,roll0,17,255,24.673148727417,66.6353530883789,328.0546264648437,0.0,78.65366541353383,150.3967742919922
lstm,roll0,18,270,24.67210807800293,66.48954772949219,328.13897705078125,0.0,79.4172932330827,154.35655212402344
lstm,roll0,19,285,24.71058120727539,66.7186508178711,328.1180114746094,0.0,78.23073308270678,149.97555541992188
lstm,roll0,20,300,24.68019714355469,66.5274429321289,328.1712646484375,0.0,79.45253759398496,154.15289306640625
lstm,roll0,21,315,24.691390991210938,66.69805908203125,328.1319885253906,0.0,78.11325187969925,149.9423065185547
lstm,roll0,22,330,24.65089569091797,66.42958068847656,328.08984375,0.0,79.32330827067669,154.09751892089844
lstm,roll0,23,345,24.683734893798828,66.69632720947266,328.0741271972656,0.0,77.92528195488721,149.5852508544922
lstm,roll0,24,360,24.61507606506348,66.35113525390625,327.95135498046875,0.0,79.38204887218046,154.2625732421875
lstm,roll0,25,375,24.656380462646485,66.66312408447266,327.9845886230469,0.0,77.90178571428571,149.67437744140625
lstm,roll0,26,390,24.62155380249024,66.34416961669922,327.9449768066406,0.0,79.18233082706767,154.3162384033203
lstm,roll0,27,405,24.68152503967285,66.71965789794922,327.9852294921875,0.0,77.70206766917293,149.47500610351562
lstm,roll0,28,420,24.631222915649413,66.34313201904297,327.9128723144531,0.0,79.25281954887218,154.54824829101562
lstm,roll0,29,435,24.68475646972656,66.73799896240234,327.9789428710937,0.0,77.65507518796993,149.5581512451172
lstm,roll0,30,450,24.647926330566406,66.41395568847656,327.926513671875,0.0,78.95911654135338,154.3719940185547
lstm,roll0,31,465,24.70450210571289,66.78507995605469,327.9831848144531,0.0,77.54934210526315,149.6091766357422
lstm,roll0,32,480,24.659521484375,66.38093566894531,327.9190368652344,0.0,78.88862781954887,154.8125
lstm,roll0,33,495,24.719192123413087,66.80596923828125,327.9852905273437,0.0,77.29088345864662,149.57400512695312
lstm,roll0,34,510,24.663026428222658,66.38247680664062,327.9283447265625,0.0,78.80639097744361,154.8251495361328
lstm,roll0,35,525,24.708881378173828,66.77734375,327.9915466308594,0.0,77.40836466165413,149.86204528808594
lstm,roll0,36,540,24.656106185913085,66.3912124633789,327.953857421875,0.0,78.84163533834587,154.81590270996094
lstm,roll0,37,555,24.69651336669921,66.73802947998047,328.0036315917969,0.0,77.54934210526315,150.12977600097656
lstm,roll0,38,570,24.639019775390626,66.32582092285156,327.9390563964844,0.0,78.93562030075188,155.36105346679688
lstm,roll0,39,585,24.681140899658203,66.72362518310547,327.9925231933594,0.0,77.73731203007519,150.16270446777344
lstm,roll0,40,600,24.62846527099609,66.31815338134766,327.93426513671875,0.0,79.01785714285714,155.34727478027344
lstm,roll0,41,615,24.6714168548584,66.6734848022461,327.9924011230469,0.0,77.94877819548873,150.6957244873047
lstm,roll0,42,630,24.61432342529297,66.30672454833984,327.91851806640625,0.0,79.32330827067669,155.75762939453125
lstm,roll0,43,645,24.652668380737303,66.67132568359375,327.9730529785156,0.0,78.23073308270678,150.8990020751953
lstm,roll0,44,660,24.60804328918457,66.33055114746094,327.9114685058594,0.0,79.33505639097744,155.7743377685547
lstm,roll0,45,675,24.723364639282227,66.8752212524414,328.0375671386719,0.0,77.92528195488721,151.08387756347656
lstm,roll0,46,690,24.68916931152344,66.62417602539062,327.9873352050781,0.0,79.12359022556392,156.1444854736328
lstm,roll0,47,705,24.77687759399414,67.1102294921875,328.0905456542969,0.0,77.72556390977444,150.9718475341797
lstm,roll0,48,720,24.71670265197754,66.74105072021484,328.01153564453125,0.0,78.98261278195488,155.9634246826172
lstm,roll0,49,735,24.84768829345704,67.31491088867188,328.1543273925781,0.0,77.31437969924812,150.97604370117188
lstm,roll0,50,750,24.788919830322264,67.0762939453125,328.07598876953125,0.0,78.87687969924812,156.2772216796875
lstm,roll0,51,765,24.880281066894533,67.6172866821289,328.1954040527344,0.0,77.34962406015038,150.87588500976562
lstm,roll0,52,780,24.815618896484374,67.31552124023438,328.1194763183594,0.0,78.80639097744361,155.74942016601562
lstm,roll0,53,795,24.93976211547852,67.88151550292969,328.2496337890625,0.0,77.24389097744361,150.93218994140625
lstm,roll0,54,810,24.871815872192386,67.59838104248047,328.2058410644531,0.0,78.48919172932331,155.59268188476562
lstm,roll0,55,825,24.97989501953125,68.09542846679688,328.3064880371094,0.0,77.20864661654136,150.87872314453125
lstm,roll0,56,840,24.88102073669433,67.69921112060547,328.2318420410156,0.0,78.50093984962406,155.8706512451172
lstm,roll0,57,855,24.98614196777344,68.18916320800781,328.34722900390625,0.0,77.43186090225564,150.95599365234375
lstm,roll0,58,870,24.90544624328613,67.8726806640625,328.28631591796875,0.0,78.60667293233082,155.49710083007812
lstm,roll0,59,885,25.01534957885742,68.40448760986328,328.39031982421875,0.0,77.00892857142857,150.51683044433594
lstm,roll0,60,900,24.90283432006836,68.0330581665039,328.3356018066406,0.0,78.4187030075188,154.9838409423828
lstm,roll0,61,915,24.991130828857425,68.43427276611328,328.4197082519531,0.0,76.80921052631578,150.31275939941406
lstm,roll0,62,930,24.887801742553712,68.02274322509766,328.3500061035156,0.0,78.37171052631578,154.81759643554688
lstm,roll0,63,945,25.00007553100586,68.49494171142578,328.4325256347656,0.0,76.8562030075188,150.29837036132812
lstm,roll0,64,960,24.871027755737305,68.04977416992188,328.360595703125,0.0,78.50093984962406,155.03871154785156
lstm,roll0,65,975,24.95081329345703,68.36799621582031,328.42059326171875,0.0,77.05592105263158,150.5443572998047
lstm,roll0,66,990,24.83501625061035,67.91059875488281,328.3336181640625,0.0,78.53618421052632,154.90463256835938
lstm,roll0,67,1005,24.96096420288086,68.37461853027344,328.43951416015625,0.0,76.91494360902256,150.6321258544922
lstm,roll0,68,1020,24.840291595458982,67.97371673583984,328.3719787597656,0.0,78.4187030075188,155.05067443847656
lstm,roll0,69,1035,24.94713020324707,68.36357116699219,328.45379638671875,0.0,76.96193609022556,150.5220184326172
lstm,roll0,70,1050,24.853146362304688,68.02281188964844,328.379638671875,0.0,78.3952067669173,154.9962615966797
lstm,roll0,71,1065,25.014339447021484,68.48828125,328.527099609375,0.0,76.8562030075188,150.7688751220703
lstm,roll0,72,1080,24.92288475036621,68.12750244140625,328.4896545410156,0.0,78.20723684210526,155.31338500976562
lstm,roll0,73,1095,25.066250610351563,68.59860229492188,328.6169738769531,0.0,76.9031954887218,150.88681030273438
lstm,roll0,74,1110,25.01526527404785,68.37596893310547,328.56396484375,0.0,78.32471804511279,155.35675048828125
lstm,roll0,75,1125,25.20806121826172,68.90291595458984,328.74322509765625,0.0,76.37453007518798,150.98626708984375
lstm,roll0,76,1140,25.11369400024414,68.51091766357422,328.67437744140625,0.0,77.97227443609023,155.462646484375
lstm,roll0,77,1155,25.2936939239502,68.99761199951172,328.7867126464844,0.0,76.30404135338345,151.19998168945312
lstm,roll0,78,1170,25.24663887023926,68.73898315429688,328.7174987792969,0.0,77.89003759398496,155.52423095703125
lstm,roll0,79,1185,25.403264236450195,69.15291595458984,328.8059387207031,0.0,76.08082706766918,151.33050537109375
lstm,roll0,80,1200,25.29578437805176,68.7450942993164,328.7152709960937,0.0,77.66682330827066,155.1716766357422
lstm,roll0,81,1215,25.44222755432129,69.15594482421875,328.7847595214844,0.0,76.39802631578947,151.30783081054688
lstm,roll0,82,1230,25.304907608032227,68.70259857177734,328.6687927246094,0.0,77.70206766917293,155.5670928955078
lstm,roll0,83,1245,25.430901718139648,69.0967788696289,328.69830322265625,0.0,76.37453007518798,151.49754333496094
lstm,roll0,84,1260,25.022151947021484,68.00603485107422,325.6569519042969,0.0,77.79605263157895,155.75599670410156
lstm,roll0,85,1275,25.18920669555664,68.55683898925781,325.7270202636719,0.0,76.46851503759399,151.65872192382812
lstm,roll0,86,1290,24.996515655517577,67.87458038330078,325.6196594238281,0.0,78.05451127819549,156.06494140625
lstm,roll0,87,1305,25.15867004394532,68.47323608398438,325.716552734375,0.0,76.38627819548873,151.82049560546875
lstm,roll0,88,1320,24.95685424804688,67.79205322265625,325.60601806640625,0.0,78.30122180451127,156.48251342773438
lstm,roll0,89,1335,25.136216735839845,68.44384765625,325.7225341796875,0.0,76.5859962406015,152.3669891357422
lstm,roll0,90,1350,24.947329330444337,67.80353546142578,325.61334228515625,0.0,78.37171052631578,156.2618408203125
lstm,roll0,91,1365,25.09623184204101,68.33578491210938,325.7003173828125,0.0,76.8327067669173,152.8262176513672
lstm,roll0,92,1380,24.94685745239257,67.77503204345703,325.6169128417969,0.0,78.58317669172934,156.98280334472656
lstm,roll0,93,1395,25.142863082885743,68.46160888671875,325.7500305175781,0.0,77.02067669172934,153.3594512939453
lstm,roll0,94,1410,24.943249130249026,67.71495819091797,325.6759033203125,0.0,78.55968045112782,157.3177490234375
lstm,roll0,95,1425,25.10762596130371,68.33374786376953,325.76904296875,0.0,77.43186090225564,154.07369995117188
lstm,roll0,96,1440,24.965914916992187,67.74185180664062,325.8360290527344,0.0,78.87687969924812,157.91282653808594
lstm,roll1,1,15,40.98970718383789,94.49937438964844,670.2554321289062,0.0,81.36617100371747,156.54693603515625
lstm,roll1,2,30,41.1069839477539,94.98038482666016,670.38623046875,0.0,82.307156133829,162.0269012451172
lstm,roll1,3,45,41.16209030151367,94.93888854980467,670.4468994140625,0.0,81.72630111524164,159.5028533935547
lstm,roll1,4,60,41.27384872436524,95.42396545410156,670.640625,0.0,82.77184014869889,165.10679626464844
lstm,roll1,5,75,41.31006240844727,95.41577911376952,670.6337280273438,0.0,81.50557620817844,160.4714813232422
lstm,roll1,6,90,41.365193939208986,95.7237319946289,670.7247924804688,0.0,82.82992565055763,165.47601318359375
lstm,roll1,7,105,41.35026092529297,95.57252502441406,670.7521362304688,0.0,81.85408921933085,161.73165893554688
lstm,roll1,8,120,41.41992416381836,95.96402740478516,670.7735595703125,0.0,82.98094795539033,166.1212921142578
lstm,roll1,9,135,41.39878768920899,95.85092163085938,670.7783203125,0.0,81.92379182156134,161.73277282714844
lstm,roll1,10,150,41.47140502929688,96.2507095336914,670.7853393554688,0.0,82.78345724907064,165.69500732421875
lstm,roll1,11,165,41.43970489501953,96.0677719116211,670.7826538085938,0.0,81.73791821561338,160.55764770507812
lstm,roll1,12,180,41.5294807434082,96.45951080322266,670.8386840820312,0.0,82.8996282527881,166.6524658203125
lstm,roll1,13,195,41.49703598022461,96.31275939941406,670.8601684570312,0.0,81.65659851301115,160.9485321044922
lstm,roll1,14,210,41.580657196044925,96.650390625,670.9174194335938,0.0,83.03903345724906,167.14051818847656
lstm,roll1,15,225,41.54248428344727,96.43889617919922,670.943115234375,0.0,82.01672862453532,162.32174682617188
lstm,roll1,16,240,41.62581024169922,96.82057189941406,671.0073852539062,0.0,83.23652416356877,167.45225524902344
lstm,roll1,17,255,41.58809127807617,96.69206237792967,671.0065307617188,0.0,82.06319702602231,161.3558807373047
lstm,roll1,18,270,41.66898803710937,97.01145935058594,671.1041259765625,0.0,83.1435873605948,167.32620239257812
lstm,roll1,19,285,41.63783645629883,96.90744018554688,671.1255493164062,0.0,81.8889405204461,161.34669494628906
lstm,roll1,20,300,41.71275939941406,97.28515625,671.1676025390625,0.0,83.1668215613383,166.6221160888672
lstm,roll1,21,315,41.641703033447264,96.99592590332033,671.1445922851562,0.0,82.06319702602231,161.86062622070312
lstm,roll1,22,330,41.71959686279297,97.3405990600586,671.21728515625,0.0,83.30622676579925,166.7654571533203
lstm,roll1,23,345,41.685977935791016,97.2001495361328,671.2172241210938,0.0,82.09804832713755,162.0604705810547
lstm,roll1,24,360,41.77412414550781,97.60006713867188,671.288330078125,0.0,82.96933085501858,166.43087768554688
lstm,roll1,25,375,41.71206436157227,97.36329650878906,671.291259765625,0.0,82.00511152416357,161.82444763183594
lstm,roll1,26,390,41.80404891967773,97.70066833496094,671.3452758789062,0.0,82.99256505576209,167.0923309326172
lstm,roll1,27,405,41.75565032958984,97.5247573852539,671.340576171875,0.0,81.97026022304833,161.53128051757812
lstm,roll1,28,420,41.83391418457031,97.81884765625,671.3502807617188,0.0,83.02741635687732,167.2288818359375
lstm,roll1,29,435,41.77251281738281,97.55329895019533,671.3334350585938,0.0,82.05157992565056,161.71221923828125
lstm,roll1,30,450,41.88463592529297,97.9569091796875,671.337890625,0.0,82.65566914498142,166.3782958984375
lstm,roll1,31,465,41.81934585571289,97.6488265991211,671.31640625,0.0,81.84247211895911,161.75257873535156
lstm,roll1,32,480,41.90643081665039,97.93553924560548,671.2716674804688,0.0,82.79507434944237,167.49063110351562
lstm,roll1,33,495,41.84842071533203,97.70110321044922,671.24755859375,0.0,81.73791821561338,161.6472930908203
lstm,roll1,34,510,41.92846221923829,97.9961929321289,671.2357177734375,0.0,82.46979553903346,167.30874633789062
lstm,roll1,35,525,41.87490310668945,97.7202606201172,671.216552734375,0.0,81.79600371747212,162.2312774658203
lstm,roll1,36,540,41.966268157958986,98.00366973876952,671.2463989257812,0.0,82.59758364312268,168.12847900390625
lstm,roll1,37,555,41.88283233642578,97.66368103027344,671.2255249023438,0.0,81.6914498141264,162.6042938232422
lstm,roll1,38,570,41.993412017822266,98.05308532714844,671.269287109375,0.0,82.4581784386617,167.8743133544922
lstm,roll1,39,585,41.884133911132814,97.63136291503906,671.2566528320312,0.0,81.57527881040892,162.13963317871094
lstm,roll1,40,600,41.97629928588867,97.91567993164062,671.2380981445312,0.0,82.38847583643123,168.31141662597656
lstm,roll1,41,615,41.89124069213867,97.580078125,671.20947265625,0.0,81.42425650557621,162.79481506347656
lstm,roll1,42,630,41.976322174072266,97.81494903564452,671.2445678710938,0.0,82.34200743494424,169.06320190429688
lstm,roll1,43,645,41.90153045654297,97.55198669433594,671.2601318359375,0.0,81.49395910780669,163.27801513671875
lstm,roll1,44,660,41.97295684814453,97.73541259765624,671.2946166992188,0.0,82.51626394052045,169.45335388183594
lstm,roll1,45,675,41.97154159545899,97.71578979492188,671.320556640625,0.0,80.84340148698885,162.80068969726562
lstm,roll1,46,690,42.04771881103515,97.99366760253906,671.3529663085938,0.0,82.22583643122677,169.63182067871094
lstm,roll1,47,705,41.99383010864258,97.7811050415039,671.4012451171875,0.0,80.76208178438662,162.9475555419922
lstm,roll1,48,720,42.03250045776368,97.98644256591795,671.398193359375,0.0,82.35362453531599,170.00634765625
lstm,roll1,49,735,42.24326858520508,98.29012298583984,672.8525390625,0.0,80.72723048327137,163.34759521484375
lstm,roll1,50,750,42.308885192871095,98.57896423339844,672.8502807617188,0.0,81.95864312267658,170.16795349121094
lstm,roll1,51,765,42.30090560913086,98.53599548339844,672.8915405273438,0.0,80.00697026022306,161.79959106445312
lstm,roll1,52,780,42.30202865600586,98.62732696533205,672.8578491210938,0.0,82.00511152416357,169.79537963867188
lstm,roll1,53,795,42.329122924804686,98.62067413330078,672.8493041992188,0.0,80.06505576208178,163.0431671142578
lstm,roll1,54,810,42.28593368530274,98.66020965576172,672.8384399414062,0.0,82.1096654275093,169.70567321777344
lstm,roll1,55,825,42.341704559326175,98.74620819091795,672.8311767578125,0.0,79.9721189591078,162.96363830566406
lstm,roll1,56,840,42.297784423828126,98.77008819580078,672.8193359375,0.0,82.21421933085502,171.32296752929688
lstm,roll1,57,855,42.329063415527344,98.82534790039062,672.8477783203125,0.0,79.7978624535316,163.38226318359375
lstm,roll1,58,870,42.25380401611328,98.76390075683594,672.8389892578125,0.0,82.34200743494424,171.25717163085938
lstm,roll1,59,885,42.30116958618164,98.8680419921875,672.8623046875,0.0,79.67007434944237,163.2925567626953
lstm,roll1,60,900,42.241974639892575,98.82972717285156,672.8538818359375,0.0,82.43494423791822,170.2772674560547
lstm,roll1,61,915,42.27453842163086,98.81964111328124,672.813720703125,0.0,79.5539033457249,162.75555419921875
lstm,roll1,62,930,42.20307769775391,98.65740966796876,672.7492065429688,0.0,82.7253717472119,171.64263916015625
lstm,roll1,63,945,42.28024749755859,98.82040405273438,672.7632446289062,0.0,79.63522304832715,162.63296508789062
lstm,roll1,64,960,42.16515121459961,98.60921478271484,672.7001342773438,0.0,82.57434944237917,169.98410034179688
lstm,roll1,65,975,42.21112594604492,98.65086364746094,672.6997680664062,0.0,79.92565055762083,162.4435272216797
lstm,roll1,66,990,42.118611907958986,98.4485092163086,672.6542358398438,0.0,82.69052044609666,170.22982788085938
lstm,roll1,67,1005,42.20081481933594,98.62594604492188,672.6609497070312,0.0,80.59944237918215,164.22067260742188
lstm,roll1,68,1020,42.09855346679687,98.38411712646484,672.6381225585938,0.0,82.98094795539033,170.62893676757812
lstm,roll1,69,1035,42.19921875,98.6176986694336,672.6585083007812,0.0,80.52973977695167,164.45895385742188
lstm,roll1,70,1050,42.10829086303711,98.44224548339844,672.61279296875,0.0,82.84154275092936,171.14398193359375
lstm,roll1,71,1065,42.24742736816406,98.7955551147461,672.6727294921875,0.0,80.42518587360595,164.92645263671875
lstm,roll1,72,1080,42.16859817504883,98.6007308959961,672.6655883789062,0.0,82.42332713754647,170.95687866210938
lstm,roll1,73,1095,42.34341888427734,99.01860809326172,672.7523803710938,0.0,79.84433085501858,164.47230529785156
lstm,roll1,74,1110,42.31719970703125,98.98959350585938,672.7721557617188,0.0,82.1096654275093,171.4821319580078
lstm,roll1,75,1125,42.49611206054688,99.45020294189452,672.8738403320312,0.0,79.86756505576209,164.64231872558594
lstm,roll1,76,1140,42.374385070800784,99.19929504394533,672.8363647460938,0.0,81.77276951672863,170.55662536621094
lstm,roll1,77,1155,42.54105987548828,99.55301666259766,672.9470825195312,0.0,80.09990706319702,165.2306671142578
lstm,roll1,78,1170,42.43843231201172,99.263427734375,672.9327392578125,0.0,81.91217472118959,170.3980712890625
lstm,roll1,79,1185,42.57244110107422,99.60318756103516,673.0521850585938,0.0,80.06505576208178,165.3244171142578
lstm,roll1,80,1200,42.44689712524414,99.22300720214844,673.0811767578125,0.0,81.79600371747212,170.05210876464844
lstm,roll1,81,1215,42.53501968383789,99.4490203857422,673.112548828125,0.0,79.94888475836431,164.64210510253906
lstm,roll1,82,1230,42.43855743408203,99.13914489746094,673.0734252929688,0.0,81.94702602230484,169.88619995117188
lstm,roll1,83,1245,42.53798675537109,99.4560317993164,673.0636596679688,0.0,80.49488847583643,165.52687072753906
lstm,roll1,84,1260,42.46253128051758,99.20926666259766,673.0150146484375,0.0,81.8889405204461,169.91644287109375
lstm,roll1,85,1275,42.53339233398437,99.41729736328124,672.9951171875,0.0,80.44842007434944,165.3166046142578
lstm,roll1,86,1290,42.41266250610352,99.12493896484376,672.926513671875,0.0,81.65659851301115,168.12319946289062
lstm,roll1,87,1305,42.50172576904297,99.36365509033205,672.9381103515625,0.0,80.66914498141264,165.05227661132812
lstm,roll1,88,1320,42.433450317382814,99.23681640625,672.9501342773438,0.0,81.70306691449815,168.56546020507812
lstm,roll1,89,1335,42.4641830444336,99.36143493652344,672.9447021484375,0.0,80.68076208178438,165.0309295654297
lstm,roll1,90,1350,42.38733901977539,99.20093536376952,672.9024047851562,0.0,82.00511152416357,169.31573486328125
lstm,roll1,91,1365,42.39560546875,99.37069702148438,672.9010009765625,0.0,80.87825278810409,164.2102813720703
lstm,roll1,92,1380,42.38531646728516,99.30072784423828,672.915283203125,0.0,81.80762081784387,168.390625
lstm,roll1,93,1395,42.42471466064453,99.49925994873048,672.9691772460938,0.0,80.43680297397769,163.44297790527344
lstm,roll1,94,1410,42.39145202636719,99.45860290527344,672.9675903320312,0.0,81.52881040892194,166.5312042236328
lstm,roll1,95,1425,42.40350952148437,99.5369873046875,672.9869995117188,0.0,80.4600371747212,162.35499572753906
lstm,roll1,96,1440,42.443701934814456,99.6824188232422,673.0090942382812,0.0,81.25,165.96923828125
lstm,roll2,1,15,17.85758228302002,47.13420104980469,211.9841461181641,0.0,87.37362132352942,149.94041442871094
lstm,roll2,2,30,18.208060455322265,48.137325286865234,212.39100646972656,0.0,86.69577205882352,152.2508087158203
lstm,roll2,3,45,18.09728088378906,48.08666229248047,212.333724975586,0.0,86.90257352941177,149.66004943847656
lstm,roll2,4,60,18.39212684631348,48.9159049987793,212.61993408203125,0.0,86.47748161764706,151.71234130859375
lstm,roll2,5,75,18.26196708679199,48.73731231689453,212.4521942138672,0.0,86.68428308823529,150.2185821533203
lstm,roll2,6,90,18.46272087097168,49.23966598510742,212.59567260742188,0.0,86.35110294117648,151.7054901123047
lstm,roll2,7,105,18.28570804595948,48.88803863525391,212.43408203125,0.0,86.77619485294117,150.1543426513672
lstm,roll2,8,120,18.467201805114748,49.33697509765625,212.5483245849609,0.0,86.35110294117648,151.8193817138672
lstm,roll2,9,135,18.3135290145874,48.97936630249024,212.36959838867188,0.0,86.89108455882352,150.9276885986328
lstm,roll2,10,150,18.502481079101564,49.492862701416016,212.5425567626953,0.0,86.42003676470588,152.00718688964844
lstm,roll2,11,165,18.345286750793456,49.06963348388672,212.4383850097656,0.0,87.02895220588235,151.39845275878906
lstm,roll2,12,180,18.53558464050293,49.64037322998047,212.71095275878903,0.0,86.27068014705883,151.97035217285156
lstm,roll2,13,195,18.358083152770995,49.1487922668457,212.510482788086,0.0,87.25873161764706,151.67698669433594
lstm,roll2,14,210,18.56115646362305,49.77896499633789,212.7535095214844,0.0,86.20174632352942,151.27743530273438
lstm,roll2,15,225,18.37926788330078,49.209957122802734,212.52508544921875,0.0,87.27022058823529,151.41363525390625
lstm,roll2,16,240,18.555483055114745,49.775421142578125,212.7855682373047,0.0,86.33961397058823,151.48861694335938
lstm,roll2,17,255,18.339209175109865,49.104583740234375,212.47100830078125,0.0,87.38511029411765,151.7354736328125
lstm,roll2,18,270,18.514573287963863,49.646095275878906,212.71893310546875,0.0,86.39705882352942,151.69406127929688
lstm,roll2,19,285,18.350444984436034,49.12425231933594,212.47496032714844,0.0,87.32766544117648,152.27883911132812
lstm,roll2,20,300,18.5254264831543,49.64353942871094,212.7452392578125,0.0,86.56939338235294,152.53065490722656
lstm,roll2,21,315,18.36972770690918,49.16817474365234,212.5775604248047,0.0,87.41957720588235,152.2163848876953
lstm,roll2,22,330,18.532375144958497,49.53034973144531,212.80474853515625,0.0,86.69577205882352,153.4319305419922
lstm,roll2,23,345,18.391270065307616,49.20055770874024,212.64523315429688,0.0,87.38511029411765,152.84498596191406
lstm,roll2,24,360,18.566335487365723,49.713191986083984,212.9125366210937,0.0,86.55790441176471,152.72279357910156
lstm,roll2,25,375,18.401808166503905,49.25234222412109,212.6958465576172,0.0,87.36213235294117,152.33396911621094
lstm,roll2,26,390,18.57558689117432,49.69507598876953,212.933837890625,0.0,86.68428308823529,152.8546142578125
lstm,roll2,27,405,18.42694358825684,49.294071197509766,212.7294921875,0.0,87.29319852941177,153.11468505859375
lstm,roll2,28,420,18.63127193450928,49.862117767333984,212.9963836669922,0.0,86.47748161764706,153.10504150390625
lstm,roll2,29,435,18.43287410736084,49.31326675415039,212.72311401367188,0.0,87.40808823529412,153.21826171875
lstm,roll2,30,450,18.60380229949952,49.738277435302734,212.9500427246093,0.0,86.77619485294117,154.06585693359375
lstm,roll2,31,465,18.43910160064697,49.29854965209961,212.7102203369141,0.0,87.47702205882352,153.78689575195312
lstm,roll2,32,480,18.628658103942872,49.82417678833008,212.992904663086,0.0,86.58088235294117,153.80006408691406
lstm,roll2,33,495,18.43666763305664,49.32233428955078,212.75021362304688,0.0,87.47702205882352,153.53530883789062
lstm,roll2,34,510,18.62205638885498,49.789249420166016,212.9668731689453,0.0,86.83363970588235,154.0749053955078
lstm,roll2,35,525,18.441944885253907,49.31488037109375,212.70095825195312,0.0,87.58042279411765,154.03054809570312
lstm,roll2,36,540,18.62413387298584,49.78970336914063,212.9169311523437,0.0,86.55790441176471,154.1008758544922
lstm,roll2,37,555,18.433471870422363,49.253562927246094,212.6382293701172,0.0,87.29319852941177,154.2616729736328
lstm,roll2,38,570,18.602499198913574,49.748268127441406,212.88140869140625,0.0,86.48897058823529,153.9412078857422
lstm,roll2,39,585,18.42530937194824,49.244232177734375,212.6396331787109,0.0,87.54595588235294,154.0839080810547
lstm,roll2,40,600,18.589108276367188,49.71847152709961,212.88345336914065,0.0,86.74172794117648,153.69027709960938
lstm,roll2,41,615,18.40595321655273,49.17133331298828,212.58908081054688,0.0,87.59191176470588,154.09506225585938
lstm,roll2,42,630,18.574247550964355,49.64632797241211,212.8005828857422,0.0,86.90257352941177,153.88169860839844
lstm,roll2,43,645,18.393684959411623,49.1497802734375,212.54234313964844,0.0,87.29319852941177,153.5489501953125
lstm,roll2,44,660,18.58799457550049,49.70886993408203,212.831787109375,0.0,86.59237132352942,153.40049743652344
lstm,roll2,45,675,18.417862129211425,49.24692153930664,212.5652770996093,0.0,87.06341911764706,153.1826171875
lstm,roll2,46,690,18.61125373840332,49.90792846679688,212.7993927001953,0.0,86.48897058823529,152.99813842773438
lstm,roll2,47,705,18.408560371398927,49.3338508605957,212.49986267089844,0.0,86.81066176470588,152.8134002685547
lstm,roll2,48,720,18.57942562103272,49.88128662109375,212.75271606445312,0.0,86.42003676470588,152.34173583984375
lstm,roll2,49,735,18.408262062072755,49.36054992675781,212.4552001953125,0.0,87.00597426470588,153.00621032714844
lstm,roll2,50,750,18.577802085876463,49.94650650024414,212.6901397705078,0.0,86.40854779411765,152.52859497070312
lstm,roll2,51,765,18.40934829711914,49.42728042602539,212.3855133056641,0.0,87.17830882352942,153.12127685546875
lstm,roll2,52,780,18.56437110900879,49.89844131469727,212.6462860107422,0.0,86.33961397058823,152.8175506591797
lstm,roll2,53,795,18.417781829833984,49.53921508789063,212.3970642089844,0.0,86.93704044117648,152.6073455810547
lstm,roll2,54,810,18.579869270324707,50.0700798034668,212.6608123779297,0.0,86.46599264705883,152.10557556152344
lstm,roll2,55,825,18.433871459960937,49.64229583740234,212.4095001220703,0.0,86.98299632352942,152.4311981201172
lstm,roll2,56,840,18.577496147155763,50.03226852416992,212.64712524414065,0.0,86.28216911764706,152.21627807617188
lstm,roll2,57,855,18.42548313140869,49.64573669433594,212.3905487060547,0.0,86.62683823529412,152.26295471191406
lstm,roll2,58,870,18.571013259887696,50.00533676147461,212.6471099853516,0.0,86.31663602941177,152.40879821777344
lstm,roll2,59,885,18.439821815490724,49.73149871826172,212.38282775878903,0.0,86.60386029411765,152.48297119140625
lstm,roll2,60,900,18.57246398925781,50.083274841308594,212.60289001464844,0.0,86.20174632352942,151.90725708007812
lstm,roll2,61,915,18.452088928222658,49.78915023803711,212.3162384033203,0.0,86.47748161764706,152.6455535888672
lstm,roll2,62,930,18.58715591430664,50.00635528564453,212.5521850585937,0.0,86.19025735294117,152.96035766601562
lstm,roll2,63,945,18.460086631774903,49.85416412353516,212.3504333496093,0.0,86.45450367647058,151.84548950195312
lstm,roll2,64,960,18.590315055847167,50.05937576293945,212.60208129882807,0.0,86.21323529411765,152.42042541503906
lstm,roll2,65,975,18.44566192626953,49.84324264526367,212.35308837890625,0.0,86.37408088235294,151.48663330078125
lstm,roll2,66,990,18.544997787475587,49.8311767578125,212.52566528320312,0.0,86.30514705882352,152.86358642578125
lstm,roll2,67,1005,18.43912124633789,49.91404724121094,212.4087371826172,0.0,86.1328125,150.7462615966797
lstm,roll2,68,1020,18.558712196350097,49.93648147583008,212.5611267089844,0.0,86.28216911764706,152.7050018310547
lstm,roll2,69,1035,18.449794578552247,49.93015670776367,212.396240234375,0.0,86.01792279411765,150.48956298828125
lstm,roll2,70,1050,18.563416481018063,49.92305755615234,212.539306640625,0.0,86.53492647058823,153.06451416015625
lstm,roll2,71,1065,18.48109436035156,50.071231842041016,212.46359252929688,0.0,85.77665441176471,150.06539916992188
lstm,roll2,72,1080,18.58217601776123,50.00246047973633,212.57293701171875,0.0,86.10983455882352,152.69984436035156
lstm,roll2,73,1095,18.51635818481445,50.1225814819336,212.57017517089844,0.0,85.52389705882352,149.71353149414062
lstm,roll2,74,1110,18.64038314819336,50.12366485595703,212.7415771484375,0.0,86.12132352941177,152.715087890625
lstm,roll2,75,1125,18.571541404724123,50.29787826538086,212.7637634277344,0.0,85.44347426470588,148.8152618408203
lstm,roll2,76,1140,18.67756061553955,50.158958435058594,212.83306884765625,0.0,86.00643382352942,152.7832489013672
lstm,roll2,77,1155,18.59454841613769,50.31555938720703,212.8370361328125,0.0,85.34007352941177,148.31103515625
lstm,roll2,78,1170,18.67968521118164,50.17054748535156,212.8679656982422,0.0,86.06387867647058,152.75888061523438
lstm,roll2,79,1185,18.60122756958008,50.313472747802734,212.8725128173828,0.0,85.37454044117648,148.2699432373047
lstm,roll2,80,1200,18.701386070251463,50.11454391479492,212.8855438232422,0.0,85.88005514705883,152.84439086914062
lstm,roll2,81,1215,18.590126609802248,50.14192962646485,212.8315277099609,0.0,85.20220588235294,148.09201049804688
lstm,roll2,82,1230,18.6860803604126,50.03458404541016,212.856201171875,0.0,85.73069852941177,152.26470947265625
lstm,roll2,83,1245,18.59186954498291,50.12862777709961,212.78689575195312,0.0,85.31709558823529,147.93270874023438
lstm,roll2,84,1260,18.70056228637696,49.98978042602539,212.79409790039065,0.0,86.02941176470588,153.0653839111328
lstm,roll2,85,1275,18.592783164978027,50.08521270751953,212.73980712890625,0.0,85.27113970588235,147.94822692871094
lstm,roll2,86,1290,18.712511444091795,50.033233642578125,212.7967987060547,0.0,85.91452205882352,152.4254150390625
lstm,roll2,87,1305,18.598123931884764,50.12760162353516,212.7342529296875,0.0,85.31709558823529,147.9541015625
lstm,roll2,88,1320,18.711085700988768,50.0740852355957,212.7902374267578,0.0,86.05238970588235,152.40309143066406
lstm,roll2,89,1335,18.60075340270996,50.19579315185547,212.7577362060547,0.0,85.65027573529412,148.2850799560547
lstm,roll2,90,1350,18.743063926696777,50.21066665649414,212.8358764648437,0.0,85.65027573529412,151.5557098388672
lstm,roll2,91,1365,18.611548042297365,50.26887512207031,212.7791442871093,0.0,85.76516544117648,148.8142852783203
lstm,roll2,92,1380,18.750341606140136,50.30685806274414,212.8741455078125,0.0,85.73069852941177,151.8527069091797
lstm,roll2,93,1395,18.625221252441406,50.39665222167969,212.8350067138672,0.0,85.71920955882352,149.07003784179688
lstm,roll2,94,1410,18.78988723754883,50.447566986083984,212.95330810546875,0.0,85.69623161764706,152.17147827148438
lstm,roll2,95,1425,18.639044761657715,50.46939086914063,212.9161834716797,0.0,85.7421875,149.5096435546875
lstm,roll2,96,1440,18.786207962036134,50.47880554199219,212.9847717285156,0.0,85.85707720588235,152.6822967529297
lstm,roll3,1,15,16.367141342163087,44.73892211914063,66.04402923583984,0.0,78.24537196734505,145.451416015625
lstm,roll3,2,30,16.25976390838623,44.48528289794922,66.44856262207031,0.0,80.82097274922387,150.50039672851562
lstm,roll3,3,45,16.971277236938477,47.02078628540039,68.12828063964844,0.0,78.13038978958261,147.72169494628906
lstm,roll3,4,60,16.71986541748047,46.36539840698242,68.05926513671875,0.0,80.7519834425664,151.08876037597656
lstm,roll3,5,75,17.375987815856934,48.62223434448242,69.67124938964844,0.0,77.86593078072899,148.44952392578125
lstm,roll3,6,90,16.956228828430177,47.27451705932617,68.84265899658203,0.0,80.24606186041163,150.91217041015625
lstm,roll3,7,105,17.603544807434083,49.43624114990234,70.4912338256836,0.0,77.60147177187537,148.92913818359375
lstm,roll3,8,120,17.115441513061523,47.87073516845703,69.39360809326172,0.0,79.78613314936185,151.4285125732422
lstm,roll3,9,135,17.758078002929686,49.94630813598633,71.0051498413086,0.0,77.25652523858801,149.16928100585938
lstm,roll3,10,150,17.255509757995604,48.37688064575195,69.86215209960938,0.0,79.70564562492814,151.68255615234375
lstm,roll3,11,165,17.835423088073732,50.187278747558594,71.2755126953125,0.0,77.08405197194435,149.81044006347656
lstm,roll3,12,180,17.466793823242188,49.13321685791016,70.62162017822266,0.0,79.49867770495574,151.6882781982422
lstm,roll3,13,195,18.03285446166992,50.7470703125,71.9972152709961,0.0,76.52063930090836,149.77760314941406
lstm,roll3,14,210,17.653789901733397,49.73276519775391,71.3107681274414,0.0,79.49867770495574,152.0305633544922
lstm,roll3,15,225,18.180277633667,51.172508239746094,72.52233123779297,0.0,76.25618029205474,149.62677001953125
lstm,roll3,16,240,17.8256498336792,50.3080940246582,71.9378433227539,0.0,78.87777394503853,151.90374755859375
lstm,roll3,17,255,18.305036544799805,51.51157379150391,72.95059967041016,0.0,76.07220880763481,149.69808959960938
lstm,roll3,18,270,17.953874015808104,50.701393127441406,72.45903015136719,0.0,78.6938024606186,152.33737182617188
lstm,roll3,19,285,18.40121574401856,51.77815246582031,73.33382415771484,0.0,75.77325514545245,149.93873596191406
lstm,roll3,20,300,18.01222038269043,50.89186096191406,72.67233276367188,0.0,78.62481315396114,152.89886474609375
lstm,roll3,21,315,18.44782466888428,51.89340591430664,73.4566650390625,0.0,75.58928366103254,149.87437438964844
lstm,roll3,22,330,18.039754104614257,50.91606521606445,72.73129272460938,0.0,78.63631137173738,153.4708709716797
lstm,roll3,23,345,18.52314434051513,52.04106140136719,73.70537567138672,0.0,75.66977118546625,149.8985595703125
lstm,roll3,24,360,18.15824680328369,51.30827331542969,73.26155853271484,0.0,78.56732206507992,153.17787170410156
lstm,roll3,25,375,18.59721794128418,52.29569625854492,74.02091979980469,0.0,75.60078187880879,149.69473266601562
lstm,roll3,26,390,18.197059631347656,51.4505615234375,73.4517593383789,0.0,78.55582384730366,152.94178771972656
lstm,roll3,27,405,18.62226428985596,52.4410285949707,74.21678161621094,0.0,75.4743014832701,149.8218994140625
lstm,roll3,28,420,18.160017204284667,51.361087799072266,73.34295654296875,0.0,78.82028285615729,153.2836151123047
lstm,roll3,29,435,18.57403984069824,52.28745651245117,74.07853698730469,0.0,75.75025870989997,150.0354461669922
lstm,roll3,30,450,18.146233367919923,51.32470703125,73.35612487792969,0.0,79.03874899390595,153.96522521972656
lstm,roll3,31,465,18.59488468170166,52.35560607910156,74.15131378173828,0.0,75.5547890077038,149.972900390625
lstm,roll3,32,480,18.155078887939453,51.35869216918945,73.40692901611328,0.0,78.78578820282857,152.9513397216797
lstm,roll3,33,495,18.57837619781494,52.380279541015625,74.15789031982422,0.0,75.79625158100495,149.73287963867188
lstm,roll3,34,510,18.13031749725342,51.288761138916016,73.35354614257812,0.0,78.6938024606186,152.89157104492188
lstm,roll3,35,525,18.53500728607177,52.25920867919922,74.0565185546875,0.0,75.48579970104635,149.7858428955078
lstm,roll3,36,540,18.08755798339844,51.15568923950195,73.27008056640625,0.0,78.62481315396114,152.30429077148438
lstm,roll3,37,555,18.44137554168701,51.939483642578125,73.75861358642578,0.0,75.7617569276762,149.68907165527344
lstm,roll3,38,570,18.05315475463868,51.07971954345703,73.20794677734375,0.0,78.61331493618489,152.3040771484375
lstm,roll3,39,585,18.41772594451904,51.89812469482422,73.70572662353516,0.0,75.86524088766241,149.43312072753906
lstm,roll3,40,600,18.012040901184083,50.96719741821289,73.091552734375,0.0,78.61331493618489,151.59249877929688
lstm,roll3,41,615,18.317433547973632,51.62723159790039,73.38822174072266,0.0,76.10670346096356,149.3329620361328
lstm,roll3,42,630,17.930315589904787,50.73820114135742,72.82257843017578,0.0,78.49833275842244,151.26193237304688
lstm,roll3,43,645,18.2587308883667,51.50242614746094,73.25509643554688,0.0,75.89973554099114,149.0401611328125
lstm,roll3,44,660,17.868963050842286,50.58736801147461,72.5864028930664,0.0,78.21087731401633,151.07957458496094
lstm,roll3,45,675,18.19694080352783,51.37967300415039,73.00692749023438,0.0,76.19868920317352,148.9022674560547
lstm,roll3,46,690,17.78590316772461,50.400238037109375,72.3015365600586,0.0,78.29136483845004,150.89547729492188
lstm,roll3,47,705,18.06899394989013,51.07995223999024,72.57987213134766,0.0,76.31367138093596,148.9932403564453
lstm,roll3,48,720,17.68516674041748,50.15196990966797,71.96349334716797,0.0,78.54432562952742,150.92416381835938
lstm,roll3,49,735,17.954401779174805,50.76569747924805,72.12907409667969,0.0,76.4286535586984,149.34051513671875
lstm,roll3,50,750,17.575864410400392,49.87410354614258,71.58171844482422,0.0,78.86627572726226,151.6856231689453
lstm,roll3,51,765,17.872909164428712,50.63727569580078,71.91044616699219,0.0,76.87708405197195,150.0117645263672
lstm,roll3,52,780,17.476706123352052,49.59961700439453,71.23649597167969,0.0,79.22272047832585,151.98744201660156
lstm,roll3,53,795,17.803438568115233,50.45454025268555,71.62515258789062,0.0,77.13004484304933,149.3910675048828
lstm,roll3,54,810,17.42070064544678,49.50931930541992,71.0393295288086,0.0,79.16522938944463,152.03810119628906
lstm,roll3,55,825,17.74252052307129,50.37109375,71.42210388183594,0.0,77.39450385190295,149.58497619628906
lstm,roll3,56,840,17.367934799194337,49.36114501953125,70.7977066040039,0.0,78.95826146947223,151.7978057861328
lstm,roll3,57,855,17.694403648376465,50.17600631713867,71.12500762939453,0.0,76.81959296309073,149.18568420410156
lstm,roll3,58,870,17.335070610046387,49.24843215942383,70.57878875732422,0.0,79.01575255835346,151.75540161132812
lstm,roll3,59,885,17.6053409576416,49.82818222045898,70.75665283203125,0.0,76.93457514085317,149.92202758789062
lstm,roll3,60,900,17.32216110229492,49.17325973510742,70.43572998046875,0.0,79.06174542945843,151.89707946777344
lstm,roll3,61,915,17.58954448699951,49.72216033935547,70.54177856445312,0.0,76.81959296309073,150.11065673828125
lstm,roll3,62,930,17.263696479797364,48.93202209472656,70.13494110107422,0.0,79.34920087386456,152.60565185546875
lstm,roll3,63,945,17.592848205566405,49.71255493164063,70.47793579101562,0.0,76.61262504311833,149.8373260498047
lstm,roll3,64,960,17.26777000427246,48.90434646606445,70.11561584472656,0.0,79.05024721168219,152.5555877685547
lstm,roll3,65,975,17.58617992401123,49.60403823852539,70.44499206542969,0.0,76.45164999425089,149.9049835205078
lstm,roll3,66,990,17.28350963592529,48.88546371459961,70.14651489257812,0.0,78.96975968724847,152.83169555664062
lstm,roll3,67,1005,17.63461513519287,49.68065643310547,70.55172729492188,0.0,75.75025870989997,148.70443725585938
lstm,roll3,68,1020,17.309017372131347,48.88211441040039,70.32400512695312,0.0,79.45268483385075,153.1839141845703
lstm,roll3,69,1035,17.61862258911133,49.529396057128906,70.56429290771484,0.0,76.03771415430607,149.26072692871094
lstm,roll3,70,1050,17.328005409240724,48.889404296875,70.34661865234375,0.0,79.33770265608831,153.33985900878906
lstm,roll3,71,1065,17.631249237060548,49.53150939941406,70.6120376586914,0.0,75.84224445210992,148.62881469726562
lstm,roll3,72,1080,17.307683563232423,48.75250625610352,70.36930084228516,0.0,79.29170978498334,154.35987854003906
lstm,roll3,73,1095,17.59044780731201,49.38249206542969,70.57838439941406,0.0,76.24468207427849,149.83575439453125
lstm,roll3,74,1110,17.34775581359863,48.92746353149414,70.61058044433594,0.0,79.57916522938945,154.6033172607422
lstm,roll3,75,1125,17.635609436035157,49.50092697143555,70.72427368164062,0.0,75.6812694032425,149.24365234375
lstm,roll3,76,1140,17.368968772888184,49.024112701416016,70.61029815673828,0.0,79.60216166494195,155.08160400390625
lstm,roll3,77,1155,17.637675857543947,49.53013229370117,70.77067565917969,0.0,75.75025870989997,149.05711364746094
lstm,roll3,78,1170,17.42901744842529,49.28775787353516,70.91214752197266,0.0,79.33770265608831,154.16969299316406
lstm,roll3,79,1185,17.6876558303833,49.7004280090332,70.97673034667969,0.0,75.56628722548005,148.77610778808594
lstm,roll3,80,1200,17.406787872314453,49.15077209472656,70.8161849975586,0.0,79.68264918937564,154.55767822265625
lstm,roll3,81,1215,17.69051399230957,49.70670700073242,70.98979187011719,0.0,75.64677474991376,148.53404235839844
lstm,roll3,82,1230,17.413229560852052,49.19811630249024,70.88948822021484,0.0,79.39519374496953,153.9171905517578
lstm,roll3,83,1245,17.704377746582033,49.77592468261719,71.09226989746094,0.0,75.54329078992757,147.8374481201172
lstm,roll3,84,1260,17.447274589538573,49.26332473754883,70.99655151367188,0.0,79.60216166494195,154.4748077392578
lstm,roll3,85,1275,17.797515296936034,50.11925506591797,71.3879623413086,0.0,75.38231574106014,147.0086669921875
lstm,roll3,86,1290,17.469373893737792,49.33451461791992,71.05781555175781,0.0,79.2342186961021,153.99278259277344
lstm,roll3,87,1305,17.877548217773438,50.313907623291016,71.5685806274414,0.0,74.78440841669541,146.05601501464844
lstm,roll3,88,1320,17.535053253173828,49.52507019042969,71.28532409667969,0.0,79.01575255835346,152.9951171875
lstm,roll3,89,1335,17.943248748779297,50.54473114013672,71.85319519042969,0.0,74.6004369322755,145.76333618164062
lstm,roll3,90,1350,17.55921287536621,49.60269927978516,71.38919067382812,0.0,78.32585949177877,151.70362854003906
lstm,roll3,91,1365,18.01166706085205,50.8153076171875,72.13053131103516,0.0,74.65792802115672,146.37301635742188
lstm,roll3,92,1380,17.61884593963623,49.80469131469727,71.58158874511719,0.0,77.91192365183397,151.06614685058594
lstm,roll3,93,1395,18.144071769714355,51.2786750793457,72.59664154052734,0.0,73.8530527768196,146.00909423828125
lstm,roll3,94,1410,17.689007568359376,50.00953674316406,71.83406066894531,0.0,77.9464183051627,151.24998474121094
lstm,roll3,95,1425,18.227399253845213,51.60335540771485,73.04161071777344,0.0,74.47395653673681,147.3202667236328
lstm,roll3,96,1440,17.810634994506835,50.43871307373047,72.35535430908203,0.0,77.64746464298034,151.15464782714844
xgb,roll0,1,15,22.99667854309082,57.708526611328125,325.17901611328125,2.646264097744361,72.03947368421053,155.565185546875
xgb,roll0,2,30,23.87898178100586,61.215370178222656,326.5506286621094,1.168937969924812,78.03101503759399,174.33103942871094
xgb,roll0,3,45,24.92556037902832,63.56581115722656,327.3908996582031,1.6858552631578947,75.62265037593986,191.5102996826172
xgb,roll0,4,60,25.03037872314453,65.96905517578125,328.2021789550781,0.7988721804511277,78.60667293233082,182.1844940185547
xgb,roll0,5,75,25.55273323059082,67.50973510742188,328.4664001464844,0.8664238721804511,73.15554511278195,160.01080322265625
xgb,roll0,6,90,25.028898239135746,66.80889892578125,328.4299011230469,0.5815319548872181,77.26738721804512,161.47059631347656
xgb,roll0,7,105,25.69997444152832,69.0142593383789,328.7991943359375,0.387687969924812,75.24671052631578,160.17591857910156
xgb,roll0,8,120,25.478351974487303,66.55056762695312,328.2712097167969,1.0426456766917291,77.24389097744361,181.6475830078125
xgb,roll0,9,135,26.042493057250976,69.95594787597656,329.07275390625,0.1850328947368421,75.57565789473685,164.44610595703125
xgb,roll0,10,150,25.39045639038086,67.87079620361328,328.6595153808594,0.1556625939849624,78.34821428571429,165.8925018310547
xgb,roll0,11,165,26.127242279052734,68.80979919433594,328.7083740234375,0.7900610902255639,74.3421052631579,166.59616088867188
xgb,roll0,12,180,25.53633346557617,67.95153045654297,328.9472045898437,0.4229323308270676,78.48919172932331,166.24755859375
xgb,roll0,13,195,26.03615379333496,69.78150939941406,329.1750793457031,0.196781015037594,76.73872180451127,166.25531005859375
xgb,roll0,14,210,25.395560455322265,67.82052612304688,328.6194763183594,0.1145441729323308,80.2984022556391,175.24037170410156
xgb,roll0,15,225,25.870573806762696,69.36795043945312,329.0277099609375,0.787124060150376,72.73261278195488,149.208740234375
xgb,roll0,16,240,25.435826110839844,68.30877685546875,328.6044921875,0.0734257518796992,79.76973684210526,170.6613006591797
xgb,roll0,17,255,26.15130500793457,69.94642639160156,328.9877014160156,0.3113251879699248,73.64896616541353,164.41514587402344
xgb,roll0,18,270,25.62224578857422,68.50784301757812,328.77362060546875,0.393562030075188,81.03853383458647,180.7658233642578
xgb,roll0,19,285,26.10162773132324,69.77865600585938,328.825927734375,0.2760808270676692,74.47133458646617,157.6808624267578
xgb,roll0,20,300,25.34872169494629,66.72782897949219,328.48150634765625,0.3700657894736842,78.67716165413535,171.36581420898438
xgb,roll0,21,315,26.229710388183594,70.273193359375,328.80426025390625,0.0998590225563909,76.52725563909775,172.2925567626953
xgb,roll0,22,330,25.256886672973632,67.35205078125,328.6688842773437,0.0675516917293233,79.96945488721805,172.78675842285156
xgb,roll0,23,345,27.47003669738769,74.516357421875,330.2710266113281,0.0,75.44642857142857,164.41932678222656
xgb,roll0,24,360,25.651582336425783,68.11747741699219,329.0054626464844,0.3260103383458647,80.23966165413535,181.5648193359375
xgb,roll0,25,375,26.130827713012696,69.74429321289062,328.87652587890625,0.4728618421052631,76.01033834586465,174.1090545654297
xgb,roll0,26,390,25.35703125,68.6268539428711,329.0538635253906,0.0851738721804511,82.23684210526315,180.96221923828125
xgb,roll0,27,405,26.03064880371094,71.08441162109375,329.25994873046875,0.0234962406015037,78.38345864661655,165.29869079589844
xgb,roll0,28,420,25.15867156982421,66.51348876953125,328.452392578125,0.3083881578947368,78.93562030075188,169.3822784423828
xgb,roll0,29,435,25.53050003051758,68.27685546875,328.4040832519531,0.1762218045112782,77.65507518796993,161.40509033203125
xgb,roll0,30,450,25.13356246948242,66.11044311523438,328.1711120605469,0.3171992481203007,79.59351503759399,179.9553985595703
xgb,roll0,31,465,25.632269668579102,68.79940032958984,328.64404296875,0.3260103383458647,76.28054511278195,162.9595184326172
xgb,roll0,32,480,25.260497665405275,67.28884887695312,328.5035095214844,0.1057330827067669,79.57001879699249,167.27403259277344
xgb,roll0,33,495,25.87723922729492,70.3703842163086,328.8570556640625,0.0675516917293233,77.7843045112782,161.4525146484375
xgb,roll0,34,510,25.371011352539064,67.82301330566406,328.6734313964844,0.0646146616541353,80.62734962406014,173.07736206054688
xgb,roll0,35,525,26.073330688476563,71.38459014892578,329.037353515625,0.1409774436090225,76.63298872180451,164.6702423095703
xgb,roll0,36,540,25.00336151123047,64.96158599853516,327.8556213378906,0.4963580827067669,78.51268796992481,171.2148895263672
xgb,roll0,37,555,25.962688827514647,68.99290466308594,328.39361572265625,0.1409774436090225,78.47744360902256,188.7785797119141
xgb,roll0,38,570,25.385640335083007,67.35018920898438,328.7275695800781,0.096921992481203,81.89614661654136,185.8816070556641
xgb,roll0,39,585,25.59007377624512,69.99315643310547,328.8094177246094,0.384750939849624,76.86795112781954,158.63722229003906
xgb,roll0,40,600,25.095354080200195,66.02283477783203,328.39654541015625,0.1204182330827067,79.9812030075188,177.81317138671875
xgb,roll0,41,615,25.57951431274414,70.07301330566406,328.87677001953125,0.1204182330827067,76.13956766917293,157.4176025390625
xgb,roll0,42,630,25.45838165283203,66.57449340820312,328.2572326660156,0.096921992481203,81.09727443609023,190.4486389160156
xgb,roll0,43,645,26.660845947265624,69.09169006347656,328.81866455078125,0.7900610902255639,77.02067669172934,212.12838745117188
xgb,roll0,44,660,25.345318603515626,66.87916564941406,328.48297119140625,0.1380404135338346,80.12218045112782,185.29039001464844
xgb,roll0,45,675,25.72088966369629,69.53884887695312,328.7897644042969,0.0881109022556391,77.61983082706767,170.03453063964844
xgb,roll0,46,690,25.60922203063965,69.24883270263672,329.0654602050781,0.0528665413533834,80.6390977443609,173.9960174560547
xgb,roll0,47,705,25.716884994506835,69.11204528808594,328.7488098144531,0.1439144736842105,77.57283834586465,168.2875518798828
xgb,roll0,48,720,25.343607330322264,66.86400604248047,328.5035705566406,0.3583176691729323,80.2749060150376,181.5720367431641
xgb,roll0,49,735,25.80607986450196,69.71385192871094,328.9432067871094,0.1527255639097744,77.36137218045113,164.95071411132812
xgb,roll0,50,750,25.75170021057129,67.17822265625,328.72882080078125,0.0675516917293233,81.8374060150376,199.6060791015625
xgb,roll0,51,765,25.872471618652344,69.02521514892578,328.7654724121094,0.4288063909774436,76.03383458646617,162.55172729492188
xgb,roll0,52,780,25.5075008392334,67.04293823242188,328.4206848144531,0.4464285714285714,78.91212406015038,178.6605224609375
xgb,roll0,53,795,25.89952507019043,68.84668731689453,328.833740234375,0.1703477443609022,76.52725563909775,172.67636108398438
xgb,roll0,54,810,25.41613273620605,68.4391860961914,328.9410705566406,0.2437734962406015,80.45112781954887,173.98553466796875
xgb,roll0,55,825,25.99863090515137,68.88059997558594,328.8276062011719,0.9222274436090224,75.85761278195488,177.2987823486328
xgb,roll0,56,840,25.66576042175293,67.60240173339844,328.912841796875,0.7489426691729324,79.42904135338345,191.17095947265625
xgb,roll0,57,855,25.815265274047853,68.63961029052734,328.632080078125,0.778312969924812,75.05874060150376,161.18966674804688
xgb,roll0,58,870,25.712714767456056,67.83695983886719,328.9698486328125,0.1732847744360902,79.72274436090225,187.99395751953125
xgb,roll0,59,885,26.050950622558595,68.60565185546875,328.661376953125,0.8429276315789473,71.8515037593985,155.8235321044922
xgb,roll0,60,900,25.95412254333496,68.5878677368164,329.02099609375,0.3142622180451128,81.48496240601504,209.2981109619141
xgb,roll0,61,915,25.958833312988283,68.66555786132812,328.6998291015625,0.2232142857142857,76.04558270676691,176.6383514404297
xgb,roll0,62,930,25.80857276916504,68.73915100097656,329.24078369140625,0.2672697368421052,79.9812030075188,192.7248992919922
xgb,roll0,63,945,25.79612617492676,68.52214813232422,328.5439453125,0.2467105263157894,76.35103383458647,173.05418395996094
xgb,roll0,64,960,25.40195083618164,66.61702728271484,328.4311218261719,0.596217105263158,77.4671052631579,177.56698608398438
xgb,roll0,65,975,25.727138900756835,69.50782775878906,328.899658203125,0.1791588345864661,78.04276315789474,176.0698699951172
xgb,roll0,66,990,25.304741287231444,66.93909454345703,328.4373474121094,0.8135573308270676,76.78571428571429,174.01622009277344
xgb,roll0,67,1005,26.083164978027344,69.30278015136719,328.82440185546875,0.396499060150376,74.43609022556392,179.4650115966797
xgb,roll0,68,1020,25.62628517150879,66.587890625,328.2406311035156,1.3334116541353385,75.71663533834587,176.36378479003906
xgb,roll0,69,1035,25.918566513061524,69.764892578125,329.0523376464844,0.1615366541353383,75.03524436090225,158.88333129882812
xgb,roll0,70,1050,25.68044586181641,69.02680969238281,328.9124755859375,0.4170582706766917,80.28665413533834,181.34591674804688
xgb,roll0,71,1065,26.42428207397461,69.69591522216797,329.0265808105469,0.9486607142857142,72.76785714285714,167.98741149902344
xgb,roll0,72,1080,25.77641181945801,69.22895050048828,329.1411437988281,0.5932800751879699,78.31296992481202,172.19740295410156
xgb,roll0,73,1095,26.16535606384277,68.85808563232422,328.5499267578125,1.4626409774436089,74.82377819548873,177.97752380371094
xgb,roll0,74,1110,25.83845748901367,68.99012756347656,329.1689453125,0.3289473684210526,77.50234962406014,168.49288940429688
xgb,roll0,75,1125,26.385852813720703,70.1158676147461,329.1158752441406,0.7313204887218044,72.60338345864662,160.44717407226562
xgb,roll0,76,1140,25.878047943115234,67.6533432006836,328.62481689453125,0.3818139097744361,77.69031954887218,179.45016479492188
xgb,roll0,77,1155,26.345309448242187,69.3142318725586,329.1484375,0.9163533834586466,71.34633458646617,164.127685546875
xgb,roll0,78,1170,25.989276123046874,67.57337951660156,328.9579162597656,1.0103383458646615,76.16306390977444,176.9827880859375
xgb,roll0,79,1185,26.5952449798584,69.51583099365234,329.25634765625,0.7371945488721805,70.10103383458647,159.80557250976562
xgb,roll0,80,1200,26.201071166992183,68.32005310058594,329.4749755859375,2.0882283834586466,73.20253759398496,175.15948486328125
xgb,roll0,81,1215,26.579966735839843,70.21405792236328,329.5947570800781,0.5932800751879699,70.55921052631578,162.61431884765625
xgb,roll0,82,1230,26.09654006958008,69.40961456298828,329.3798828125,0.6784539473684211,76.37453007518798,181.55601501464844
xgb,roll0,83,1245,26.495302581787108,69.82376098632812,329.37530517578125,0.9574718045112782,70.59445488721805,168.194091796875
xgb,roll0,84,1260,25.59357604980469,66.97189331054688,326.0702209472656,0.6637687969924813,75.10573308270678,174.6747589111328
xgb,roll0,85,1275,26.50830841064453,69.43561553955078,326.64764404296875,0.7371945488721805,71.8515037593985,174.97933959960938
xgb,roll0,86,1290,25.93685531616211,67.92318725585938,326.35711669921875,0.5492246240601504,75.38768796992481,178.4813690185547
xgb,roll0,87,1305,26.897103118896485,71.42194366455078,327.2533264160156,0.3318843984962406,70.40648496240601,163.0072479248047
xgb,roll0,88,1320,25.948933029174803,68.48283386230469,326.4734191894531,0.3495065789473684,75.96334586466166,174.08547973632812
xgb,roll0,89,1335,26.7894645690918,70.24034118652344,326.8164367675781,0.2966400375939849,70.99389097744361,162.27511596679688
xgb,roll0,90,1350,25.94679374694824,68.06859588623047,326.4093933105469,0.681390977443609,74.53007518796993,170.6278533935547
xgb,roll0,91,1365,27.16596984863281,72.1920166015625,327.5137023925781,0.0616776315789473,72.7796052631579,168.08358764648438
xgb,roll0,92,1380,26.232090377807616,69.32954406738281,326.6889343261719,0.396499060150376,76.35103383458647,175.61276245117188
xgb,roll0,93,1395,26.97951850891113,71.89823150634766,327.5922241210937,0.2760808270676692,70.44172932330827,161.568359375
xgb,roll0,94,1410,26.37079772949219,70.61073303222656,327.165283203125,0.2055921052631578,76.48026315789474,172.87657165527344
xgb,roll0,95,1425,26.80697555541992,71.38626861572266,327.1676940917969,0.3083881578947368,72.02772556390977,165.37135314941406
xgb,roll0,96,1440,26.68819465637207,69.52672576904297,326.89752197265625,1.653547932330827,72.03947368421053,165.32785034179688
xgb,roll1,1,15,38.64201354980469,87.86042022705078,666.2094116210938,1.269168215613383,79.84433085501858,178.76283264160156
xgb,roll1,2,30,40.55171813964844,92.04959869384766,667.80908203125,1.0106877323420074,80.69237918215613,202.8414459228516
xgb,roll1,3,45,40.6683235168457,92.26583099365234,668.6962280273438,1.0339219330855018,81.0292750929368,188.43484497070312
xgb,roll1,4,60,41.671224975585936,94.75611114501952,669.7832641601562,0.7318773234200744,80.70399628252788,201.87635803222656
xgb,roll1,5,75,41.40688781738281,95.38111877441406,670.1715087890625,0.5866635687732342,80.57620817843866,176.87490844726562
xgb,roll1,6,90,42.0776611328125,95.89952087402344,670.435791015625,0.2613847583643123,81.0525092936803,202.56671142578125
xgb,roll1,7,105,41.59486465454101,96.34030151367188,670.50830078125,0.1655436802973977,80.37871747211895,172.54281616210938
xgb,roll1,8,120,41.76025390625,96.06903076171876,670.4200439453125,0.3281830855018587,80.47165427509294,180.20846557617188
xgb,roll1,9,135,42.07502212524414,96.87326049804688,670.7282104492188,0.368842936802974,80.34386617100373,193.74923706054688
xgb,roll1,10,150,42.151049041748045,95.86913299560548,670.560546875,0.5343866171003717,80.85501858736059,202.5928192138672
xgb,roll1,11,165,41.707959747314455,96.98567962646484,670.6765747070312,0.4646840148698885,81.04089219330855,169.25437927246094
xgb,roll1,12,180,41.87189102172852,96.33139038085938,670.475341796875,0.4095027881040892,80.21607806691449,182.94577026367188
xgb,roll1,13,195,42.1795036315918,97.48471069335938,670.6730346679688,0.9003252788104089,79.5771375464684,181.61569213867188
xgb,roll1,14,210,42.22778396606445,96.69441223144533,670.5615234375,0.6883131970260222,80.14637546468401,194.3167266845703
xgb,roll1,15,225,42.30540924072265,98.238037109375,671.0415649414062,0.4821096654275092,80.15799256505576,187.08531188964844
xgb,roll1,16,240,42.081153106689456,97.2356185913086,670.5191040039062,0.3107574349442379,81.42425650557621,187.8789978027344
xgb,roll1,17,255,42.58211212158203,98.11322021484376,670.8724365234375,0.4850139405204461,80.43680297397769,192.44239807128903
xgb,roll1,18,270,42.632799530029295,97.21990966796876,670.5360717773438,0.4327369888475836,80.92472118959108,217.87710571289065
xgb,roll1,19,285,42.25411682128906,97.8239288330078,670.8117065429688,0.1684479553903345,80.0185873605948,183.211181640625
xgb,roll1,20,300,42.08386535644532,97.20220947265624,670.6383666992188,0.2933317843866171,81.48234200743495,192.30699157714844
xgb,roll1,21,315,42.115282440185545,98.05575561523438,670.960205078125,0.4298327137546468,79.08921933085502,171.63218688964844
xgb,roll1,22,330,42.4247802734375,98.41162872314452,670.8113403320312,0.4937267657992565,81.34293680297398,190.90362548828125
xgb,roll1,23,345,42.03106918334961,97.83208465576172,671.1669921875,0.5808550185873605,78.82202602230484,166.32391357421875
xgb,roll1,24,360,42.301091003417966,98.13147735595705,671.0661010742188,0.441449814126394,80.71561338289963,186.5316619873047
xgb,roll1,25,375,42.075592041015625,98.0542221069336,671.2525634765625,0.546003717472119,79.00789962825279,162.9146270751953
xgb,roll1,26,390,42.23790893554688,98.7247314453125,671.2161254882812,0.235246282527881,82.0399628252788,190.4900360107422
xgb,roll1,27,405,42.12890625,98.39014434814452,671.0889892578125,0.1394052044609665,81.28485130111525,173.85496520996094
xgb,roll1,28,420,42.23813629150391,98.2897491455078,671.205078125,0.2671933085501858,81.94702602230484,183.7681579589844
xgb,roll1,29,435,42.117156219482425,98.42022705078124,671.1428833007812,0.2991403345724907,79.89079925650557,172.9115447998047
xgb,roll1,30,450,42.41806335449219,98.51851654052734,671.1697998046875,0.3310873605947955,82.14451672862454,193.019287109375
xgb,roll1,31,465,41.98659210205078,98.2044677734375,671.1142578125,0.2294377323420074,80.14637546468401,165.85531616210938
xgb,roll1,32,480,41.93769989013672,98.5020751953125,671.2723388671875,0.1510223048327137,82.65566914498142,169.53155517578125
xgb,roll1,33,495,42.12744369506836,98.67589569091795,671.3319091796875,0.1423094795539033,80.12314126394052,169.08450317382812
xgb,roll1,34,510,42.40897979736328,98.15226745605467,671.482177734375,0.5314823420074349,80.77369888475836,181.32330322265625
xgb,roll1,35,525,42.06687088012696,97.99105072021484,671.2095947265625,0.3310873605947955,79.00789962825279,167.2373809814453
xgb,roll1,36,540,42.23478698730469,98.35911560058594,671.0721435546875,0.3543215613382899,81.41263940520446,183.9664459228516
xgb,roll1,37,555,42.04290237426758,97.7191390991211,671.1920776367188,0.5692379182156134,79.76301115241635,167.96487426757812
xgb,roll1,38,570,42.23525543212891,98.37771606445312,671.2364501953125,0.1597351301115241,82.09804832713755,184.6733245849609
xgb,roll1,39,585,42.11226577758789,97.65257263183594,671.1280517578125,0.3194702602230483,79.28671003717473,173.2176971435547
xgb,roll1,40,600,42.10510101318359,97.9902801513672,671.0982666015625,0.560525092936803,80.32063197026022,176.02725219726562
xgb,roll1,41,615,42.42835693359375,97.81315612792967,671.1441040039062,0.4385455390334573,79.87918215613384,188.88458251953125
xgb,roll1,42,630,42.158056640625,98.22130584716795,671.3275146484375,0.07260687732342,82.1096654275093,179.88583374023438
xgb,roll1,43,645,42.19096984863281,97.85519409179688,671.2278442382812,0.4385455390334573,78.99628252788105,169.57611083984375
xgb,roll1,44,660,42.19225540161133,98.25503540039062,671.1986083984375,0.5808550185873605,81.55204460966543,180.6608428955078
xgb,roll1,45,675,42.14854125976562,98.10874938964844,671.2938842773438,1.0397304832713754,79.01951672862454,167.42721557617188
xgb,roll1,46,690,41.994320678710935,98.60612487792967,671.3196411132812,0.1394052044609665,82.13289962825279,175.2738800048828
xgb,roll1,47,705,41.91052093505859,98.88076782226562,671.5501708984375,0.1161710037174721,81.30808550185874,162.85406494140625
xgb,roll1,48,720,42.03339309692383,98.3705825805664,671.2488403320312,0.3281830855018587,82.95771375464685,180.7605438232422
xgb,roll1,49,735,42.35055999755859,97.97119903564452,672.6964111328125,0.2700975836431227,79.36802973977694,172.77291870117188
xgb,roll1,50,750,42.4301872253418,98.7530746459961,672.8822631835938,0.2178206319702602,82.73698884758365,190.7684020996093
xgb,roll1,51,765,42.19090042114258,98.23326873779295,672.9708862304688,0.1132667286245353,79.39126394052045,167.45260620117188
xgb,roll1,52,780,42.61265716552735,98.65744018554688,672.919189453125,0.2410548327137546,81.73791821561338,196.0038604736328
xgb,roll1,53,795,42.40896835327148,98.68376922607422,673.2335205078125,0.2323420074349442,79.15892193308551,169.57333374023438
xgb,roll1,54,810,42.31654586791992,98.38349151611328,672.9505615234375,0.3078531598513011,82.37685873605948,183.31610107421875
xgb,roll1,55,825,42.65923919677734,98.2271957397461,673.2325439453125,0.3572258364312267,78.81040892193309,187.06805419921875
xgb,roll1,56,840,42.33644027709961,98.19161224365234,672.753662109375,0.1887778810408922,81.99349442379183,187.3679962158203
xgb,roll1,57,855,42.94570770263672,98.6810073852539,673.2919311523438,0.2730018587360595,79.05436802973978,198.2014923095703
xgb,roll1,58,870,42.069722747802736,98.15099334716795,672.7402954101562,0.2323420074349442,82.01672862453532,176.4497833251953
xgb,roll1,59,885,42.496124267578125,97.9939422607422,673.0867309570312,0.2584804832713754,78.27602230483272,173.62335205078125
xgb,roll1,60,900,42.13396224975586,97.5243911743164,672.8333740234375,0.2817146840148699,82.00511152416357,186.6664886474609
xgb,roll1,61,915,42.53703155517578,97.78890228271484,673.1975708007812,0.383364312267658,78.5664498141264,183.9967193603516
xgb,roll1,62,930,42.07557907104492,97.2250518798828,672.8028564453125,0.2381505576208178,82.00511152416357,181.4682159423828
xgb,roll1,63,945,42.20806121826172,98.00322723388672,673.2218017578125,0.3049488847583643,78.25278810408922,166.44728088378906
xgb,roll1,64,960,42.02915649414062,96.9279556274414,672.8458862304688,0.4675882899628253,81.25,180.55447387695312
xgb,roll1,65,975,42.23123016357422,97.25404357910156,672.9542236328125,0.4530669144981412,79.27509293680298,177.7957763671875
xgb,roll1,66,990,41.795413208007815,96.71672058105467,672.6987915039062,0.3485130111524163,81.35455390334573,172.94248962402344
xgb,roll1,67,1005,42.10423126220703,97.77098083496094,673.0645141601562,0.1945864312267658,79.54228624535315,171.14385986328125
xgb,roll1,68,1020,41.76251831054688,96.76604461669922,672.750244140625,0.4646840148698885,81.6682156133829,172.384765625
xgb,roll1,69,1035,42.10268630981445,97.71243286132812,673.1001586914062,0.3949814126394051,78.00882899628253,164.49659729003906
xgb,roll1,70,1050,41.82274856567383,96.84452056884766,672.6121215820312,0.4792053903345725,81.78438661710037,177.09609985351562
xgb,roll1,71,1065,42.14166030883789,98.12093353271484,673.0812377929688,0.3136617100371747,79.63522304832715,171.99046325683594
xgb,roll1,72,1080,42.20407409667969,97.16715240478516,672.5421142578125,0.5198652416356877,81.52881040892194,187.7308349609375
xgb,roll1,73,1095,42.50144500732422,98.33511352539062,673.16259765625,0.8015799256505576,77.67193308550185,169.8999481201172
xgb,roll1,74,1110,42.18747329711914,97.32020568847656,672.82421875,1.0281133828996285,80.69237918215613,182.3673553466797
xgb,roll1,75,1125,42.60662460327149,98.80878448486328,673.3517456054688,0.4530669144981412,78.84526022304833,176.60556030273438
xgb,roll1,76,1140,42.64164810180664,97.5206069946289,672.7548217773438,0.6098977695167286,82.22583643122677,207.68850708007807
xgb,roll1,77,1155,42.4860725402832,98.90406799316406,673.4425659179688,0.2526719330855018,78.99628252788105,168.0224609375
xgb,roll1,78,1170,42.44076156616211,97.8706512451172,673.0221557617188,0.546003717472119,81.34293680297398,193.698974609375
xgb,roll1,79,1185,42.75355758666992,99.3332290649414,673.4913940429688,0.5547165427509293,78.60130111524164,181.1207733154297
xgb,roll1,80,1200,42.60300140380859,97.9704132080078,673.0771484375,0.6215148698884758,80.73884758364312,191.368392944336
xgb,roll1,81,1215,42.78732604980469,99.58672332763672,673.5413818359375,0.9903578066914498,78.24117100371747,176.4700469970703
xgb,roll1,82,1230,43.114952850341794,97.82904052734376,673.1028442382812,0.589567843866171,82.14451672862454,228.14878845214844
xgb,roll1,83,1245,42.87645721435547,99.27000427246094,673.5799560546875,0.2991403345724907,80.79693308550185,191.38536071777344
xgb,roll1,84,1260,42.4823616027832,97.51565551757812,672.9447021484375,1.161710037174721,80.66914498141264,187.4607391357422
xgb,roll1,85,1275,42.70655899047851,99.41055297851562,673.4854125976562,0.5024395910780669,78.7407063197026,174.61715698242188
xgb,roll1,86,1290,42.21706619262695,98.48609161376952,673.2965087890625,0.1423094795539033,81.99349442379183,174.77969360351562
xgb,roll1,87,1305,42.685201263427736,99.16812896728516,673.4148559570312,0.3920771375464683,79.36802973977694,180.567138671875
xgb,roll1,88,1320,42.32412872314453,98.06364440917967,673.2841186523438,0.4530669144981412,81.70306691449815,180.2409820556641
xgb,roll1,89,1335,42.68389892578125,99.26468658447266,673.47119140625,0.1887778810408922,80.239312267658,177.7987823486328
xgb,roll1,90,1350,42.54237518310547,98.0230712890625,673.2094116210938,1.3621050185873609,82.34200743494424,186.89463806152344
xgb,roll1,91,1365,43.60183410644531,99.05824279785156,673.3358154296875,0.6825046468401488,79.71654275092936,226.4022979736328
xgb,roll1,92,1380,42.64933090209961,98.14784240722656,673.2310180664062,0.4646840148698885,82.13289962825279,198.07334899902344
xgb,roll1,93,1395,42.58097534179687,99.55597686767578,673.464111328125,0.2003949814126394,80.8085501858736,177.94558715820312
xgb,roll1,94,1410,42.57543411254883,97.90637969970705,673.1072998046875,0.1771607806691449,82.66728624535315,196.3890686035156
xgb,roll1,95,1425,42.80562133789063,99.39087677001952,673.3519287109375,0.6418447955390334,81.38940520446096,190.12242126464844
xgb,roll1,96,1440,43.17189865112304,98.7189712524414,673.1353759765625,0.8219098513011152,82.33039033457248,201.1235809326172
xgb,roll2,1,15,16.260360527038575,42.0448112487793,210.99932861328125,1.0857077205882353,81.74402573529412,130.74237060546875
xgb,roll2,2,30,17.86607666015625,46.166290283203125,212.55555725097656,0.2814797794117647,85.76516544117648,160.6784210205078
xgb,roll2,3,45,17.805355072021484,46.00135803222656,212.3929443359375,0.4595588235294118,84.22564338235294,156.48805236816406
xgb,roll2,4,60,18.40209255218506,48.210636138916016,212.81988525390625,0.2182904411764706,85.12178308823529,154.12693786621094
xgb,roll2,5,75,18.535652542114256,48.59577560424805,212.81057739257807,0.2326516544117647,85.38602941176471,160.80380249023438
xgb,roll2,6,90,18.61330680847168,48.805755615234375,212.56741333007807,0.178079044117647,84.97242647058823,156.65985107421875
xgb,roll2,7,105,18.426372146606447,49.128719329833984,212.75831604003903,0.1235064338235294,85.70772058823529,149.83029174804688
xgb,roll2,8,120,18.69860668182373,49.49055862426758,212.92921447753903,0.0775505514705882,85.77665441176471,158.1029052734375
xgb,roll2,9,135,18.75171012878418,49.79637908935547,212.901123046875,0.1436121323529411,86.01792279411765,163.78768920898438
xgb,roll2,10,150,19.09575366973877,49.27913665771485,212.663803100586,0.1436121323529411,84.92647058823529,174.46719360351562
xgb,roll2,11,165,18.69371089935303,50.05241394042969,212.92459106445312,0.1005284926470588,85.50091911764706,155.9140167236328
xgb,roll2,12,180,19.003009223937987,49.61579513549805,212.8388671875,0.1177619485294117,85.07582720588235,166.21604919433594
xgb,roll2,13,195,18.853556632995605,50.04718780517578,212.9217987060547,0.1120174632352941,84.80009191176471,158.2439422607422
xgb,roll2,14,210,18.955451202392577,49.954864501953125,212.9632873535156,0.1436121323529411,85.00689338235294,161.57908630371094
xgb,roll2,15,225,19.280142402648927,50.57258224487305,213.2533264160156,0.0947840073529411,86.63832720588235,178.7113037109375
xgb,roll2,16,240,18.962656593322755,49.80070114135742,213.0878143310547,0.0832950367647058,85.47794117647058,164.7854766845703
xgb,roll2,17,255,18.81790409088135,50.21321868896485,213.09597778320312,0.1091452205882353,84.63924632352942,155.61607360839844
xgb,roll2,18,270,19.322458457946777,49.92096328735352,213.02066040039065,0.1493566176470588,85.12178308823529,182.8631134033203
xgb,roll2,19,285,19.125215148925783,51.10846328735352,213.56027221679688,0.0086167279411764,88.12040441176471,169.21572875976562
xgb,roll2,20,300,19.276881980896,50.29020309448242,213.2092437744141,0.0430836397058823,86.54641544117648,175.02964782714844
xgb,roll2,21,315,18.99327278137207,50.05573272705078,213.05528259277344,0.1436121323529411,85.77665441176471,171.53636169433594
xgb,roll2,22,330,19.04171142578125,49.83200073242188,212.99058532714844,0.1665900735294117,84.70818014705883,168.55796813964844
xgb,roll2,23,345,18.95395584106445,50.38421630859375,213.24420166015625,0.1177619485294117,86.44301470588235,165.03736877441406
xgb,roll2,24,360,18.878820610046382,50.12068939208984,213.16603088378903,0.1378676470588235,84.67371323529412,158.62254333496094
xgb,roll2,25,375,18.92805976867676,50.2611083984375,213.03079223632807,0.0086167279411764,85.9375,162.4480743408203
xgb,roll2,26,390,19.22184009552002,50.15917205810547,213.08453369140625,0.080422794117647,84.88051470588235,173.5749053955078
xgb,roll2,27,405,18.940657997131343,50.49557113647461,213.1713409423828,0.0258501838235294,85.61580882352942,159.2928009033203
xgb,roll2,28,420,19.184533309936523,50.77207565307617,213.43771362304688,0.031594669117647,85.55836397058823,168.55441284179688
xgb,roll2,29,435,19.24713764190674,51.86418151855469,213.82359313964844,0.0832950367647058,88.01700367647058,160.14898681640625
xgb,roll2,30,450,18.923209571838377,50.80288696289063,213.3687744140625,0.0114889705882352,85.90303308823529,156.1804656982422
xgb,roll2,31,465,18.74447898864746,50.375125885009766,213.2227478027344,0.048828125,85.31709558823529,152.8825225830078
xgb,roll2,32,480,19.007905578613283,50.55803298950195,213.290283203125,0.0258501838235294,85.47794117647058,156.2299346923828
xgb,roll2,33,495,19.01094284057617,50.127628326416016,213.07681274414065,0.0832950367647058,85.59283088235294,165.52439880371094
xgb,roll2,34,510,19.00182361602783,50.44731140136719,213.260498046875,0.0086167279411764,85.44347426470588,160.81166076660156
xgb,roll2,35,525,18.85958843231201,50.63481140136719,213.2237548828125,0.0402113970588235,86.19025735294117,155.9052276611328
xgb,roll2,36,540,18.827313804626463,50.49062728881836,213.32293701171875,0.1034007352941176,84.77711397058823,154.108642578125
xgb,roll2,37,555,18.895068359375,50.37919616699219,213.0816650390625,0.0459558823529411,86.23621323529412,160.2349090576172
xgb,roll2,38,570,19.276351165771484,51.3562126159668,213.7107696533203,0.0057444852941176,87.55744485294117,165.74024963378906
xgb,roll2,39,585,18.864735794067386,50.39436721801758,213.0433349609375,0.0689338235294117,86.06387867647058,158.6868896484375
xgb,roll2,40,600,18.841982078552245,50.49856185913086,213.19200134277344,0.1177619485294117,83.67417279411765,154.0487823486328
xgb,roll2,41,615,18.83010654449463,50.25615310668945,212.983154296875,0.0832950367647058,86.24770220588235,160.5308837890625
xgb,roll2,42,630,18.915431213378906,50.5322265625,213.22024536132807,0.1551011029411764,85.53538602941177,158.69802856445312
xgb,roll2,43,645,18.841868782043456,50.40844345092773,213.0238342285156,0.129250919117647,84.93795955882352,156.57496643066406
xgb,roll2,44,660,19.112058448791505,50.616512298583984,213.33514404296875,0.0172334558823529,87.47702205882352,167.15611267089844
xgb,roll2,45,675,18.956548118591307,50.96349334716797,213.39212036132807,0.0258501838235294,87.79871323529412,159.3124237060547
xgb,roll2,46,690,18.82578010559082,50.15031051635742,213.10061645507807,0.1235064338235294,86.04090073529412,162.53036499023438
xgb,roll2,47,705,19.31462860107422,51.07781982421875,213.332260131836,0.0373391544117647,88.43060661764706,180.8180389404297
xgb,roll2,48,720,18.84124450683593,49.9569091796875,212.9164886474609,0.0775505514705882,85.94898897058823,163.4842529296875
xgb,roll2,49,735,19.17302551269531,50.301177978515625,212.96514892578125,0.0201056985294117,87.82169117647058,180.5242919921875
xgb,roll2,50,750,18.84486904144287,50.108184814453125,212.78564453125,0.2383961397058823,85.37454044117648,163.03192138671875
xgb,roll2,51,765,18.71283893585205,49.8685417175293,212.7371826171875,0.1120174632352941,85.27113970588235,154.4857635498047
xgb,roll2,52,780,18.763531112670897,49.886497497558594,212.7515563964844,0.2240349264705882,84.29457720588235,158.43910217285156
xgb,roll2,53,795,18.78396091461181,49.82868957519531,212.60450744628903,0.1694623161764706,84.85753676470588,156.8333740234375
xgb,roll2,54,810,19.09642639160156,50.98111724853516,213.366455078125,0.0861672794117647,87.97104779411765,166.16635131835938
xgb,roll2,55,825,18.66300296783448,50.23328399658203,212.9165802001953,0.0430836397058823,87.04044117647058,156.18890380859375
xgb,roll2,56,840,18.68862762451172,50.25361633300781,212.9838714599609,0.0172334558823529,87.14384191176471,160.06883239746094
xgb,roll2,57,855,18.917355346679688,50.965423583984375,213.19552612304688,0.1637178308823529,87.6953125,159.59701538085938
xgb,roll2,58,870,18.6370008468628,50.0636100769043,212.93560791015625,0.0258501838235294,86.19025735294117,154.83041381835938
xgb,roll2,59,885,18.7909631729126,50.22217178344727,212.70846557617188,0.1206341911764705,86.40854779411765,161.6699981689453
xgb,roll2,60,900,18.632174491882324,48.9410400390625,212.48361206054688,0.1091452205882353,85.84558823529412,166.2209930419922
xgb,roll2,61,915,19.079918098449703,50.02967834472656,212.8617553710937,0.0631893382352941,86.27068014705883,177.77566528320312
xgb,roll2,62,930,18.45765171051025,48.85265350341797,212.40802001953125,0.1177619485294117,86.15579044117648,158.1625518798828
xgb,roll2,63,945,18.48525047302246,49.86140060424805,212.69732666015625,0.0574448529411764,86.78768382352942,151.7147216796875
xgb,roll2,64,960,18.41900806427002,48.511940002441406,212.5794677734375,0.0430836397058823,86.56939338235294,157.1256561279297
xgb,roll2,65,975,18.385807609558107,49.2916145324707,212.51319885253903,0.0603170955882352,86.54641544117648,150.20101928710938
xgb,roll2,66,990,18.42199573516846,48.85466003417969,212.6472930908203,0.09765625,87.35064338235294,156.06227111816406
xgb,roll2,67,1005,18.42813663482666,49.41514587402344,212.37648010253903,0.146484375,85.56985294117648,149.33383178710938
xgb,roll2,68,1020,18.38136482238769,48.708744049072266,212.52947998046875,0.0919117647058823,86.5234375,155.4119415283203
xgb,roll2,69,1035,18.412513542175294,49.47906112670898,212.64930725097656,0.031594669117647,87.62637867647058,153.61648559570312
xgb,roll2,70,1050,18.38980541229248,48.74927520751953,212.37994384765625,0.1034007352941176,86.56939338235294,155.17100524902344
xgb,roll2,71,1065,18.539729118347168,49.90995788574219,212.8905639648437,0.0229779411764705,88.00551470588235,155.91079711914062
xgb,roll2,72,1080,18.543765258789065,48.9962043762207,212.7706756591797,0.0287224264705882,87.62637867647058,166.09373474121094
xgb,roll2,73,1095,18.46415786743164,49.6567611694336,212.59727478027344,0.0689338235294117,86.31663602941177,150.8836669921875
xgb,roll2,74,1110,18.581971168518063,49.328426361083984,212.89572143554688,0.1637178308823529,86.59237132352942,160.2938995361328
xgb,roll2,75,1125,18.55406284332276,49.915138244628906,212.84881591796875,0.1148897058823529,87.08639705882352,153.3115234375
xgb,roll2,76,1140,18.531774520874023,49.1292610168457,212.80479431152344,0.0775505514705882,86.54641544117648,154.96243286132812
xgb,roll2,77,1155,18.577846145629884,49.70191955566406,212.754135131836,0.0373391544117647,85.97196691176471,151.97679138183594
xgb,roll2,78,1170,18.58343963623047,48.99862289428711,212.87063598632807,0.0402113970588235,87.15533088235294,161.17996215820312
xgb,roll2,79,1185,18.639693450927734,49.99403381347656,212.8724975585937,0.0258501838235294,87.31617647058823,155.43887329101562
xgb,roll2,80,1200,18.58485565185547,49.01346206665039,212.8848571777344,0.0631893382352941,87.40808823529412,161.86524963378906
xgb,roll2,81,1215,18.66861457824707,50.06892776489258,212.92027282714844,0.0603170955882352,87.14384191176471,157.77487182617188
xgb,roll2,82,1230,18.54564094543457,49.214298248291016,212.991943359375,0.1436121323529411,85.48943014705883,151.4412078857422
xgb,roll2,83,1245,18.87266788482666,50.16497039794922,213.12876892089844,0.0344669117647058,87.32766544117648,164.81671142578125
xgb,roll2,84,1260,18.72753677368164,49.35171508789063,212.91197204589844,0.0459558823529411,87.890625,162.6273193359375
xgb,roll2,85,1275,18.680242156982423,50.36934280395508,213.3060302734375,0.0574448529411764,87.83318014705883,157.8580780029297
xgb,roll2,86,1290,18.64536762237549,49.00602340698242,212.86990356445312,0.1924402573529411,86.10983455882352,162.32705688476562
xgb,roll2,87,1305,18.78894367218017,50.295894622802734,213.14508056640625,0.0603170955882352,86.66130514705883,159.6138916015625
xgb,roll2,88,1320,18.63113670349121,49.175872802734375,212.8248291015625,0.1148897058823529,86.328125,158.7928466796875
xgb,roll2,89,1335,18.8467134475708,50.02603149414063,213.2075653076172,0.0459558823529411,87.75275735294117,165.4180908203125
xgb,roll2,90,1350,18.5956298828125,49.0932502746582,212.9195709228516,0.129250919117647,86.02941176470588,155.5903778076172
xgb,roll2,91,1365,18.63933219909668,50.14332580566406,213.2508087158203,0.0287224264705882,86.73023897058823,153.77450561523438
xgb,roll2,92,1380,18.76165180206299,49.613468170166016,213.1046600341797,0.0574448529411764,87.15533088235294,160.68309020996094
xgb,roll2,93,1395,18.711061477661133,50.321266174316406,213.31134033203125,0.0746783088235294,86.74172794117648,156.73452758789062
xgb,roll2,94,1410,18.79720821380615,49.25537872314453,213.21083068847656,0.0746783088235294,86.36259191176471,163.488525390625
xgb,roll2,95,1425,18.8430383682251,50.49362564086914,213.6314697265625,0.0143612132352941,88.72931985294117,161.73716735839844
xgb,roll2,96,1440,19.13511390686035,50.1732292175293,213.36355590820312,0.0459558823529411,87.46553308823529,172.139404296875
xgb,roll3,1,15,14.142918014526368,38.159156799316406,61.425106048583984,0.962975738760492,79.03874899390595,133.75482177734375
xgb,roll3,2,30,15.352339553833009,40.2939682006836,63.63499450683594,0.5777854432562953,79.93560998045302,154.8984832763672
xgb,roll3,3,45,16.186237716674803,45.77515411376953,67.78085327148438,0.8364953432218005,79.26871334943084,144.74072265625
xgb,roll3,4,60,16.98368320465088,45.818092346191406,68.45427703857422,0.2213406921927101,82.24675175347821,186.18536376953125
xgb,roll3,5,75,17.660663604736328,49.58613204956055,70.6442642211914,0.3391974243992181,76.24468207427849,150.69776916503906
xgb,roll3,6,90,16.889702606201173,46.22758102416992,68.55290985107422,0.1724732666436702,78.36035414510751,152.71299743652344
xgb,roll3,7,105,17.722234535217286,50.36302947998047,71.6138916015625,0.152351385535242,75.17534782108774,145.866455078125
xgb,roll3,8,120,17.262112617492676,47.75246047973633,69.82487487792969,0.5461653443716223,75.42830861216513,141.6531219482422
xgb,roll3,9,135,18.4641981124878,51.48733139038086,72.60128784179688,0.4656778199379096,71.01299298608716,141.83091735839844
xgb,roll3,10,150,17.555627632141114,48.87825775146485,70.85948181152344,0.2328389099689548,75.35931930550764,147.3836669921875
xgb,roll3,11,165,18.50529403686524,51.586368560791016,72.7451171875,2.3542600896860986,67.80499022651489,135.04312133789062
xgb,roll3,12,180,17.896016120910645,49.08150863647461,71.06803131103516,0.6927676210187421,70.13912843509256,136.616455078125
xgb,roll3,13,195,19.041271781921388,52.0682258605957,73.50727844238281,0.9744739565367369,68.78233873749568,144.11380004882812
xgb,roll3,14,210,18.11877498626709,49.70045852661133,71.50875854492188,0.8709899965505346,75.95722662987237,153.3715362548828
xgb,roll3,15,225,18.87430934906006,52.75142288208008,74.3264389038086,1.466022766471197,71.5879038748994,140.74667358398438
xgb,roll3,16,240,18.616664695739747,52.0224609375,73.61540222167969,1.141198114292285,73.04817753248246,156.938232421875
xgb,roll3,17,255,19.10246524810791,53.28892517089844,74.88910675048828,2.224905139703346,67.40255260434633,138.16793823242188
xgb,roll3,18,270,18.566411399841307,51.51979446411133,73.26702880859375,0.6036564332528458,72.66873634586639,145.8843231201172
xgb,roll3,19,285,19.26344909667969,54.82746124267578,76.28334045410156,2.523858801885708,66.89663102219156,131.5672149658203
xgb,roll3,20,300,18.860680770874023,52.829193115234375,74.63240814208984,0.6180292054731517,73.38162584799356,148.01315307617188
xgb,roll3,21,315,19.17130031585693,54.73576736450195,76.27063751220703,1.799471081982293,69.33425319075543,137.80447387695312
xgb,roll3,22,330,18.847557640075685,51.911434173583984,73.63402557373047,1.0377141543060824,71.76037714154306,149.7526092529297
xgb,roll3,23,345,19.607648849487305,54.41539764404297,76.03346252441406,1.2418075198344256,68.95481200413936,141.4257354736328
xgb,roll3,24,360,19.40724391937256,52.318660736083984,74.24844360351562,1.333793262044383,68.23042428423595,159.069091796875
xgb,roll3,25,375,19.262919425964355,54.21839141845703,75.81244659423828,1.39990801425779,70.47257675060365,143.01783752441406
xgb,roll3,26,390,18.88831729888916,53.25870895385742,74.93942260742188,0.7933770265608829,72.09382545705417,143.41940307617188
xgb,roll3,27,405,19.54694099426269,55.190895080566406,76.77417755126953,2.75094860296654,67.25307577325515,149.7832489013672
xgb,roll3,28,420,19.253083419799804,53.75308227539063,75.530517578125,0.6985167299068644,72.39277911923652,151.12261962890625
xgb,roll3,29,435,19.38886070251465,55.22952651977539,76.74879455566406,1.39990801425779,68.62136368862826,139.40110778808594
xgb,roll3,30,450,19.48342342376709,53.98548889160156,75.80030059814453,1.2073128665056916,70.01264803955387,143.50177001953125
xgb,roll3,31,465,20.134854125976563,55.30974578857422,76.6783676147461,0.8221225710014948,71.10497872829711,174.94610595703125
xgb,roll3,32,480,21.05445365905761,53.738555908203125,75.65055847167969,0.6755202943543751,74.38197079452685,254.1959228515625
xgb,roll3,33,495,19.622493743896484,56.860469818115234,78.17236328125,1.161319995400713,71.24295734161204,145.82212829589844
xgb,roll3,34,510,19.114425468444825,55.0993766784668,76.73004150390625,0.8020006898930666,73.87604921237208,148.2590789794922
xgb,roll3,35,525,19.672617530822755,56.74835205078125,78.03194427490234,1.9029550419684949,66.58617914223295,134.02288818359375
xgb,roll3,36,540,19.58224811553955,54.1959228515625,76.06171417236328,0.2989536621823617,74.47395653673681,172.10601806640625
xgb,roll3,37,555,19.72433700561524,56.39080429077149,77.86905670166016,1.164194549844774,66.24123260894561,134.41110229492188
xgb,roll3,38,570,19.623821449279784,54.868927001953125,76.64873504638672,1.3079222720478323,69.74818903070023,143.2231903076172
xgb,roll3,39,585,19.93739128112793,56.925907135009766,78.22402954101562,0.4254340577210532,69.50672645739911,145.21469116210938
xgb,roll3,40,600,19.310836029052734,54.67521667480469,76.35309600830078,1.2590548464987927,70.1736230884213,143.534423828125
xgb,roll3,41,615,19.871351623535155,57.97433090209961,79.26718139648438,0.6439001954697021,69.98965160400138,143.2948455810547
xgb,roll3,42,630,19.605093574523927,55.07174682617188,76.71543884277344,1.230309302058181,68.05795101759227,141.03131103515625
xgb,roll3,43,645,19.83879356384277,58.99258041381836,80.16986083984375,0.6094055421409682,71.87535931930552,144.1329345703125
xgb,roll3,44,660,19.786450958251955,57.62333297729492,79.48292541503906,0.4685523743819708,70.74853397723354,145.631591796875
xgb,roll3,45,675,20.49627552032471,58.68647766113281,79.9589614868164,1.0262159365298378,65.70081637346212,143.6005401611328
xgb,roll3,46,690,19.17309761047364,56.22371673583984,78.21758270263672,1.8598367253075767,72.92169713694378,151.0472412109375
xgb,roll3,47,705,19.19261302947998,57.18512725830078,78.83464813232422,0.4311831666091756,73.45061515465103,144.84368896484375
xgb,roll3,48,720,19.028421783447264,55.036582946777344,77.13008117675781,0.2730826721858111,76.30217316315971,159.5259552001953
xgb,roll3,49,735,20.628104209899902,58.83512115478516,80.17345428466797,0.1379786133149362,72.3122915948028,187.45437622070312
xgb,roll3,50,750,18.88820877075195,55.42101287841797,77.24175262451172,0.5662872254800505,73.77256525238587,143.34326171875
xgb,roll3,51,765,19.21399345397949,58.03264236450195,79.50704956054688,0.0862366333218351,74.46245831896056,147.23583984375
xgb,roll3,52,780,19.06268939971924,56.130855560302734,77.96688079833984,0.4254340577210532,75.58928366103254,151.6416473388672
xgb,roll3,53,795,19.89041976928711,58.255130767822266,79.43570709228516,1.046337817638266,66.21823617339312,137.09249877929688
xgb,roll3,54,810,18.946001052856445,57.0638427734375,78.64372253417969,0.0086236633321835,79.70564562492814,155.921875
xgb,roll3,55,825,19.9737829208374,60.64006805419922,82.42100524902344,0.4714269288260319,69.95515695067265,140.46890258789062
xgb,roll3,56,840,18.400548934936523,53.66553497314453,75.34454345703125,0.9112337587673912,77.302518109693,147.95211791992188
xgb,roll3,57,855,19.275260162353515,58.03020858764648,78.95449829101562,0.1494768310911808,73.58859376796597,145.40695190429688
xgb,roll3,58,870,18.712825775146484,55.71577453613281,77.37709045410156,0.1264803955386915,76.93457514085317,150.2823028564453
xgb,roll3,59,885,19.580084609985352,59.14790725708008,79.95614624023438,0.2299643555248936,75.06036564332528,152.1065216064453
xgb,roll3,60,900,18.514555549621583,53.15934371948242,74.49705505371094,0.4369322754972979,78.22237553179258,162.2162322998047
xgb,roll3,61,915,18.88745861053467,55.30665969848633,75.90779113769531,0.0316200988846728,76.33666781648844,152.12709045410156
xgb,roll3,62,930,18.70261173248291,55.03742599487305,75.69021606445312,0.3391974243992181,75.93423019431988,147.52040100097656
xgb,roll3,63,945,20.027800369262696,56.49300003051758,77.06169891357422,0.2040933655283431,71.08198229274463,172.34967041015625
xgb,roll3,64,960,18.614812469482423,52.33730697631836,73.30278778076172,0.1494768310911808,78.64780958951363,177.03236389160156
xgb,roll3,65,975,18.741518211364745,55.43909454345703,75.96048736572266,0.3823157410601357,74.54294584339426,144.6861572265625
xgb,roll3,66,990,18.643554496765137,54.6636848449707,75.29853057861328,0.152351385535242,75.0373692077728,154.22946166992188
xgb,roll3,67,1005,19.093309783935545,58.64996337890625,79.15768432617188,0.0574910888812234,75.60078187880879,149.40420532226562
xgb,roll3,68,1020,18.51069755554199,55.72651672363281,76.73843383789062,0.0402437622168563,80.15407611820167,160.821533203125
xgb,roll3,69,1035,18.980967140197755,56.99162292480469,77.6730728149414,0.3909394043923191,74.060020696792,143.1689453125
xgb,roll3,70,1050,18.34293155670166,54.009273529052734,74.6630630493164,0.0373692077727952,78.67080602506611,151.2884063720703
xgb,roll3,71,1065,18.669915008544923,55.70489501953125,76.33482360839844,0.0574910888812234,76.25618029205474,149.27272033691406
xgb,roll3,72,1080,18.361790466308594,55.98748016357422,76.67655944824219,0.0661147522134069,79.14223295389215,154.4378204345703
xgb,roll3,73,1095,18.98881092071533,55.94099807739258,76.62104797363281,0.0373692077727952,74.03702426123951,151.86207580566406
xgb,roll3,74,1110,18.062890625,53.25650024414063,74.24649047851562,0.2903299988501782,75.39381395883638,144.449462890625
xgb,roll3,75,1125,18.416689300537108,55.36638641357422,75.8172836303711,0.0919857422099574,76.64711969644705,144.2887420654297
xgb,roll3,76,1140,18.21234550476074,54.4656982421875,75.50315856933594,0.017247326664367,82.48821432677936,163.2661895751953
xgb,roll3,77,1155,18.55047054290772,56.40356063842773,76.99004364013672,0.0977348510980797,77.85443256295275,147.2226104736328
xgb,roll3,78,1170,18.334296798706056,54.15799331665039,75.01730346679688,0.186846038863976,80.11958146487295,166.890869140625
xgb,roll3,79,1185,18.563416481018063,56.44112014770508,77.23604583740234,0.0402437622168563,78.68230424284236,154.17918395996094
xgb,roll3,80,1200,18.071277618408203,54.5302848815918,75.65518188476562,0.0431183166609175,81.20041393583995,155.6726837158203
xgb,roll3,81,1215,18.68074760437012,55.37266159057617,76.0958251953125,0.0747384155455904,77.32551454524548,150.31826782226562
xgb,roll3,82,1230,18.126941680908203,52.98257064819336,74.2541275024414,0.0459928711049787,77.64746464298034,150.78041076660156
xgb,roll3,83,1245,18.67401885986328,55.18180847167969,75.92190551757812,0.4915488099344602,75.9112337587674,154.9676513671875
xgb,roll3,84,1260,18.010047340393065,52.3192253112793,73.40727233886719,0.2357134644130159,79.75163849603312,157.89698791503906
xgb,roll3,85,1275,18.55074481964112,55.93769073486328,76.75524139404297,0.3506956421754628,75.69276762101875,144.6017608642578
xgb,roll3,86,1290,18.18934688568116,52.96673202514648,74.0862808227539,0.0689893066574681,77.37150741635045,158.88340759277344
xgb,roll3,87,1305,18.72206230163574,55.7523307800293,76.60063171386719,0.034494653328734,78.42934345176498,162.50425720214844
xgb,roll3,88,1320,18.0111946105957,53.70097351074219,74.57379913330078,0.0574910888812234,77.99241117626767,150.9186553955078
xgb,roll3,89,1335,18.67243633270264,55.55368423461914,76.50215148925781,0.0459928711049787,77.13004484304933,148.8434295654297
xgb,roll3,90,1350,17.904837989807127,52.06517791748047,73.39321899414062,0.0431183166609175,80.2345636426354,156.29071044921875
xgb,roll3,91,1365,18.50862636566162,55.94807815551758,76.8721694946289,0.0258709899965505,77.93492008738644,150.5978546142578
xgb,roll3,92,1380,18.156518173217773,52.953800201416016,74.2060317993164,0.0546165344371622,79.78613314936185,158.43295288085938
xgb,roll3,93,1395,18.85508460998535,56.39928817749024,77.33904266357422,0.034494653328734,78.16488444291136,151.55300903320312
xgb,roll3,94,1410,18.180029678344727,53.840553283691406,75.26630401611328,0.2098424744164654,79.34920087386456,153.5566864013672
xgb,roll3,95,1425,18.735169410705566,56.0367317199707,76.77137756347656,0.0776129699896516,78.54432562952742,152.92449951171875
xgb,roll3,96,1440,18.70450134277344,56.04425048828125,77.58406829833984,0.2242152466367713,76.92307692307693,153.3158721923828
attnbilstm,roll0,1,15,24.240683364868165,64.89984130859375,328.2127380371094,0.0,78.52443609022556,146.66871643066406
attnbilstm,roll0,2,30,24.26976318359375,64.42327117919922,328.0429077148437,0.0,78.63016917293233,147.20079040527344
attnbilstm,roll0,3,45,24.49674301147461,65.8983383178711,328.3740539550781,0.0,77.60808270676691,146.18333435058594
attnbilstm,roll0,4,60,24.49525451660156,65.46097564697266,328.2354431152344,0.0,78.16024436090225,147.90032958984375
attnbilstm,roll0,5,75,24.68868179321289,66.70513153076172,328.47955322265625,0.0,77.1499060150376,146.22987365722656
attnbilstm,roll0,6,90,24.594960403442386,65.87415313720703,328.281982421875,0.0,77.93703007518798,147.9729461669922
attnbilstm,roll0,7,105,24.733879852294923,66.81907653808594,328.48846435546875,0.0,76.8327067669173,145.9505615234375
attnbilstm,roll0,8,120,24.640047454833983,65.95855712890625,328.2699584960937,0.0,77.69031954887218,147.7120361328125
attnbilstm,roll0,9,135,24.812064361572265,67.19115447998047,328.5174255371094,0.0,76.67998120300751,146.03883361816406
attnbilstm,roll0,10,150,24.69855613708496,66.3163070678711,328.3290710449219,0.0,77.61983082706767,147.6724853515625
attnbilstm,roll0,11,165,24.8291877746582,67.24150085449219,328.5186767578125,0.0,76.84445488721805,146.14854431152344
attnbilstm,roll0,12,180,24.70199012756348,66.38080596923828,328.3371887207031,0.0,77.56109022556392,147.4775390625
attnbilstm,roll0,13,195,24.82215728759765,67.39762878417969,328.50341796875,0.0,76.84445488721805,146.35096740722656
attnbilstm,roll0,14,210,24.683224487304688,66.40502166748047,328.3147888183594,0.0,77.57283834586465,146.877685546875
attnbilstm,roll0,15,225,24.8023323059082,67.35315704345703,328.472412109375,0.0,76.73872180451127,145.86602783203125
attnbilstm,roll0,16,240,24.675672149658205,66.30860137939453,328.2910461425781,0.0,77.34962406015038,146.302490234375
attnbilstm,roll0,17,255,24.81710586547852,67.46810913085938,328.4765625,0.0,76.52725563909775,145.74693298339844
attnbilstm,roll0,18,270,24.69210472106933,66.43064880371094,328.3056640625,0.0,77.38486842105263,145.95309448242188
attnbilstm,roll0,19,285,24.86641387939453,67.72504425048828,328.5287475585937,0.0,76.28054511278195,145.6239471435547
attnbilstm,roll0,20,300,24.70072250366211,66.42870330810547,328.34033203125,0.0,77.2203947368421,145.59451293945312
attnbilstm,roll0,21,315,24.85277404785156,67.65868377685547,328.5309143066406,0.0,76.39802631578947,145.88516235351562
attnbilstm,roll0,22,330,24.6951358795166,66.40988159179688,328.3388061523437,0.0,76.71522556390977,144.74917602539062
attnbilstm,roll0,23,345,24.83639297485352,67.5975112915039,328.5022277832031,0.0,76.08082706766918,145.3701629638672
attnbilstm,roll0,24,360,24.671881103515624,66.34497833251953,328.27667236328125,0.0,76.43327067669173,144.15701293945312
attnbilstm,roll0,25,375,24.79912338256836,67.48865509033203,328.4134521484375,0.0,76.28054511278195,145.15220642089844
attnbilstm,roll0,26,390,24.688252258300786,66.4070816040039,328.2933959960937,0.0,76.21005639097744,143.60569763183594
attnbilstm,roll0,27,405,24.83155899047852,67.65596008300781,328.439453125,0.0,76.12781954887218,145.1981964111328
attnbilstm,roll0,28,420,24.69113273620605,66.33965301513672,328.2900695800781,0.0,76.03383458646617,143.05445861816406
attnbilstm,roll0,29,435,24.847025680542,67.68671417236328,328.4640808105469,0.0,75.83411654135338,144.85105895996094
attnbilstm,roll0,30,450,24.698592758178712,66.2834701538086,328.3017883300781,0.0,76.16306390977444,143.49819946289062
attnbilstm,roll0,31,465,24.8623722076416,67.74617004394531,328.4473571777344,0.0,76.12781954887218,145.2236785888672
attnbilstm,roll0,32,480,24.74791412353516,66.4920425415039,328.2724304199219,0.0,75.52866541353383,143.01644897460938
attnbilstm,roll0,33,495,24.94347152709961,68.11620330810547,328.456298828125,0.0,75.46992481203007,145.30596923828125
attnbilstm,roll0,34,510,24.768687438964843,66.56734466552734,328.2337341308594,0.0,75.59915413533834,143.35421752929688
attnbilstm,roll0,35,525,24.930953216552734,68.05310821533203,328.41314697265625,0.0,75.56390977443608,145.31666564941406
attnbilstm,roll0,36,540,24.78129997253418,66.69414520263672,328.2120361328125,0.0,75.6578947368421,143.40060424804688
attnbilstm,roll0,37,555,24.9490535736084,68.17112731933594,328.4130554199219,0.0,75.51691729323309,145.5501708984375
attnbilstm,roll0,38,570,24.762932968139648,66.55368041992188,328.1857604980469,0.0,76.05733082706767,143.95297241210938
attnbilstm,roll0,39,585,24.925899505615234,68.01950073242188,328.4033508300781,0.0,75.5874060150376,145.49951171875
attnbilstm,roll0,40,600,24.804104232788085,66.7903060913086,328.2630920410156,0.0,75.56390977443608,143.77349853515625
attnbilstm,roll0,41,615,24.95972900390625,68.16118621826172,328.4949035644531,0.0,75.36419172932331,145.55149841308594
attnbilstm,roll0,42,630,24.765570068359374,66.50249481201172,328.3199768066406,0.0,75.9281015037594,144.55029296875
attnbilstm,roll0,43,645,24.93890228271484,67.96011352539062,328.4993896484375,0.0,75.68139097744361,144.88673400878906
attnbilstm,roll0,44,660,24.78740119934082,66.62555694580078,328.3387451171875,0.0,75.78712406015038,144.585693359375
attnbilstm,roll0,45,675,24.99209976196289,68.08955383300781,328.5214233398437,0.0,75.21146616541353,144.8994598388672
attnbilstm,roll0,46,690,24.86600112915039,66.94192504882812,328.3446350097656,0.0,75.56390977443608,145.21673583984375
attnbilstm,roll0,47,705,25.03058471679688,68.16366577148438,328.4714050292969,0.0,75.05874060150376,144.95628356933594
attnbilstm,roll0,48,720,24.9117000579834,67.088623046875,328.3045349121094,0.0,75.55216165413535,145.1317901611328
attnbilstm,roll0,49,735,25.04437103271484,68.08002471923828,328.45477294921875,0.0,75.19971804511279,145.48150634765625
attnbilstm,roll0,50,750,24.994728088378903,67.4402084350586,328.3694763183594,0.0,75.42293233082707,145.7469482421875
attnbilstm,roll0,51,765,25.153876876831056,68.6277847290039,328.5643005371094,0.0,74.94125939849624,145.5697479248047
attnbilstm,roll0,52,780,25.01504135131836,67.52214813232422,328.4176025390625,0.0,75.52866541353383,146.27301025390625
attnbilstm,roll0,53,795,25.18313789367676,68.72810363769531,328.5804748535156,0.0,75.01174812030075,146.27224731445312
attnbilstm,roll0,54,810,25.07837677001953,67.87187957763672,328.4538269042969,0.0,75.56390977443608,146.8674774169922
attnbilstm,roll0,55,825,25.21453552246093,68.87824249267578,328.62896728515625,0.0,75.15272556390977,147.39163208007812
attnbilstm,roll0,56,840,25.09760818481445,68.02686309814453,328.527099609375,0.0,75.84586466165413,147.88735961914062
attnbilstm,roll0,57,855,25.219369888305664,68.9181137084961,328.6774597167969,0.0,75.39943609022556,147.7639617919922
attnbilstm,roll0,58,870,25.145178604125977,68.37285614013672,328.5888061523437,0.0,75.68139097744361,148.68756103515625
attnbilstm,roll0,59,885,25.267376708984376,69.1764144897461,328.7143859863281,0.0,75.5874060150376,148.37657165527344
attnbilstm,roll0,60,900,25.15105171203613,68.47703552246094,328.5926818847656,0.0,75.75187969924812,148.7997589111328
attnbilstm,roll0,61,915,25.248730087280272,69.18997955322266,328.6960754394531,0.0,75.64614661654136,149.0474395751953
attnbilstm,roll0,62,930,25.10796203613281,68.33795166015625,328.5738525390625,0.0,76.10432330827066,149.80038452148438
attnbilstm,roll0,63,945,25.316554260253906,69.58106231689453,328.79852294921875,0.0,75.99859022556392,149.85911560058594
attnbilstm,roll0,64,960,25.11835174560547,68.50110626220703,328.6139831542969,0.0,76.44501879699249,150.48873901367188
attnbilstm,roll0,65,975,25.337277984619146,69.79198455810547,328.8495788574219,0.0,76.30404135338345,150.71835327148438
attnbilstm,roll0,66,990,25.111925888061524,68.60297393798828,328.65899658203125,0.0,76.65648496240601,150.62432861328125
attnbilstm,roll0,67,1005,25.355649566650392,69.89947509765625,328.9067077636719,0.0,76.38627819548873,151.3991241455078
attnbilstm,roll0,68,1020,25.10830421447754,68.54143524169922,328.7171936035156,0.0,76.86795112781954,151.24954223632812
attnbilstm,roll0,69,1035,25.35277137756348,69.86174011230469,328.98602294921875,0.0,76.43327067669173,151.91477966308594
attnbilstm,roll0,70,1050,25.142277908325195,68.77279663085938,328.88726806640625,0.0,76.96193609022556,152.0282745361328
attnbilstm,roll0,71,1065,25.475360870361328,70.32817840576172,329.2442321777344,0.0,76.13956766917293,153.19154357910156
attnbilstm,roll0,72,1080,25.199924850463866,68.82362365722656,329.0572509765625,0.0,76.96193609022556,152.66839599609375
attnbilstm,roll0,73,1095,25.59940872192383,70.63983154296875,329.40289306640625,0.0,75.74013157894737,153.55833435058594
attnbilstm,roll0,74,1110,25.32876892089844,69.10165405273438,329.1671447753906,0.0,76.39802631578947,152.96853637695312
attnbilstm,roll0,75,1125,25.757588195800786,70.91207885742188,329.5151062011719,0.0,75.56390977443608,153.78404235839844
attnbilstm,roll0,76,1140,25.4649169921875,69.36695861816406,329.2625427246094,0.0,76.16306390977444,153.96173095703125
attnbilstm,roll0,77,1155,25.96100234985352,71.39314270019531,329.61492919921875,0.0,75.25845864661655,154.4108428955078
attnbilstm,roll0,78,1170,25.692943572998047,69.96095275878906,329.3658447265625,0.0,75.93984962406014,154.28158569335938
attnbilstm,roll0,79,1185,26.194181060791017,71.99462127685547,329.7315979003906,0.0,74.96475563909775,155.17193603515625
attnbilstm,roll0,80,1200,25.82339859008789,70.28564453125,329.37713623046875,0.0,76.02208646616542,155.30874633789062
attnbilstm,roll0,81,1215,26.30334053039551,72.2227554321289,329.7041931152344,0.0,74.76503759398496,155.527099609375
attnbilstm,roll0,82,1230,25.97651481628418,70.81243896484375,329.3848571777344,0.0,75.72838345864662,156.11212158203125
attnbilstm,roll0,83,1245,26.423686599731447,72.63771057128906,329.6922607421875,0.0,74.40084586466166,156.5115966796875
attnbilstm,roll0,84,1260,25.740802001953124,70.39238739013672,326.4057006835937,0.0,75.62265037593986,156.52163696289062
attnbilstm,roll0,85,1275,26.170041275024413,72.03837585449219,326.7294616699219,0.0,74.35385338345864,156.2846221923828
attnbilstm,roll0,86,1290,25.836743545532222,70.72659301757812,326.50341796875,0.0,75.6109022556391,157.55227661132812
attnbilstm,roll0,87,1305,26.19158058166504,72.17727661132812,326.7799987792969,0.0,74.47133458646617,157.0220489501953
attnbilstm,roll0,88,1320,25.86488494873047,71.03744506835938,326.587646484375,0.0,75.77537593984962,158.35137939453125
attnbilstm,roll0,89,1335,26.1429500579834,72.10590362548828,326.7694396972656,0.0,74.76503759398496,157.24514770507812
attnbilstm,roll0,90,1350,25.96515502929688,71.43033599853516,326.6892395019531,0.0,75.9046052631579,159.1654052734375
attnbilstm,roll0,91,1365,26.16890983581543,72.19122314453125,326.82354736328125,0.0,74.94125939849624,157.9040985107422
attnbilstm,roll0,92,1380,25.986278915405272,71.54875183105469,326.7526550292969,0.0,75.89285714285714,159.36122131347656
attnbilstm,roll0,93,1395,26.175123596191405,72.2385482788086,326.9081115722656,0.0,75.10573308270678,158.3699188232422
attnbilstm,roll0,94,1410,26.01486129760742,71.6688003540039,326.89453125,0.0,75.9046052631579,159.6584014892578
attnbilstm,roll0,95,1425,26.17243347167969,72.29222106933594,327.0820617675781,0.0,74.96475563909775,158.32058715820312
attnbilstm,roll0,96,1440,26.0869068145752,72.01493835449219,327.2146911621094,0.0,75.93984962406014,160.29067993164062
attnbilstm,roll1,1,15,41.08183975219727,95.65003204345705,670.73486328125,0.0,81.00604089219331,153.82400512695312
attnbilstm,roll1,2,30,41.31045989990234,96.45941162109376,670.8325805664062,0.0,79.41449814126395,150.76658630371094
attnbilstm,roll1,3,45,41.26793518066406,96.21472930908205,670.8961181640625,0.0,80.12314126394052,153.18161010742188
attnbilstm,roll1,4,60,41.4847885131836,96.9698257446289,670.9812622070312,0.0,79.21700743494424,151.94651794433594
attnbilstm,roll1,5,75,41.39983749389648,96.62971496582033,671.002685546875,0.0,79.78624535315984,153.44793701171875
attnbilstm,roll1,6,90,41.59627532958984,97.33788299560548,671.0339965820312,0.0,79.135687732342,152.41665649414062
attnbilstm,roll1,7,105,41.473767852783205,96.8934555053711,671.0324096679688,0.0,79.5771375464684,152.90792846679688
attnbilstm,roll1,8,120,41.69170455932617,97.65665435791016,671.0498657226562,0.0,78.67100371747212,152.05892944335938
attnbilstm,roll1,9,135,41.518951416015625,97.05307006835938,671.0142211914062,0.0,79.32156133828995,153.12033081054688
attnbilstm,roll1,10,150,41.73742141723633,97.7990264892578,671.0516357421875,0.0,78.5664498141264,152.89913940429688
attnbilstm,roll1,11,165,41.573384857177736,97.24039459228516,671.0177612304688,0.0,79.08921933085502,152.9237060546875
attnbilstm,roll1,12,180,41.8245849609375,98.04529571533205,671.0783081054688,0.0,78.47351301115242,153.2511444091797
attnbilstm,roll1,13,195,41.615379333496094,97.38457489013672,671.0128784179688,0.0,79.07760223048327,152.51174926757812
attnbilstm,roll1,14,210,41.87423248291016,98.19621276855467,671.055419921875,0.0,78.62453531598513,153.28817749023438
attnbilstm,roll1,15,225,41.675577545166014,97.57975006103516,671.005126953125,0.0,78.97304832713755,151.84689331054688
attnbilstm,roll1,16,240,41.94291000366211,98.40665435791016,671.0772094726562,0.0,78.33410780669145,153.18785095214844
attnbilstm,roll1,17,255,41.7035026550293,97.69959259033205,671.0184936523438,0.0,79.06598513011153,151.92340087890625
attnbilstm,roll1,18,270,41.98561325073242,98.54965209960938,671.123291015625,0.0,78.24117100371747,153.3474884033203
attnbilstm,roll1,19,285,41.731318664550784,97.77313232421876,671.0700073242188,0.0,79.00789962825279,151.9530029296875
attnbilstm,roll1,20,300,42.0484375,98.69751739501952,671.1800537109375,0.0,78.07853159851301,153.70555114746094
attnbilstm,roll1,21,315,41.78895492553711,97.9561767578125,671.1047973632812,0.0,78.62453531598513,151.4777069091797
attnbilstm,roll1,22,330,42.08782119750977,98.81291198730467,671.2146606445312,0.0,78.24117100371747,153.8036346435547
attnbilstm,roll1,23,345,41.81970748901367,98.06109619140624,671.1458129882812,0.0,78.57806691449815,151.51919555664062
attnbilstm,roll1,24,360,42.10850830078125,98.8481674194336,671.2459716796875,0.0,78.09014869888475,154.00173950195312
attnbilstm,roll1,25,375,41.8614860534668,98.1802978515625,671.1929321289062,0.0,78.3457249070632,151.5478057861328
attnbilstm,roll1,26,390,42.13800048828125,98.92804718017578,671.2658081054688,0.0,77.81133828996283,154.13775634765625
attnbilstm,roll1,27,405,41.88400421142578,98.2798309326172,671.1931762695312,0.0,78.04368029739777,151.2421112060547
attnbilstm,roll1,28,420,42.14964904785156,98.95832824707033,671.2797241210938,0.0,77.77648698884758,154.15814208984375
attnbilstm,roll1,29,435,41.889974975585936,98.30146026611328,671.196044921875,0.0,78.00882899628253,151.0811309814453
attnbilstm,roll1,30,450,42.20846405029297,99.14529418945312,671.2933349609375,0.0,77.54414498141264,154.00962829589844
attnbilstm,roll1,31,465,41.91681823730469,98.42801666259766,671.1494750976562,0.0,77.63708178438662,150.43106079101562
attnbilstm,roll1,32,480,42.17561721801758,99.04874420166016,671.2201538085938,0.0,77.55576208178438,154.2980499267578
attnbilstm,roll1,33,495,41.89098358154297,98.31783294677734,671.0855102539062,0.0,77.6835501858736,151.138671875
attnbilstm,roll1,34,510,42.17092819213868,99.0315170288086,671.1905517578125,0.0,77.27695167286245,154.37364196777344
attnbilstm,roll1,35,525,41.898912811279295,98.32508850097656,671.0633544921875,0.0,77.38150557620817,150.75796508789062
attnbilstm,roll1,36,540,42.15105667114258,98.96125793457033,671.1577758789062,0.0,77.34665427509294,154.4467315673828
attnbilstm,roll1,37,555,41.87590866088867,98.21681213378906,671.0180053710938,0.0,77.41635687732342,150.80116271972656
attnbilstm,roll1,38,570,42.15143127441407,98.96228790283205,671.1176147460938,0.0,77.32342007434944,154.24891662597656
attnbilstm,roll1,39,585,41.86425094604492,98.14977264404295,670.9881591796875,0.0,77.45120817843866,150.56893920898438
attnbilstm,roll1,40,600,42.068119049072266,98.67100524902344,671.0631713867188,0.0,77.41635687732342,154.10557556152344
attnbilstm,roll1,41,615,41.82954559326172,97.99375915527344,670.9828491210938,0.0,77.40473977695167,150.60482788085938
attnbilstm,roll1,42,630,42.07690277099609,98.70271301269533,671.0952758789062,0.0,77.42797397769516,154.05532836914062
attnbilstm,roll1,43,645,41.81597671508789,97.91500854492188,671.02978515625,0.0,77.24210037174721,150.54855346679688
attnbilstm,roll1,44,660,42.0658073425293,98.60552978515624,671.13525390625,0.0,77.40473977695167,154.2724609375
attnbilstm,roll1,45,675,41.824884033203126,97.8497314453125,671.1029052734375,0.0,77.55576208178438,151.2417449951172
attnbilstm,roll1,46,690,42.07201995849609,98.62592315673828,671.2138061523438,0.0,77.5092936802974,154.69737243652344
attnbilstm,roll1,47,705,41.84745483398437,97.93223571777344,671.186767578125,0.0,77.4860594795539,151.3762664794922
attnbilstm,roll1,48,720,42.025001525878906,98.4613037109375,671.2813720703125,0.0,77.82295539033457,154.81407165527344
attnbilstm,roll1,49,735,42.09123153686524,98.42544555664062,672.68994140625,0.0,77.60223048327137,151.29519653320312
attnbilstm,roll1,50,750,42.25355072021485,98.91436004638672,672.7615356445312,0.0,78.04368029739777,155.22315979003906
attnbilstm,roll1,51,765,42.09444808959961,98.37761688232422,672.73974609375,0.0,77.89265799256505,152.17462158203125
attnbilstm,roll1,52,780,42.25027008056641,98.89673614501952,672.784423828125,0.0,78.09014869888475,155.19180297851562
attnbilstm,roll1,53,795,42.08907775878906,98.38580322265624,672.7412719726562,0.0,78.19470260223048,152.34771728515625
attnbilstm,roll1,54,810,42.20956039428711,98.83214569091795,672.7568969726562,0.0,78.33410780669145,155.4691162109375
attnbilstm,roll1,55,825,42.08267669677734,98.40936279296876,672.7269287109375,0.0,78.125,152.27699279785156
attnbilstm,roll1,56,840,42.19610061645508,98.8506851196289,672.7212524414062,0.0,78.58968401486989,155.61962890625
attnbilstm,roll1,57,855,42.08083572387695,98.41586303710938,672.699951171875,0.0,78.13661710037175,152.5518341064453
attnbilstm,roll1,58,870,42.15671310424805,98.75439453125,672.6748657226562,0.0,78.72908921933085,155.75904846191406
attnbilstm,roll1,59,885,42.06481018066406,98.38600158691406,672.6796875,0.0,78.33410780669145,152.89907836914062
attnbilstm,roll1,60,900,42.122745513916016,98.687744140625,672.652099609375,0.0,78.67100371747212,155.79481506347656
attnbilstm,roll1,61,915,42.04318771362305,98.33235168457033,672.6417846679688,0.0,78.28763940520446,153.1308135986328
attnbilstm,roll1,62,930,42.09018783569336,98.6389389038086,672.6168212890625,0.0,78.84526022304833,155.41781616210938
attnbilstm,roll1,63,945,42.012909698486325,98.2412109375,672.5944213867188,0.0,78.42704460966543,153.25958251953125
attnbilstm,roll1,64,960,42.06809997558594,98.59607696533205,672.5750732421875,0.0,78.9149628252788,155.58677673339844
attnbilstm,roll1,65,975,41.964045715332034,98.11724853515624,672.55419921875,0.0,78.78717472118959,153.8331756591797
attnbilstm,roll1,66,990,41.99395980834961,98.37957763671876,672.5029296875,0.0,78.99628252788105,155.48593139648438
attnbilstm,roll1,67,1005,41.92912902832031,98.06000518798828,672.4876098632812,0.0,78.77555762081785,153.5723419189453
attnbilstm,roll1,68,1020,41.976280975341794,98.3833236694336,672.4646606445312,0.0,78.86849442379183,155.1625518798828
attnbilstm,roll1,69,1035,41.93261489868164,98.09847259521484,672.4730224609375,0.0,78.53159851301115,152.96890258789062
attnbilstm,roll1,70,1050,41.96872634887696,98.38738250732422,672.450927734375,0.0,78.83364312267658,155.05445861816406
attnbilstm,roll1,71,1065,41.954924774169925,98.17957305908205,672.4952392578125,0.0,78.64776951672863,153.3389129638672
attnbilstm,roll1,72,1080,42.02878799438477,98.55807495117188,672.4960327148438,0.0,78.35734200743495,154.67652893066406
attnbilstm,roll1,73,1095,42.06456527709961,98.4704132080078,672.5782470703125,0.0,78.27602230483272,153.21031188964844
attnbilstm,roll1,74,1110,42.16508026123047,98.9267578125,672.6216430664062,0.0,78.07853159851301,154.2134246826172
attnbilstm,roll1,75,1125,42.19962692260742,98.84033203125,672.7316284179688,0.0,77.74163568773234,152.06961059570312
attnbilstm,roll1,76,1140,42.259752655029295,99.15999603271484,672.7347412109375,0.0,77.9042750929368,153.60325622558594
attnbilstm,roll1,77,1155,42.267459869384766,99.03324127197266,672.820556640625,0.0,78.39219330855019,152.66078186035156
attnbilstm,roll1,78,1170,42.31787567138672,99.29700469970705,672.80908203125,0.0,77.99721189591078,153.5430145263672
attnbilstm,roll1,79,1185,42.3170654296875,99.18008422851562,672.9110107421875,0.0,78.40381040892194,152.59817504882812
attnbilstm,roll1,80,1200,42.33297271728516,99.30997467041016,672.9304809570312,0.0,77.73001858736059,152.75949096679688
attnbilstm,roll1,81,1215,42.3141372680664,99.1316375732422,672.970703125,0.0,78.25278810408922,152.2855987548828
attnbilstm,roll1,82,1230,42.34397888183594,99.3134765625,672.945068359375,0.0,77.99721189591078,152.68582153320312
attnbilstm,roll1,83,1245,42.335382080078126,99.18724060058594,672.9597778320312,0.0,78.42704460966543,152.3006134033203
attnbilstm,roll1,84,1260,42.3710578918457,99.3901824951172,672.9276123046875,0.0,77.88104089219331,152.31594848632812
attnbilstm,roll1,85,1275,42.3375114440918,99.23356628417967,672.939208984375,0.0,78.36895910780669,152.25559997558594
attnbilstm,roll1,86,1290,42.37002029418945,99.38648986816406,672.931884765625,0.0,77.54414498141264,151.4559326171875
attnbilstm,roll1,87,1305,42.36710281372071,99.34561157226562,673.001953125,0.0,78.17146840148699,152.61721801757812
attnbilstm,roll1,88,1320,42.4288688659668,99.57452392578124,673.0460815429688,0.0,77.57899628252788,152.2368621826172
attnbilstm,roll1,89,1335,42.39300003051758,99.46570587158205,673.041748046875,0.0,78.14823420074349,152.95179748535156
attnbilstm,roll1,90,1350,42.4395034790039,99.62383270263672,673.0260009765625,0.0,77.46282527881041,152.09573364257812
attnbilstm,roll1,91,1365,42.41360855102539,99.53939819335938,673.0382080078125,0.0,77.83457249070632,152.4434051513672
attnbilstm,roll1,92,1380,42.49887924194336,99.80814361572266,673.048828125,0.0,77.3350371747212,151.79347229003906
attnbilstm,roll1,93,1395,42.45250244140625,99.71760559082033,673.0580444335938,0.0,77.64869888475836,151.85134887695312
attnbilstm,roll1,94,1410,42.5474235534668,100.0330581665039,673.073486328125,0.0,77.27695167286245,151.8063507080078
attnbilstm,roll1,95,1425,42.5005500793457,99.93238067626952,673.0663452148438,0.0,77.86942379182156,152.5537872314453
attnbilstm,roll1,96,1440,42.623006439208986,100.28825378417967,673.0842895507812,0.0,77.23048327137546,151.80699157714844
attnbilstm,roll2,1,15,18.0820692062378,47.90456771850586,212.0033569335937,0.0,84.5703125,143.5177459716797
attnbilstm,roll2,2,30,18.234414100646973,48.12621688842773,212.1560211181641,0.0,85.05284926470588,145.60079956054688
attnbilstm,roll2,3,45,18.30437984466553,48.77547073364258,212.32379150390625,0.0,84.51286764705883,144.52354431152344
attnbilstm,roll2,4,60,18.41951847076416,48.93379211425781,212.445541381836,0.0,85.09880514705883,146.65573120117188
attnbilstm,roll2,5,75,18.42584095001221,49.32516479492188,212.5475311279297,0.0,84.47840073529412,145.01959228515625
attnbilstm,roll2,6,90,18.499704933166505,49.31276321411133,212.5619201660156,0.0,85.04136029411765,146.90478515625
attnbilstm,roll2,7,105,18.49190502166748,49.59096145629883,212.6039276123047,0.0,84.66222426470588,145.7305908203125
attnbilstm,roll2,8,120,18.56546859741211,49.62363815307617,212.6302795410156,0.0,85.42049632352942,147.96224975585938
attnbilstm,roll2,9,135,18.55731925964356,49.83536148071289,212.66943359375,0.0,84.36351102941177,145.97918701171875
attnbilstm,roll2,10,150,18.63101463317871,49.87113571166992,212.72853088378903,0.0,85.3515625,148.8184051513672
attnbilstm,roll2,11,165,18.616490173339844,50.03189086914063,212.74655151367188,0.0,84.54733455882352,146.36978149414062
attnbilstm,roll2,12,180,18.683239364624026,50.109153747558594,212.84844970703125,0.0,85.28262867647058,149.1938018798828
attnbilstm,roll2,13,195,18.65561275482177,50.213897705078125,212.8251953125,0.0,84.55882352941177,146.5332489013672
attnbilstm,roll2,14,210,18.725504875183105,50.26949691772461,212.89718627929688,0.0,85.24816176470588,149.5887451171875
attnbilstm,roll2,15,225,18.681855773925783,50.33032989501953,212.8442840576172,0.0,84.53584558823529,147.10670471191406
attnbilstm,roll2,16,240,18.75115871429444,50.42030334472656,212.92108154296875,0.0,85.42049632352942,150.1906280517578
attnbilstm,roll2,17,255,18.666992378234863,50.42368698120117,212.8060302734375,0.0,84.28308823529412,146.90113830566406
attnbilstm,roll2,18,270,18.74928798675537,50.51347732543945,212.89833068847656,0.0,85.24816176470588,150.6096954345703
attnbilstm,roll2,19,285,18.669477462768555,50.54560089111328,212.8031616210937,0.0,84.23713235294117,146.81167602539062
attnbilstm,roll2,20,300,18.77183990478516,50.679481506347656,212.9278717041016,0.0,85.34007352941177,150.6409149169922
attnbilstm,roll2,21,315,18.68477420806885,50.63650131225586,212.85073852539065,0.0,84.50137867647058,147.10226440429688
attnbilstm,roll2,22,330,18.806068229675294,50.827186584472656,212.9890289306641,0.0,85.53538602941177,150.8099365234375
attnbilstm,roll2,23,345,18.71614608764649,50.78185272216797,212.8776092529297,0.0,84.61626838235294,147.1956787109375
attnbilstm,roll2,24,360,18.819387245178223,50.88120651245117,212.99156188964844,0.0,85.48943014705883,150.9373321533203
attnbilstm,roll2,25,375,18.72787551879883,50.867286682128906,212.84768676757807,0.0,84.74264705882352,147.2396697998047
attnbilstm,roll2,26,390,18.845297813415527,50.96889877319336,212.9488067626953,0.0,85.44347426470588,151.1466522216797
attnbilstm,roll2,27,405,18.75333194732666,50.95125961303711,212.8177947998047,0.0,84.67371323529412,147.3717041015625
attnbilstm,roll2,28,420,18.854427528381347,51.01040267944336,212.9152984619141,0.0,85.3515625,151.18736267089844
attnbilstm,roll2,29,435,18.7509521484375,50.9603385925293,212.7789764404297,0.0,84.55882352941177,147.3948516845703
attnbilstm,roll2,30,450,18.854706382751463,51.01830291748047,212.9071807861328,0.0,85.51240808823529,151.6248779296875
attnbilstm,roll2,31,465,18.7583948135376,50.97555541992188,212.8184967041016,0.0,84.55882352941177,147.33587646484375
attnbilstm,roll2,32,480,18.86137104034424,50.98089599609375,212.9421844482422,0.0,85.66176470588235,151.40234375
attnbilstm,roll2,33,495,18.76734790802002,50.94594955444336,212.8335418701172,0.0,84.70818014705883,147.2567138671875
attnbilstm,roll2,34,510,18.854855346679688,50.9555892944336,212.9469451904297,0.0,85.71920955882352,151.34141540527344
attnbilstm,roll2,35,525,18.763947868347167,50.90311813354492,212.83404541015625,0.0,84.63924632352942,147.2819061279297
attnbilstm,roll2,36,540,18.83783779144288,50.81848907470703,212.92156982421875,0.0,85.61580882352942,151.1920928955078
attnbilstm,roll2,37,555,18.742792510986327,50.77901458740234,212.8237152099609,0.0,84.86902573529412,147.3870391845703
attnbilstm,roll2,38,570,18.82741069793701,50.73443222045898,212.9578094482422,0.0,86.08685661764706,151.81130981445312
attnbilstm,roll2,39,585,18.74473705291748,50.72076034545898,212.8907012939453,0.0,84.71966911764706,147.60110473632812
attnbilstm,roll2,40,600,18.804475021362304,50.63642120361328,212.97482299804688,0.0,85.73069852941177,151.1262969970703
attnbilstm,roll2,41,615,18.72232341766357,50.670013427734375,212.835678100586,0.0,84.69669117647058,147.3641815185547
attnbilstm,roll2,42,630,18.77726879119873,50.58599472045898,212.8770751953125,0.0,85.84558823529412,151.52969360351562
attnbilstm,roll2,43,645,18.705948066711425,50.61952590942383,212.76608276367188,0.0,84.62775735294117,147.3651885986328
attnbilstm,roll2,44,660,18.76403045654297,50.538822174072266,212.82701110839844,0.0,85.73069852941177,151.398681640625
attnbilstm,roll2,45,675,18.71048355102539,50.61857604980469,212.71026611328125,0.0,84.47840073529412,147.43675231933594
attnbilstm,roll2,46,690,18.76694202423096,50.59479141235352,212.73358154296875,0.0,85.65027573529412,151.0592041015625
attnbilstm,roll2,47,705,18.70361213684082,50.6133041381836,212.57997131347656,0.0,84.765625,147.51022338867188
attnbilstm,roll2,48,720,18.73231449127197,50.49279022216797,212.5989685058593,0.0,85.47794117647058,150.79066467285156
attnbilstm,roll2,49,735,18.670246887207032,50.488563537597656,212.4623107910156,0.0,84.89200367647058,147.8050994873047
attnbilstm,roll2,50,750,18.696758842468263,50.38115310668945,212.5033416748047,0.0,85.47794117647058,150.7583770751953
attnbilstm,roll2,51,765,18.630333137512206,50.35353088378906,212.3698883056641,0.0,85.19071691176471,147.7793731689453
attnbilstm,roll2,52,780,18.68129234313965,50.298370361328125,212.445068359375,0.0,85.73069852941177,151.07955932617188
attnbilstm,roll2,53,795,18.618063163757324,50.26790237426758,212.3388061523437,0.0,85.07582720588235,147.88253784179688
attnbilstm,roll2,54,810,18.647997093200683,50.15640258789063,212.36691284179688,0.0,85.69623161764706,150.96595764160156
attnbilstm,roll2,55,825,18.59717464447021,50.19821166992188,212.24774169921875,0.0,85.20220588235294,148.05059814453125
attnbilstm,roll2,56,840,18.6396203994751,50.1052360534668,212.3086395263672,0.0,85.67325367647058,151.01272583007812
attnbilstm,roll2,57,855,18.580449867248536,50.1274642944336,212.2309112548828,0.0,85.00689338235294,148.0108184814453
attnbilstm,roll2,58,870,18.59688987731933,49.928466796875,212.2948303222656,0.0,85.51240808823529,150.6854248046875
attnbilstm,roll2,59,885,18.55102214813233,49.99772644042969,212.23806762695312,0.0,85.20220588235294,147.9444580078125
attnbilstm,roll2,60,900,18.58082504272461,49.85717010498047,212.291259765625,0.0,85.69623161764706,150.65512084960938
attnbilstm,roll2,61,915,18.528430938720703,49.88723373413086,212.2017974853516,0.0,85.15625,147.82235717773438
attnbilstm,roll2,62,930,18.549188995361327,49.64259338378906,212.22560119628903,0.0,85.91452205882352,151.22329711914062
attnbilstm,roll2,63,945,18.488209342956544,49.70621490478516,212.1377716064453,0.0,85.12178308823529,147.6596221923828
attnbilstm,roll2,64,960,18.507451820373536,49.52086639404297,212.17532348632807,0.0,85.84558823529412,150.99449157714844
attnbilstm,roll2,65,975,18.454589080810543,49.60797500610352,212.11834716796875,0.0,85.29411764705883,147.3740997314453
attnbilstm,roll2,66,990,18.46930427551269,49.362396240234375,212.1639099121093,0.0,86.00643382352942,150.9679718017578
attnbilstm,roll2,67,1005,18.4517318725586,49.584754943847656,212.1420288085937,0.0,85.39751838235294,147.5831756591797
attnbilstm,roll2,68,1020,18.468187522888183,49.40283966064453,212.16099548339844,0.0,86.12132352941177,150.98907470703125
attnbilstm,roll2,69,1035,18.45367851257324,49.579708099365234,212.1352386474609,0.0,85.34007352941177,147.59933471679688
attnbilstm,roll2,70,1050,18.47265701293945,49.419464111328125,212.16685485839844,0.0,86.02941176470588,151.16685485839844
attnbilstm,roll2,71,1065,18.460528945922853,49.60288619995117,212.19308471679688,0.0,85.16773897058823,147.38925170898438
attnbilstm,roll2,72,1080,18.46053867340088,49.38842010498047,212.22735595703125,0.0,86.05238970588235,150.87954711914062
attnbilstm,roll2,73,1095,18.4707899093628,49.59405517578125,212.2997131347656,0.0,84.99540441176471,146.851806640625
attnbilstm,roll2,74,1110,18.489192771911625,49.43281936645508,212.34014892578125,0.0,86.06387867647058,150.5439453125
attnbilstm,roll2,75,1125,18.48825454711914,49.6390495300293,212.3922119140625,0.0,84.82306985294117,146.1872100830078
attnbilstm,roll2,76,1140,18.478671646118165,49.338165283203125,212.38934326171875,0.0,86.02941176470588,150.3487548828125
attnbilstm,roll2,77,1155,18.475435256958008,49.57321166992188,212.39968872070312,0.0,84.9609375,145.7275848388672
attnbilstm,roll2,78,1170,18.46828727722168,49.3120002746582,212.4305877685547,0.0,86.01792279411765,149.6963348388672
attnbilstm,roll2,79,1185,18.47905120849609,49.58167266845703,212.4229888916016,0.0,84.82306985294117,145.7129364013672
attnbilstm,roll2,80,1200,18.46626052856445,49.21645736694336,212.42462158203125,0.0,85.66176470588235,149.6018829345703
attnbilstm,roll2,81,1215,18.45098533630371,49.42708206176758,212.37823486328125,0.0,84.85753676470588,146.0614013671875
attnbilstm,roll2,82,1230,18.455382919311525,49.17223739624024,212.39810180664065,0.0,85.48943014705883,149.28604125976562
attnbilstm,roll2,83,1245,18.47451725006104,49.50184631347656,212.355697631836,0.0,84.765625,146.14125061035156
attnbilstm,roll2,84,1260,18.467689323425294,49.17102813720703,212.3812713623047,0.0,85.22518382352942,149.4617919921875
attnbilstm,roll2,85,1275,18.48937397003174,49.5709342956543,212.3980712890625,0.0,84.99540441176471,146.63232421875
attnbilstm,roll2,86,1290,18.488678169250488,49.317474365234375,212.45123291015625,0.0,85.11029411764706,148.97171020507812
attnbilstm,roll2,87,1305,18.52074851989746,49.754859924316406,212.5297698974609,0.0,84.77711397058823,146.82640075683594
attnbilstm,roll2,88,1320,18.51940498352051,49.46150970458984,212.5856475830078,0.0,85.08731617647058,149.08340454101562
attnbilstm,roll2,89,1335,18.538753318786625,49.84506607055664,212.61056518554688,0.0,84.765625,147.2284393310547
attnbilstm,roll2,90,1350,18.52000541687012,49.53798294067383,212.63442993164065,0.0,84.86902573529412,148.8892059326172
attnbilstm,roll2,91,1365,18.57173156738281,50.05282974243164,212.71592712402344,0.0,84.89200367647058,147.2850341796875
attnbilstm,roll2,92,1380,18.54756736755371,49.729339599609375,212.76670837402344,0.0,84.98391544117648,149.2537078857422
attnbilstm,roll2,93,1395,18.618581581115723,50.27880096435547,212.83282470703125,0.0,84.98391544117648,147.70114135742188
attnbilstm,roll2,94,1410,18.601874923706056,49.927520751953125,212.8849334716797,0.0,84.94944852941177,149.18218994140625
attnbilstm,roll2,95,1425,18.66016387939453,50.41472244262695,212.9330444335937,0.0,84.98391544117648,147.9102325439453
attnbilstm,roll2,96,1440,18.668421363830568,50.15045547485352,212.94265747070312,0.0,84.85753676470588,149.62350463867188
attnbilstm,roll3,1,15,17.43129539489746,48.64137649536133,68.49609375,0.0,81.03943888697252,159.37796020507812
attnbilstm,roll3,2,30,17.182576751708986,47.35037612915039,67.88585662841797,0.0,82.36173393124065,162.95228576660156
attnbilstm,roll3,3,45,17.373694801330565,48.74431610107422,68.7735824584961,0.0,81.05093710474877,157.79244995117188
attnbilstm,roll3,4,60,17.18177261352539,47.61871337890625,68.19164276123047,0.0,82.46521789122686,162.03256225585938
attnbilstm,roll3,5,75,17.337990379333498,48.91337585449219,69.04994201660156,0.0,81.25790502472117,156.21832275390625
attnbilstm,roll3,6,90,17.166144561767577,47.74130630493164,68.3218994140625,0.0,82.84465907784293,161.5437469482422
attnbilstm,roll3,7,105,17.29997310638428,48.91196823120117,69.13785552978516,0.0,81.17741750028745,155.2064208984375
attnbilstm,roll3,8,120,17.08817253112793,47.57618713378906,68.3086929321289,0.0,82.99413590893411,160.5553436279297
attnbilstm,roll3,9,135,17.27990608215332,48.91312026977539,69.29876708984375,0.0,81.26940324249742,154.63165283203125
attnbilstm,roll3,10,150,17.06011848449707,47.63687896728516,68.50887298583984,0.0,83.09761986892032,159.66354370117188
attnbilstm,roll3,11,165,17.284105110168458,48.955657958984375,69.45972442626953,0.0,81.09692997585374,154.44651794433594
attnbilstm,roll3,12,180,17.044305992126464,47.70159912109375,68.7025146484375,0.0,82.84465907784293,158.5362548828125
attnbilstm,roll3,13,195,17.29673252105713,49.00041961669922,69.63629150390625,0.0,81.02794066919627,154.16964721679688
attnbilstm,roll3,14,210,17.036929512023924,47.70998001098633,68.92473602294922,0.0,82.48821432677936,157.3019256591797
attnbilstm,roll3,15,225,17.26525001525879,48.867774963378906,69.66526794433594,0.0,81.2119121536162,153.62953186035156
attnbilstm,roll3,16,240,17.015258598327637,47.66537857055664,69.03409576416016,0.0,82.18926066459699,156.064453125
attnbilstm,roll3,17,255,17.28962287902832,48.94376373291016,69.77351379394531,0.0,81.24640680694493,153.8248291015625
attnbilstm,roll3,18,270,17.040210723876953,47.77525329589844,69.16658020019531,0.0,81.92480165574337,155.49081420898438
attnbilstm,roll3,19,285,17.31702003479004,49.054786682128906,69.86012268066406,0.0,80.88996205588134,153.9114990234375
attnbilstm,roll3,20,300,17.0671875,47.87263870239258,69.30447387695312,0.0,81.4993675980223,155.2076873779297
attnbilstm,roll3,21,315,17.338139724731445,49.117332458496094,69.91026306152344,0.0,80.72898700701391,154.14950561523438
attnbilstm,roll3,22,330,17.140863609313964,48.085391998291016,69.6124267578125,0.0,81.4188800735886,154.8600311279297
attnbilstm,roll3,23,345,17.405387306213377,49.269779205322266,70.22537994384766,0.0,80.61400482925146,153.77342224121094
attnbilstm,roll3,24,360,17.211254501342772,48.26325225830078,69.8835220336914,0.0,81.15442106473496,154.88796997070312
attnbilstm,roll3,25,375,17.42434158325195,49.24579620361328,70.26432037353516,0.0,80.61400482925146,154.14195251464844
attnbilstm,roll3,26,390,17.296555709838866,48.52894973754883,70.1677474975586,0.0,81.22341037139243,155.2587127685547
attnbilstm,roll3,27,405,17.46379165649414,49.35709381103516,70.40757751464844,0.0,80.46452799816028,154.22052001953125
attnbilstm,roll3,28,420,17.34848861694336,48.67982864379883,70.30534362792969,0.0,81.11992641140623,155.2289276123047
attnbilstm,roll3,29,435,17.512887001037598,49.51992034912109,70.5079345703125,0.0,80.32654938484535,154.215087890625
attnbilstm,roll3,30,450,17.383899116516112,48.76816940307617,70.36531066894531,0.0,81.062435322525,155.48477172851562
attnbilstm,roll3,31,465,17.535552406311034,49.62793731689453,70.58527374267578,0.0,80.3150511670691,154.10594177246094
attnbilstm,roll3,32,480,17.44262561798096,49.0162353515625,70.53296661376953,0.0,80.97044958031505,155.885498046875
attnbilstm,roll3,33,495,17.614648628234864,49.920711517333984,70.778076171875,0.0,80.29205473151661,154.63916015625
attnbilstm,roll3,34,510,17.44786319732666,49.03969192504883,70.52359008789062,0.0,81.02794066919627,156.46617126464844
attnbilstm,roll3,35,525,17.587969017028808,49.82778930664063,70.7218017578125,0.0,80.26905829596413,154.48367309570312
attnbilstm,roll3,36,540,17.465286254882812,49.12442398071289,70.59015655517578,0.0,81.28090146027365,157.0006103515625
attnbilstm,roll3,37,555,17.58687114715576,49.78664779663086,70.76663208007812,0.0,80.545015522594,154.70057678222656
attnbilstm,roll3,38,570,17.443702697753906,49.00263595581055,70.57979583740234,0.0,81.5223640335748,157.12063598632812
attnbilstm,roll3,39,585,17.563503646850585,49.70090103149414,70.75936126708984,0.0,80.67149591813269,154.3617401123047
attnbilstm,roll3,40,600,17.466397857666017,49.06985855102539,70.66394805908203,0.0,81.28090146027365,157.17857360839844
attnbilstm,roll3,41,615,17.587087440490723,49.74527740478516,70.80956268310547,0.0,80.70599057146143,154.4196014404297
attnbilstm,roll3,42,630,17.449028968811035,48.97256851196289,70.48139953613281,0.0,81.59135334023226,157.7610626220703
attnbilstm,roll3,43,645,17.599461936950682,49.73024368286133,70.82181549072266,0.0,80.3380476026216,154.36160278320312
attnbilstm,roll3,44,660,17.47101821899414,48.98070907592773,70.50584411621094,0.0,81.55685868690354,157.78997802734375
attnbilstm,roll3,45,675,17.63106803894043,49.78829574584961,70.89093017578125,0.0,79.9011153271243,154.21438598632812
attnbilstm,roll3,46,690,17.472455787658692,48.9638900756836,70.51300811767578,0.0,81.5223640335748,157.72850036621094
attnbilstm,roll3,47,705,17.62545680999756,49.70566940307617,70.80403137207031,0.0,79.82062780269058,154.01898193359375
attnbilstm,roll3,48,720,17.481908226013182,48.936134338378906,70.41082763671875,0.0,81.37288720248361,157.9043731689453
attnbilstm,roll3,49,735,17.59738082885742,49.5076904296875,70.56983947753906,0.0,79.76313671380936,154.07196044921875
attnbilstm,roll3,50,750,17.471946144104002,48.90447998046875,70.35271453857422,0.0,81.38438542025986,157.47727966308594
attnbilstm,roll3,51,765,17.628862571716308,49.66728210449219,70.6858901977539,0.0,80.08508681154422,154.34085083007812
attnbilstm,roll3,52,780,17.437086868286134,48.74201965332031,70.23287200927734,0.0,81.26940324249742,157.41854858398438
attnbilstm,roll3,53,795,17.647270584106444,49.70228576660156,70.6706771850586,0.0,80.09658502932045,154.40394592285156
attnbilstm,roll3,54,810,17.461496925354005,48.79812240600586,70.28386688232422,0.0,81.17741750028745,157.1407012939453
attnbilstm,roll3,55,825,17.66273727416992,49.66960144042969,70.62305450439453,0.0,79.61365988271818,154.54246520996094
attnbilstm,roll3,56,840,17.47997341156006,48.80053329467773,70.24995422363281,0.0,80.79797631367138,157.05540466308594
attnbilstm,roll3,57,855,17.723626327514648,49.81748580932617,70.6744384765625,0.0,79.63665631827067,155.1733856201172
attnbilstm,roll3,58,870,17.51009750366211,48.91326141357422,70.27963256835938,0.0,80.82097274922387,157.17886352539062
attnbilstm,roll3,59,885,17.77418460845947,49.94353103637695,70.71839904785156,0.0,79.53317235828446,155.82374572753906
attnbilstm,roll3,60,900,17.503948974609376,48.912574768066406,70.19232177734375,0.0,80.77497987811888,156.8789825439453
attnbilstm,roll3,61,915,17.778936195373536,49.916015625,70.5822525024414,0.0,79.72864206048062,156.27679443359375
attnbilstm,roll3,62,930,17.444793891906738,48.67999649047852,69.91400146484375,0.0,80.70599057146143,156.74905395507812
attnbilstm,roll3,63,945,17.877360534667968,50.15085983276367,70.68840789794922,0.0,79.37219730941703,156.82421875
attnbilstm,roll3,64,960,17.43150634765625,48.58581161499024,69.78157806396484,0.0,80.59100839369898,156.6561737060547
attnbilstm,roll3,65,975,17.94320774078369,50.26847076416016,70.74851989746094,0.0,79.07324364723468,157.04075622558594
attnbilstm,roll3,66,990,17.49348258972168,48.6910514831543,69.84429931640625,0.0,80.39553869150282,156.97677612304688
attnbilstm,roll3,67,1005,18.07644805908204,50.53316879272461,70.9111557006836,0.0,78.96975968724847,157.4371337890625
attnbilstm,roll3,68,1020,17.542305374145506,48.73768615722656,70.06774139404297,0.0,80.18857077153041,156.79615783691406
attnbilstm,roll3,69,1035,18.18237247467041,50.712493896484375,71.24617004394531,0.0,78.46383810509371,157.56936645507812
attnbilstm,roll3,70,1050,17.623129653930665,48.9686393737793,70.2396011352539,0.0,80.08508681154422,157.1448516845703
attnbilstm,roll3,71,1065,18.330104255676268,51.107696533203125,71.59284973144531,0.0,78.00390939404393,157.9007110595703
attnbilstm,roll3,72,1080,17.677890968322753,49.08786010742188,70.35932922363281,0.0,79.98160285155801,157.36329650878906
attnbilstm,roll3,73,1095,18.46042938232421,51.41372680664063,71.85763549804688,0.0,77.48648959411291,158.06471252441406
attnbilstm,roll3,74,1110,17.76535701751709,49.28142929077149,70.59864807128906,0.0,79.92411176267679,157.936767578125
attnbilstm,roll3,75,1125,18.50464611053467,51.411041259765625,71.97366333007812,0.0,77.38300563412672,158.02537536621094
attnbilstm,roll3,76,1140,17.845617485046386,49.36153793334961,70.70795440673828,0.0,80.01609750488674,158.86756896972656
attnbilstm,roll3,77,1155,18.634424018859864,51.71676635742188,72.28962707519531,0.0,76.8655858341957,158.15086364746094
attnbilstm,roll3,78,1170,17.982196426391603,49.70783615112305,71.04937744140625,0.0,79.98160285155801,159.51234436035156
attnbilstm,roll3,79,1185,18.697819328308107,51.87287521362305,72.47736358642578,0.0,76.27917672760722,158.05613708496094
attnbilstm,roll3,80,1200,18.007327270507812,49.68157196044922,71.0672378540039,0.0,79.70564562492814,159.84962463378906
attnbilstm,roll3,81,1215,18.654909706115724,51.76205825805664,72.36215209960938,0.0,76.35966425204094,157.87313842773438
attnbilstm,roll3,82,1230,18.0741548538208,49.89655303955078,71.16738891601562,0.0,79.34920087386456,160.18466186523438
attnbilstm,roll3,83,1245,18.607506942749023,51.69085693359375,72.26603698730469,0.0,76.68161434977578,158.0511932373047
attnbilstm,roll3,84,1260,18.10183868408204,50.02665328979492,71.20503234863281,0.0,79.19972404277337,160.16867065429688
attnbilstm,roll3,85,1275,18.592342948913576,51.668922424316406,72.25599670410156,0.0,76.72760722088077,158.04995727539062
attnbilstm,roll3,86,1290,18.12471237182617,50.070594787597656,71.2779769897461,0.0,79.31470622053581,160.22238159179688
attnbilstm,roll3,87,1305,18.54123649597168,51.592529296875,72.22600555419922,0.0,77.32551454524548,158.24807739257812
attnbilstm,roll3,88,1320,18.168476867675786,50.28336334228516,71.47889709472656,0.0,79.22272047832585,160.27101135253906
attnbilstm,roll3,89,1335,18.479046249389647,51.45092391967773,72.19804382324219,0.0,77.77394503851903,158.3248291015625
attnbilstm,roll3,90,1350,18.190258979797363,50.3603630065918,71.57520294189453,0.0,79.28021156720708,160.24996948242188
attnbilstm,roll3,91,1365,18.39373683929444,51.27941131591797,72.13524627685547,0.0,78.0499022651489,157.85702514648438
attnbilstm,roll3,92,1380,18.15154342651368,50.27203750610352,71.6126937866211,0.0,79.3606990916408,160.14878845214844
attnbilstm,roll3,93,1395,18.305325317382813,51.04927444458008,72.0316162109375,0.0,78.26836840289755,157.44032287597656
attnbilstm,roll3,94,1410,18.14516468048096,50.29890441894531,71.64227294921875,0.0,79.42968839829825,160.1751708984375
attnbilstm,roll3,95,1425,18.316320419311523,51.209014892578125,72.11609649658203,0.0,78.47533632286996,157.51564025878906
attnbilstm,roll3,96,1440,18.13289852142334,50.36390686035156,71.63796997070312,0.0,79.82062780269058,160.13279724121094
lqr,roll0,1,15,24.970164108276368,66.66204833984375,325.81964111328125,12.917058270676693,69.0671992481203,123.49747467041016
lqr,roll0,2,30,24.937519836425786,69.00187683105469,328.0809020996094,11.753994360902256,76.97368421052632,144.07351684570312
lqr,roll0,3,45,25.15546875,66.22870635986328,326.7934265136719,12.873002819548873,73.93092105263158,138.05560302734375
lqr,roll0,4,60,26.027533721923827,73.012451171875,330.6610107421875,10.82295582706767,79.3468045112782,158.33102416992188
lqr,roll0,5,75,25.471057891845703,68.00235748291016,328.0775451660156,12.403078007518795,71.07612781954887,133.4156951904297
lqr,roll0,6,90,25.821508407592773,70.286865234375,329.1390686035156,11.568961466165414,75.88110902255639,145.10885620117188
lqr,roll0,7,105,26.44050712585449,75.41062927246094,331.5145874023437,12.13874530075188,76.8796992481203,147.8332061767578
lqr,roll0,8,120,26.06662216186524,67.56259155273438,328.3331604003906,13.087406015037594,77.32612781954887,150.7189178466797
lqr,roll0,9,135,26.411759185791016,71.07530212402344,329.345458984375,12.943491541353383,74.60056390977444,144.4915008544922
lqr,roll0,10,150,26.27769241333008,70.02705383300781,328.3630676269531,13.472156954887218,69.7250939849624,130.5524444580078
lqr,roll0,11,165,25.979496002197266,68.95083618164062,329.37744140625,10.212053571428571,74.40084586466166,143.8655548095703
lqr,roll0,12,180,26.11027412414551,69.88679504394531,329.2722473144531,11.287006578947368,72.97932330827066,138.54713439941406
lqr,roll0,13,195,26.28518753051758,71.94711303710938,328.77252197265625,12.027138157894738,71.42857142857143,141.02896118164062
lqr,roll0,14,210,26.478768157958985,75.39688873291016,330.4192199707031,13.610197368421051,72.01597744360903,137.8219451904297
lqr,roll0,15,225,25.99554557800293,67.32716369628906,328.0254211425781,10.25904605263158,72.65037593984962,140.5015869140625
lqr,roll0,16,240,26.013443374633788,70.51010131835938,329.6827392578125,12.003641917293232,75.57565789473685,149.1194305419922
lqr,roll0,17,255,25.92301635742188,71.23245239257812,329.7579040527344,12.326715225563907,73.33176691729322,140.48959350585938
lqr,roll0,18,270,25.524283981323244,70.3832015991211,329.339599609375,11.143092105263158,73.90742481203007,138.27099609375
lqr,roll0,19,285,26.18675079345703,73.87248229980469,330.0890808105469,10.552749060150376,75.9046052631579,148.02366638183594
lqr,roll0,20,300,25.780078125,71.05351257324219,328.220703125,10.978618421052632,74.33035714285714,139.7085723876953
lqr,roll0,21,315,26.96493148803711,72.87525177001953,329.9256591796875,15.33717105263158,64.25046992481202,119.2410888671875
lqr,roll0,22,330,25.395218276977538,66.64677429199219,327.519287109375,11.680568609022558,76.36278195488721,147.3242950439453
lqr,roll0,23,345,26.37272071838379,73.58509063720703,330.8334045410156,11.413298872180452,74.87077067669173,151.3668670654297
lqr,roll0,24,360,25.85110969543457,69.6943588256836,329.1794738769531,11.43092105263158,76.67998120300751,146.48138427734375
lqr,roll0,25,375,26.05152282714844,73.72554779052734,330.7646484375,11.601268796992482,79.15883458646617,160.25979614257812
lqr,roll0,26,390,26.0397705078125,72.1677017211914,330.3805236816406,9.30451127819549,80.2749060150376,161.62110900878906
lqr,roll0,27,405,25.662583923339845,69.3401107788086,329.0206604003906,10.64967105263158,78.55968045112782,152.53004455566406
lqr,roll0,28,420,25.42299308776856,68.6309814453125,328.1955261230469,10.3265977443609,78.20723684210526,152.62060546875
lqr,roll0,29,435,26.12437744140625,71.35298919677734,329.5268249511719,11.753994360902256,74.62406015037594,139.5763702392578
lqr,roll0,30,450,26.001554107666017,70.05104064941406,329.2238464355469,12.226856203007518,74.83552631578947,145.99612426757812
lqr,roll0,31,465,26.29295425415039,73.22434997558594,330.1764221191406,11.360432330827068,73.29652255639097,144.2193603515625
lqr,roll0,32,480,26.401545333862305,73.39862060546875,329.5288391113281,12.526433270676693,72.38016917293233,138.95062255859375
lqr,roll0,33,495,26.626153564453126,70.98385620117188,329.3922119140625,13.472156954887218,68.1390977443609,139.92213439941406
lqr,roll0,34,510,25.80387115478516,66.7432632446289,328.44677734375,10.047579887218046,75.54041353383458,149.84022521972656
lqr,roll0,35,525,25.948725509643555,69.17396545410156,328.53778076171875,12.03888627819549,72.8265977443609,146.5306396484375
lqr,roll0,36,540,25.94229202270508,69.33443450927734,328.9271850585937,11.228265977443607,74.48308270676691,143.41473388671875
lqr,roll0,37,555,25.56030693054199,67.75270080566406,328.78131103515625,10.091635338345863,72.68562030075188,140.73719787597656
lqr,roll0,38,570,25.292161178588863,69.23331451416016,328.6530456542969,9.319196428571429,78.1484962406015,150.9519500732422
lqr,roll0,39,585,25.9692798614502,68.85671997070312,329.1872863769531,12.969924812030076,75.36419172932331,144.86502075195312
lqr,roll0,40,600,25.88587188720703,69.30498504638672,328.5116882324219,12.320841165413531,71.27584586466166,138.72999572753906
lqr,roll0,41,615,25.880484771728515,68.75914001464844,328.4668273925781,10.905192669172932,74.96475563909775,148.98251342773438
lqr,roll0,42,630,26.359239196777345,72.27125549316406,330.3837585449219,11.383928571428571,75.86936090225564,145.72572326660156
lqr,roll0,43,645,25.89774856567383,69.12793731689453,328.8551940917969,11.539591165413531,74.91776315789474,143.75027465820312
lqr,roll0,44,660,25.86780128479004,68.89095306396484,327.9190673828125,12.030075187969924,75.89285714285714,146.26614379882812
lqr,roll0,45,675,26.382596588134767,71.7100601196289,330.0259094238281,10.664356203007518,71.94548872180451,138.60281372070312
lqr,roll0,46,690,26.583131408691408,74.32625579833984,330.5995788574219,12.649788533834586,68.4328007518797,132.23028564453125
lqr,roll0,47,705,26.527896118164065,72.64031982421875,329.4881591796875,11.46029135338346,73.07330827067669,149.9739227294922
lqr,roll0,48,720,26.130018997192384,68.9366455078125,329.57421875,12.420700187969924,74.94125939849624,146.0779571533203
lqr,roll0,49,735,26.32695655822754,71.6024169921875,329.5785522460937,9.47779605263158,73.95441729323309,149.069091796875
lqr,roll0,50,750,26.46259803771973,69.8875961303711,329.3046264648437,10.38827537593985,74.24812030075188,148.7209014892578
lqr,roll0,51,765,26.44722099304199,70.5308837890625,329.488525390625,11.727561090225564,71.51080827067669,142.03968811035156
lqr,roll0,52,780,26.38374710083008,71.4229507446289,330.25762939453125,11.839168233082708,75.3171992481203,147.5460205078125
lqr,roll0,53,795,26.98870544433593,74.72844696044922,330.57147216796875,11.589520676691729,69.76033834586465,138.77548217773438
lqr,roll0,54,810,26.43024063110352,71.9144287109375,329.3333435058594,11.618890977443607,73.94266917293233,144.5368194580078
lqr,roll0,55,825,26.250358200073244,70.55528259277344,329.0501708984375,12.26797462406015,69.45488721804512,137.1154022216797
lqr,roll0,56,840,26.20188980102539,71.93814849853516,329.2575378417969,12.364896616541351,70.79417293233082,134.5967559814453
lqr,roll0,57,855,26.32074737548828,71.39144897460938,329.41650390625,11.14015507518797,71.29934210526315,144.99481201171875
lqr,roll0,58,870,26.21345176696777,71.6814956665039,328.68963623046875,12.682095864661656,72.12171052631578,142.6219024658203
lqr,roll0,59,885,26.215632247924805,72.8889389038086,329.84881591796875,11.595394736842106,72.74436090225564,141.22889709472656
lqr,roll0,60,900,26.05452117919922,72.14810180664062,329.4139099121094,10.320723684210527,77.65507518796993,152.9005889892578
lqr,roll0,61,915,25.851067352294923,68.1404800415039,327.81866455078125,12.02126409774436,70.53571428571429,134.52291870117188
lqr,roll0,62,930,26.33907737731933,72.39337158203125,329.880615234375,12.250352443609025,72.33317669172934,135.6912841796875
lqr,roll0,63,945,26.383462524414064,71.48661804199219,329.0677185058594,11.521968984962406,71.38157894736842,139.92189025878906
lqr,roll0,64,960,26.633629608154298,74.6609878540039,331.205322265625,12.15343045112782,71.15836466165413,138.1253662109375
lqr,roll0,65,975,26.95731430053711,72.35430145263672,329.6488647460937,13.028665413533837,67.91588345864662,141.11834716796875
lqr,roll0,66,990,26.378398895263672,70.51656341552734,329.62603759765625,11.589520676691729,69.78383458646617,141.25137329101562
lqr,roll0,67,1005,26.24989547729492,72.26803588867188,329.28253173828125,10.92281484962406,72.1452067669173,148.09579467773438
lqr,roll0,68,1020,26.311515426635744,71.61763763427734,329.912109375,11.845042293233082,70.93515037593986,132.7799072265625
lqr,roll0,69,1035,26.41690254211425,69.98898315429688,329.2201232910156,10.902255639097744,69.56062030075188,135.55259704589844
lqr,roll0,70,1050,25.768291091918947,68.96717834472656,328.5528869628906,9.841987781954888,73.19078947368422,140.048828125
lqr,roll0,71,1065,26.57073211669922,73.00080108642578,330.3643798828125,11.328125,72.4859022556391,146.0144500732422
lqr,roll0,72,1080,25.83384437561035,68.588134765625,328.9842834472656,11.366306390977442,73.00281954887218,138.12051391601562
lqr,roll0,73,1095,26.53252716064453,70.9986572265625,329.78857421875,10.940437030075188,73.27302631578947,150.747802734375
lqr,roll0,74,1110,27.041702651977538,76.47474670410156,330.22027587890625,13.871593045112782,70.98214285714286,137.46197509765625
lqr,roll0,75,1125,26.939668273925783,73.33055877685547,329.6190490722656,11.099036654135338,65.671992481203,134.43588256835938
lqr,roll0,76,1140,26.72090950012207,69.93854522705078,328.90362548828125,13.983200187969924,67.03477443609023,124.73591613769533
lqr,roll0,77,1155,27.0362850189209,71.74935150146484,329.62408447265625,12.044760338345863,69.11419172932331,138.11605834960938
lqr,roll0,78,1170,26.78803596496582,76.59410095214844,331.7695617675781,11.022673872180452,75.30545112781954,149.47845458984375
lqr,roll0,79,1185,26.92155647277832,71.51505279541016,329.1368103027344,12.317904135338347,67.29323308270678,134.28482055664062
lqr,roll0,80,1200,26.13273887634277,69.54155731201172,329.8620910644531,10.541000939849624,73.13204887218046,142.26101684570312
lqr,roll0,81,1215,26.99082260131836,70.87724304199219,329.4774780273437,11.295817669172932,68.82048872180451,137.84521484375
lqr,roll0,82,1230,26.11693382263184,72.3845443725586,330.1889953613281,9.58940319548872,75.32894736842105,148.19064331054688
lqr,roll0,83,1245,27.710418701171875,74.01815795898438,330.42889404296875,13.65718984962406,62.93468045112783,129.84303283691406
lqr,roll0,84,1260,26.226526260375977,72.39429473876953,327.8734436035156,10.123942669172932,72.57988721804512,143.86070251464844
lqr,roll0,85,1275,27.16328010559082,74.13372039794922,327.0929870605469,11.407424812030076,66.62359022556392,137.7246551513672
lqr,roll0,86,1290,26.800724029541016,72.93939971923828,326.4989624023437,10.61736372180451,70.9234022556391,138.97354125976562
lqr,roll0,87,1305,26.37758598327637,68.61550903320312,326.1278076171875,9.369125939849624,71.71052631578947,144.21566772460938
lqr,roll0,88,1320,26.78755111694336,69.0563735961914,326.2696838378906,11.15190319548872,66.38862781954887,130.89256286621094
lqr,roll0,89,1335,26.72775764465332,70.54908752441406,326.76123046875,10.31484962406015,68.18609022556392,140.38723754882812
lqr,roll0,90,1350,27.00457000732422,76.04261016845703,327.518310546875,11.187147556390975,72.32142857142857,145.43031311035156
lqr,roll0,91,1365,26.780674743652344,71.29564666748047,326.84918212890625,10.743656015037594,69.37265037593986,139.0471649169922
lqr,roll0,92,1380,27.083998489379884,76.4775619506836,329.6189270019531,11.715812969924812,73.57847744360903,147.0650634765625
lqr,roll0,93,1395,27.05121688842773,72.48441314697266,327.4629821777344,11.74812030075188,71.42857142857143,145.06553649902344
lqr,roll0,94,1410,26.53079872131348,72.18724060058594,327.570068359375,11.333999060150376,72.01597744360903,142.6676483154297
lqr,roll0,95,1425,27.03469314575195,74.2717056274414,328.6796569824219,11.51609492481203,72.4624060150376,151.98536682128906
lqr,roll0,96,1440,26.8874885559082,74.10910034179688,327.9620361328125,11.463228383458649,74.0484022556391,149.8971405029297
lqr,roll1,1,15,44.059339141845705,108.53971099853516,666.2837524414062,16.972583643122675,73.69888475836431,149.46888732910156
lqr,roll1,2,30,44.38851089477539,108.09712982177734,670.7908935546875,16.362685873605948,77.83457249070632,164.8422088623047
lqr,roll1,3,45,44.26756210327149,104.35912322998048,667.7066040039062,17.193308550185872,73.39684014869889,149.00009155273438
lqr,roll1,4,60,45.90740432739258,116.39710235595705,674.5473022460938,15.11675185873606,78.3224907063197,168.81939697265625
lqr,roll1,5,75,45.674560546875,111.35682678222656,672.1840209960938,16.667634758364315,74.32620817843866,157.3838348388672
lqr,roll1,6,90,46.63213424682617,116.4783935546875,675.0390625,17.408224907063197,76.81226765799256,156.89877319335938
lqr,roll1,7,105,46.79146881103516,122.08709716796876,676.8541870117188,17.82353624535316,75.45306691449815,153.22161865234375
lqr,roll1,8,120,46.03711166381836,107.22225952148438,672.7620239257812,17.219447026022305,77.24210037174721,156.85426330566406
lqr,roll1,9,135,45.97090759277344,109.45849609375,673.8671264648438,16.931923791821564,74.60501858736059,155.74551391601562
lqr,roll1,10,150,46.047550964355466,112.37107849121094,673.0220947265625,16.330738847583643,77.4860594795539,162.29466247558594
lqr,roll1,11,165,45.924922943115234,112.6466293334961,673.4464111328125,14.977346654275092,74.84897769516728,155.1248779296875
lqr,roll1,12,180,45.79863357543945,110.3681182861328,672.6298217773438,15.938661710037175,73.84990706319702,142.1420440673828
lqr,roll1,13,195,46.435228729248045,116.90676879882812,675.2241821289062,17.129414498141262,74.59340148698885,152.30029296875
lqr,roll1,14,210,46.78640365600586,124.0943603515625,674.3236083984375,16.27265334572491,74.91868029739777,149.49429321289062
lqr,roll1,15,225,46.069094848632815,107.07169342041016,672.5789794921875,15.793447955390336,72.64172862453532,151.67051696777344
lqr,roll1,16,240,46.37572555541992,114.58992004394533,673.6592407226562,16.25522769516729,77.42797397769516,160.57630920410156
lqr,roll1,17,255,46.00896301269531,114.34571075439452,673.9112548828125,16.52532527881041,74.81412639405205,150.048095703125
lqr,roll1,18,270,45.285589599609374,113.79462432861328,673.0803833007812,15.595957249070633,77.79972118959108,154.35682678222656
lqr,roll1,19,285,45.8479118347168,116.38563537597656,673.218017578125,16.284270446096656,71.94470260223048,142.00827026367188
lqr,roll1,20,300,45.50387115478516,112.5685043334961,673.364990234375,15.17193308550186,77.71840148698885,155.10581970214844
lqr,roll1,21,315,47.25450439453125,116.664794921875,674.5074462890625,17.309479553903344,74.10548327137546,148.89797973632812
lqr,roll1,22,330,45.08961791992188,107.72415161132812,671.7703247070312,15.66275557620818,76.54507434944237,151.7285614013672
lqr,roll1,23,345,46.799523162841794,120.30657196044922,676.6068725585938,16.827369888475836,72.42100371747212,146.36795043945312
lqr,roll1,24,360,45.73799209594726,110.87812042236328,673.1822509765625,16.80703996282528,76.2546468401487,148.40072631835938
lqr,roll1,25,375,46.46352233886719,118.32373809814452,674.017578125,18.073303903345725,70.84107806691449,139.3009033203125
lqr,roll1,26,390,46.10938720703125,115.2698745727539,673.1485595703125,15.767309479553903,73.0831784386617,141.9324951171875
lqr,roll1,27,405,45.73018112182617,109.6914291381836,672.345703125,16.01417286245353,73.91960966542752,145.6837158203125
lqr,roll1,28,420,45.59680862426758,112.6487274169922,673.54541015625,15.900906133828997,74.44237918215613,145.85935974121094
lqr,roll1,29,435,47.34323272705078,116.16899871826172,674.284912109375,17.477927509293682,71.53810408921933,143.0765838623047
lqr,roll1,30,450,46.235808563232425,114.58265686035156,673.3486328125,17.15264869888476,72.30483271375465,144.1494903564453
lqr,roll1,31,465,46.575128173828126,120.74046325683594,674.2980346679688,16.54275092936803,73.42007434944237,144.29415893554688
lqr,roll1,32,480,46.77201461791992,120.93869018554688,675.3928833007812,17.358852230483272,75.75511152416357,149.7876434326172
lqr,roll1,33,495,46.79645309448242,115.39736938476562,675.5772705078125,17.945515799256505,72.64172862453532,142.07936096191406
lqr,roll1,34,510,45.22926788330078,109.39956665039062,673.0408935546875,15.558201672862454,75.91775092936803,145.74313354492188
lqr,roll1,35,525,45.3732307434082,110.75884246826172,672.8411254882812,17.64347118959108,73.14126394052045,140.9996795654297
lqr,roll1,36,540,45.61635665893554,112.37683868408205,673.193115234375,16.01707713754647,77.67193308550185,151.69850158691406
lqr,roll1,37,555,45.51393051147461,110.73141479492188,673.0547485351562,15.009293680297397,74.11710037174721,149.82142639160156
lqr,roll1,38,570,45.138309478759766,111.68363189697266,672.7252807617188,15.712128252788103,75.66217472118959,147.522216796875
lqr,roll1,39,585,46.45904541015625,113.57073211669922,673.2379150390625,17.872908921933085,76.82388475836431,153.15933227539062
lqr,roll1,40,600,45.80382537841797,113.94025421142578,673.2676391601562,17.248489776951672,76.4521375464684,153.2059783935547
lqr,roll1,41,615,46.271698760986325,115.04234313964844,673.4586791992188,17.120701672862452,74.18680297397769,147.72854614257812
lqr,roll1,42,630,46.121683502197264,117.42049407958984,674.3696899414062,15.625,78.25278810408922,157.0294952392578
lqr,roll1,43,645,46.37870864868164,115.90984344482422,674.1227416992188,17.37918215613383,75.73187732342006,149.24635314941406
lqr,roll1,44,660,45.72256851196289,113.09542083740234,672.9299926757812,16.00546003717472,79.62360594795538,156.18838500976562
lqr,roll1,45,675,46.34720993041992,117.02963256835938,675.7987670898438,16.21456784386617,72.10734200743495,146.79522705078125
lqr,roll1,46,690,46.21861953735352,116.15799713134766,674.3068237304688,14.80599442379182,78.07853159851301,154.4741973876953
lqr,roll1,47,705,46.05151062011719,114.62996673583984,674.0753784179688,15.985130111524162,74.02416356877323,149.98194885253906
lqr,roll1,48,720,45.477587127685545,108.40996551513672,672.4833374023438,16.98710501858736,76.66124535315984,150.8887481689453
lqr,roll1,49,735,45.419613647460935,110.58122253417967,675.091552734375,15.020910780669144,73.43169144981412,146.87570190429688
lqr,roll1,50,750,45.54756774902344,108.01356506347656,674.0950317382812,15.860246282527882,77.17239776951673,151.75250244140625
lqr,roll1,51,765,46.42155990600586,115.29218292236328,676.2286987304688,16.656017657992564,75.47630111524164,152.44017028808594
lqr,roll1,52,780,45.82940216064453,112.2843780517578,674.499267578125,16.374302973977695,77.64869888475836,156.00086975097656
lqr,roll1,53,795,46.98817672729492,116.5150146484375,676.3682250976562,16.290078996282528,71.875,147.36264038085938
lqr,roll1,54,810,45.34441909790039,111.71834564208984,675.0153198242188,15.128368959107808,79.68169144981412,160.24252319335938
lqr,roll1,55,825,46.06254425048828,115.03015899658205,675.1287841796875,16.6589219330855,73.29228624535315,147.1831817626953
lqr,roll1,56,840,45.29382095336914,112.16984558105467,674.8672485351562,16.513708178438662,75.7899628252788,148.17431640625
lqr,roll1,57,855,45.94800338745117,113.82316589355467,675.6646118164062,16.397537174721187,71.52648698884758,143.80032348632812
lqr,roll1,58,870,45.335270690917966,113.24063873291016,674.6253662109375,15.45364776951673,77.86942379182156,153.90176391601562
lqr,roll1,59,885,46.452711486816405,114.59093475341795,675.8142700195312,16.966775092936803,69.84200743494424,142.172607421875
lqr,roll1,60,900,45.73033981323242,112.27002716064452,674.782470703125,15.14289033457249,75.40659851301115,149.1198272705078
lqr,roll1,61,915,46.10299453735352,111.9119110107422,674.711181640625,16.67925185873606,73.36198884758365,148.5929718017578
lqr,roll1,62,930,46.37984619140625,116.77454376220705,675.7586059570312,16.284270446096656,77.39312267657994,157.52647399902344
lqr,roll1,63,945,46.013762664794925,113.70407104492188,675.7671508789062,16.47885687732342,72.69981412639405,145.51051330566406
lqr,roll1,64,960,46.9769889831543,118.90872955322266,676.3849487304688,17.350139405204462,72.65334572490706,146.910400390625
lqr,roll1,65,975,47.63354339599609,120.3717041015625,677.0092163085938,16.98710501858736,72.60687732342006,151.08212280273438
lqr,roll1,66,990,45.67551040649414,111.39765167236328,674.7421264648438,15.139986059479554,76.74256505576209,157.84963989257812
lqr,roll1,67,1005,45.42106628417969,113.91036224365234,675.8313598632812,15.64532992565056,73.47815985130111,149.54673767089844
lqr,roll1,68,1020,46.01483306884766,112.06613159179688,674.701171875,15.729553903345725,75.09293680297398,154.05398559570312
lqr,roll1,69,1035,45.68095626831055,110.90420532226562,674.7786865234375,15.47978624535316,71.93308550185874,148.95947265625
lqr,roll1,70,1050,44.87445220947266,108.03385162353516,675.1854248046875,14.573652416356875,76.09200743494424,152.9667510986328
lqr,roll1,71,1065,46.27897338867187,113.614501953125,675.2466430664062,17.53310873605948,69.08689591078067,138.3336639404297
lqr,roll1,72,1080,45.44938125610352,108.3704071044922,673.9859008789062,16.353973048327138,75.4414498141264,152.12228393554688
lqr,roll1,73,1095,45.83663787841797,110.14813232421876,674.6596069335938,15.459456319702603,74.65148698884758,151.73178100585938
lqr,roll1,74,1110,47.09395141601563,120.06735229492188,676.572265625,17.53020446096654,77.2653345724907,159.08192443847656
lqr,roll1,75,1125,45.49653854370117,110.13831329345705,675.294189453125,15.22421003717472,72.78113382899627,146.9656982421875
lqr,roll1,76,1140,46.564246368408206,111.53820037841795,674.8572387695312,17.09746747211896,74.74442379182156,153.10447692871094
lqr,roll1,77,1155,46.87225112915039,112.40740966796876,675.326904296875,15.558201672862454,71.2592936802974,150.24383544921875
lqr,roll1,78,1170,46.14724426269531,114.87297058105467,674.9108276367188,16.223280669144984,72.7114312267658,150.463623046875
lqr,roll1,79,1185,46.33575973510742,113.1677474975586,675.5531616210938,15.892193308550189,71.86338289962825,143.6767120361328
lqr,roll1,80,1200,46.16565704345703,108.45426940917967,674.1192626953125,16.110013940520446,71.50325278810409,154.1407928466797
lqr,roll1,81,1215,46.89652633666992,113.25299072265624,675.375244140625,15.764405204460964,72.20027881040892,149.05307006835938
lqr,roll1,82,1230,45.63987426757812,111.85916137695312,675.0935668945312,15.282295539033456,74.26812267657994,152.21815490722656
lqr,roll1,83,1245,46.34657516479492,112.37537384033205,675.6402587890625,16.47885687732342,71.4335501858736,144.16854858398438
lqr,roll1,84,1260,45.90508041381836,112.8980941772461,675.2374267578125,14.631737918215611,74.57016728624535,156.9317626953125
lqr,roll1,85,1275,46.683631896972656,117.1351547241211,675.9866333007812,15.935757434944236,71.34061338289963,147.13746643066406
lqr,roll1,86,1290,46.83029174804688,112.99150848388672,675.4808349609375,15.497211895910782,75.98745353159852,159.96426391601562
lqr,roll1,87,1305,45.61845169067383,108.25001525878906,673.871826171875,15.375232342007436,71.50325278810409,146.70509338378906
lqr,roll1,88,1320,46.54751892089844,108.60517120361328,673.9841918945312,15.900906133828997,73.29228624535315,155.43814086914062
lqr,roll1,89,1335,45.93577270507812,112.97884368896484,676.2235717773438,15.038336431226766,73.1528810408922,149.52757263183594
lqr,roll1,90,1350,46.71057205200195,118.07234954833984,676.7471923828125,16.644400557620816,75.24395910780669,157.76307678222656
lqr,roll1,91,1365,46.31327514648437,112.02442932128906,675.4286499023438,15.48849907063197,71.79368029739777,145.41180419921875
lqr,roll1,92,1380,47.30991744995117,121.7781753540039,676.7622680664062,15.993842936802974,78.10176579925651,163.09576416015625
lqr,roll1,93,1395,46.5693115234375,115.71219635009766,676.9135131835938,15.76150092936803,76.057156133829,152.761474609375
lqr,roll1,94,1410,46.95286865234375,114.25881958007812,675.3931274414062,16.3510687732342,75.97583643122677,158.99899291992188
lqr,roll1,95,1425,46.68682098388672,118.60020446777344,677.2655029296875,15.985130111524162,72.57202602230484,147.80372619628906
lqr,roll1,96,1440,47.01397399902344,117.20960235595705,676.5768432617188,15.6801812267658,78.62453531598513,162.01492309570312
lqr,roll2,1,15,19.129073905944825,54.09373474121094,214.799560546875,14.513442095588236,74.05790441176471,115.95022583007812
lqr,roll2,2,30,19.79363822937012,55.5390739440918,214.77610778808597,13.57709099264706,77.20588235294117,131.00648498535156
lqr,roll2,3,45,19.554734420776366,53.99959564208984,214.8555145263672,12.55170036764706,79.85983455882352,135.2322998046875
lqr,roll2,4,60,20.486433029174805,58.75120162963867,217.0502471923828,12.913602941176473,77.35523897058823,135.06076049804688
lqr,roll2,5,75,20.190714836120605,56.05465698242188,214.94503784179688,12.089269301470589,79.23943014705883,135.46266174316406
lqr,roll2,6,90,20.760992813110352,59.25151824951172,216.208984375,13.309972426470589,77.89522058823529,137.6690673828125
lqr,roll2,7,105,20.78641471862793,61.76576232910156,217.99346923828125,14.852366727941178,77.35523897058823,131.63648986816406
lqr,roll2,8,120,20.69842948913574,56.9682731628418,215.1822204589844,13.456456801470589,81.00873161764706,144.8719482421875
lqr,roll2,9,135,20.520830345153808,58.09198760986328,215.86024475097656,12.528722426470589,77.5390625,136.29153442382812
lqr,roll2,10,150,20.71537036895752,59.95964813232422,216.29080200195312,12.344898897058822,81.72104779411765,146.9820098876953
lqr,roll2,11,165,20.58484210968017,59.14540863037109,217.00607299804688,11.511948529411764,77.41268382352942,134.23670959472656
lqr,roll2,12,180,20.57926998138428,57.43310928344727,216.1133270263672,11.287913602941178,78.89476102941177,137.9232177734375
lqr,roll2,13,195,20.680124855041505,60.657501220703125,217.5762481689453,13.904526654411764,76.91865808823529,135.81585693359375
lqr,roll2,14,210,21.08855953216553,64.39720916748047,218.24742126464844,14.619715073529411,78.18244485294117,137.05667114257812
lqr,roll2,15,225,20.401948547363283,55.10368728637695,215.13424682617188,11.91693474264706,77.28630514705883,137.9335174560547
lqr,roll2,16,240,20.823341369628903,59.91253280639648,217.0153045654297,14.576631433823527,79.83685661764706,143.99374389648438
lqr,roll2,17,255,20.793246269226078,61.720001220703125,217.9836883544922,15.403837316176473,75.49402573529412,132.85501098632812
lqr,roll2,18,270,20.40513858795166,59.63092803955078,216.55088806152344,10.905905330882351,79.79090073529412,142.3123321533203
lqr,roll2,19,285,20.8815544128418,62.57438278198242,218.91140747070312,12.548828125,76.45909926470588,134.30653381347656
lqr,roll2,20,300,20.61914157867432,59.595584869384766,217.3612060546875,11.761833639705882,79.99770220588235,144.1939697265625
lqr,roll2,21,315,21.1513879776001,60.85388946533203,217.51547241210935,13.735064338235295,79.26240808823529,140.70208740234375
lqr,roll2,22,330,20.207164001464843,55.82342147827149,215.4219970703125,12.143841911764708,77.97564338235294,137.52474975585938
lqr,roll2,23,345,21.234953308105467,64.26470947265625,220.2857666015625,13.13763786764706,76.05698529411765,137.95187377929688
lqr,roll2,24,360,20.8182279586792,59.77708435058594,216.87234497070312,12.755629595588236,80.31939338235294,145.2852020263672
lqr,roll2,25,375,20.931275177001957,61.86316680908203,217.9129180908203,14.522058823529411,75.05744485294117,131.5580291748047
lqr,roll2,26,390,20.964589500427245,60.61215972900391,216.7209014892578,13.151999080882351,75.01148897058823,130.3763427734375
lqr,roll2,27,405,20.65170364379883,56.711334228515625,215.63107299804688,12.88775275735294,75.25275735294117,133.17315673828125
lqr,roll2,28,420,20.508453369140625,57.86385726928711,216.7851409912109,10.79388786764706,81.59466911764706,149.54263305664062
lqr,roll2,29,435,21.08453140258789,60.61849594116211,217.3278045654297,13.565602022058822,77.86075367647058,137.47084045410156
lqr,roll2,30,450,20.954942321777345,60.71337890625,218.2049560546875,10.377412683823527,84.39797794117648,160.99850463867188
lqr,roll2,31,465,21.118241691589358,62.793304443359375,218.09169006347656,13.068704044117649,79.02113970588235,141.84469604492188
lqr,roll2,32,480,21.458005332946776,64.509033203125,219.64968872070312,12.629250919117649,80.078125,148.07022094726562
lqr,roll2,33,495,21.24802894592285,61.66978454589844,218.0556488037109,13.272633272058822,79.11305147058823,140.49258422851562
lqr,roll2,34,510,20.385052490234376,55.73835372924805,214.932373046875,10.719209558823527,76.87270220588235,136.18833923339844
lqr,roll2,35,525,20.664545249938964,58.15465927124024,216.2363739013672,12.994025735294118,75.18382352941177,130.8292236328125
lqr,roll2,36,540,20.78842487335205,59.68784332275391,216.92868041992188,12.462660845588236,79.73345588235294,143.90777587890625
lqr,roll2,37,555,20.63833103179932,58.07997512817383,216.11642456054688,12.726907169117649,75.50551470588235,131.49002075195312
lqr,roll2,38,570,20.54673175811768,58.923118591308594,216.4347076416016,11.333869485294118,77.80330882352942,139.16635131835938
lqr,roll2,39,585,20.8647705078125,58.64859771728516,216.2992401123047,14.639820772058822,75.90762867647058,133.18411254882812
lqr,roll2,40,600,20.942041015625,60.15888595581055,216.75917053222656,13.13189338235294,76.33272058823529,134.01702880859375
lqr,roll2,41,615,20.719671058654782,58.42498779296875,216.1514129638672,14.441636029411764,74.82766544117648,129.46151733398438
lqr,roll2,42,630,20.87861404418945,60.622779846191406,218.2618103027344,13.8671875,77.20588235294117,136.55857849121094
lqr,roll2,43,645,20.81802978515625,59.19039916992188,216.8302154541016,15.754250919117649,72.92049632352942,125.99952697753906
lqr,roll2,44,660,20.72765979766846,58.210445404052734,216.7977600097656,14.033777573529411,76.96461397058823,136.12908935546875
lqr,roll2,45,675,20.79603805541992,61.166114807128906,217.7214813232422,13.28412224264706,75.31020220588235,129.213134765625
lqr,roll2,46,690,21.061186408996583,59.924800872802734,217.6685485839844,12.586167279411764,73.64430147058823,128.2938995361328
lqr,roll2,47,705,20.916235733032227,60.23994064331055,217.0587921142578,11.845128676470589,76.96461397058823,132.8184814453125
lqr,roll2,48,720,20.860767936706544,57.38101959228516,215.69876098632807,12.620634191176473,76.39016544117648,135.29054260253906
lqr,roll2,49,735,20.361455535888677,57.92277145385742,215.99620056152344,9.185431985294118,81.53722426470588,146.45059204101562
lqr,roll2,50,750,20.808984756469727,56.73786926269531,215.4453125,10.917394301470589,79.83685661764706,144.46627807617188
lqr,roll2,51,765,20.76785316467285,59.78743743896485,217.7626953125,12.390854779411764,77.35523897058823,135.7147216796875
lqr,roll2,52,780,20.861488914489748,58.63108825683594,216.34808349609372,12.264476102941178,78.515625,139.43649291992188
lqr,roll2,53,795,20.948814964294435,60.15860748291016,216.7222442626953,11.72162224264706,78.79136029411765,140.88766479492188
lqr,roll2,54,810,20.751002311706543,58.857513427734375,216.9048767089844,9.711052389705882,83.90395220588235,157.33778381347656
lqr,roll2,55,825,20.62150535583496,59.15225601196289,216.3111572265625,12.471277573529411,77.59650735294117,134.46533203125
lqr,roll2,56,840,20.465910530090333,58.16106033325195,215.9452362060547,11.221852022058822,78.26286764705883,135.8851318359375
lqr,roll2,57,855,20.39331130981445,59.45264434814453,216.5176239013672,11.848000919117649,76.70036764705883,132.27879333496094
lqr,roll2,58,870,20.56461372375488,58.78633880615234,216.87242126464844,11.96001838235294,79.31985294117648,139.05238342285156
lqr,roll2,59,885,20.780681800842284,59.41764831542969,216.1107177734375,14.441636029411764,73.92003676470588,124.58079528808594
lqr,roll2,60,900,20.34935245513916,57.51342391967773,216.03846740722656,9.739774816176473,82.45634191176471,146.0084991455078
lqr,roll2,61,915,20.41386566162109,57.12767791748047,215.05984497070312,12.408088235294118,77.17141544117648,133.9869384765625
lqr,roll2,62,930,20.93906593322754,61.3183822631836,217.3150787353516,11.971507352941178,79.03262867647058,136.59478759765625
lqr,roll2,63,945,20.670283126831052,59.49342346191406,217.0535125732422,11.891084558823527,79.51516544117648,137.3555145263672
lqr,roll2,64,960,21.429610633850096,62.23134613037109,217.5731964111328,13.835592830882351,77.80330882352942,131.74729919433594
lqr,roll2,65,975,21.301827239990235,61.72049331665039,217.182861328125,13.556985294117649,77.45863970588235,132.85716247558594
lqr,roll2,66,990,20.866344451904297,58.12449645996094,215.79563903808597,12.069163602941178,77.45863970588235,135.03138732910156
lqr,roll2,67,1005,20.491415596008306,59.27853012084961,216.78013610839844,13.114659926470589,75.49402573529412,126.13890075683594
lqr,roll2,68,1020,20.747656059265136,58.06905364990234,216.19607543945312,11.210363051470589,79.11305147058823,138.64669799804688
lqr,roll2,69,1035,20.28130474090576,57.00823974609375,216.0645751953125,12.511488970588236,78.25137867647058,134.41908264160156
lqr,roll2,70,1050,20.410204124450683,56.5398063659668,215.4678192138672,9.831686580882351,79.74494485294117,138.905517578125
lqr,roll2,71,1065,20.714053535461424,60.163970947265625,217.53961181640625,12.092141544117649,79.19347426470588,134.90475463867188
lqr,roll2,72,1080,20.569604873657227,57.05294799804688,215.68267822265625,11.322380514705882,79.54963235294117,137.7165069580078
lqr,roll2,73,1095,20.522354698181157,57.30332946777344,216.06625366210935,11.437270220588236,77.87224264705883,133.11427307128906
lqr,roll2,74,1110,21.193168258666997,61.79752731323242,217.97784423828125,13.52826286764706,78.74540441176471,136.8465576171875
lqr,roll2,75,1125,20.282868957519533,56.30440902709961,215.31040954589844,10.49517463235294,78.14797794117648,132.2403564453125
lqr,roll2,76,1140,21.024645614624024,58.46762847900391,216.6525115966797,12.264476102941178,80.02068014705883,138.9495849609375
lqr,roll2,77,1155,20.861752700805663,58.185848236083984,216.39498901367188,13.76953125,72.43795955882352,122.9308624267578
lqr,roll2,78,1170,21.038187789916996,60.69709396362305,217.80650329589844,12.140969669117649,78.80284926470588,139.6798095703125
lqr,roll2,79,1185,20.826972579956056,57.84791564941406,215.6200714111328,12.189797794117649,76.20634191176471,129.7946319580078
lqr,roll2,80,1200,20.63912868499756,55.66259002685547,215.17605590820312,12.163947610294118,76.19485294117648,133.2943115234375
lqr,roll2,81,1215,20.97221088409424,59.28024291992188,217.054931640625,11.738855698529411,78.79136029411765,137.1230926513672
lqr,roll2,82,1230,20.67976951599121,59.47918319702149,217.0527801513672,10.423368566176473,80.05514705882352,141.1907501220703
lqr,roll2,83,1245,20.970672607421875,59.93621444702149,217.00872802734372,12.94232536764706,79.60707720588235,138.44520568847656
lqr,roll2,84,1260,20.698930740356445,59.638465881347656,217.0898284912109,10.340073529411764,80.37683823529412,142.4232635498047
lqr,roll2,85,1275,21.1041316986084,61.15813827514648,217.5485992431641,12.109375,76.28676470588235,133.64686584472656
lqr,roll2,86,1290,21.256098747253414,60.48428726196289,217.4679718017578,12.077780330882351,78.27435661764706,138.1718292236328
lqr,roll2,87,1305,20.5109037399292,55.66960906982422,214.9277801513672,12.35638786764706,75.93060661764706,129.74949645996094
lqr,roll2,88,1320,20.7842960357666,57.52645111083984,216.3409881591797,10.423368566176473,81.98529411764706,149.4842071533203
lqr,roll2,89,1335,20.650908279418942,58.65645599365234,216.27345275878903,11.96001838235294,73.90854779411765,128.08697509765625
lqr,roll2,90,1350,21.12176380157471,61.57097244262695,217.63699340820312,13.220932904411764,79.60707720588235,143.53147888183594
lqr,roll2,91,1365,20.74132194519043,58.51045608520508,216.26516723632807,10.288373161764708,78.05606617647058,139.3568878173828
lqr,roll2,92,1380,21.662410926818847,64.07978057861328,219.4171905517578,13.108915441176473,77.78033088235294,137.6626739501953
lqr,roll2,93,1395,21.010547065734865,60.26173400878906,218.09622192382807,12.20703125,76.45909926470588,134.2528533935547
lqr,roll2,94,1410,21.257821464538573,60.55025100708008,217.8073883056641,11.092601102941178,80.90533088235294,149.53514099121094
lqr,roll2,95,1425,21.161595726013186,62.018367767333984,219.00765991210935,11.606732536764708,78.53860294117648,143.08372497558594
lqr,roll2,96,1440,21.603466606140135,62.23521423339844,217.69711303710935,12.620634191176473,77.09099264705883,138.38331604003906
lqr,roll3,1,15,15.634894943237304,41.86018753051758,64.29842376708984,2.917672760722088,85.92618144187651,162.03402709960938
lqr,roll3,2,30,16.15360622406006,43.31099319458008,66.84074401855469,2.5870989996550535,85.86869035299529,170.0933074951172
lqr,roll3,3,45,16.82169361114502,46.185001373291016,68.78754425048828,2.564102564102564,86.27112797516385,171.09640502929688
lqr,roll3,4,60,17.082018089294433,46.64280319213867,69.60791778564453,2.733701276302173,85.19029550419684,171.11627197265625
lqr,roll3,5,75,17.578241539001464,49.24943542480469,71.18546295166016,2.411751178567322,86.77704955731862,179.4596710205078
lqr,roll3,6,90,17.456745910644532,48.18257522583008,70.5948257446289,2.23352880303553,86.6965620328849,180.4248046875
lqr,roll3,7,105,17.874881935119628,51.00713348388672,73.25138854980469,2.483615039668851,87.60492123720823,181.66697692871094
lqr,roll3,8,120,17.68096008300781,48.503662109375,70.56429290771484,2.759572266298724,87.04150856617224,184.9017333984375
lqr,roll3,9,135,18.019421768188476,51.054378509521484,72.71817779541016,2.6043463263194204,86.6965620328849,178.130615234375
lqr,roll3,10,150,17.894015312194824,49.94092559814453,71.9336929321289,2.4433712774519947,87.35196044613085,185.0059051513672
lqr,roll3,11,165,18.233435249328615,52.31602478027344,74.13300323486328,2.109922961940899,87.81188915718063,183.64019775390625
lqr,roll3,12,180,18.012437629699708,50.59765625,72.43167877197266,1.9202023686328618,87.82338737495688,185.9858856201172
lqr,roll3,13,195,18.44969062805176,53.440555572509766,75.04007720947266,2.5612280096585027,87.17948717948718,180.9145965576172
lqr,roll3,14,210,18.270366287231447,52.47713088989258,74.43761444091797,2.762446820742785,87.68540876164195,184.8931884765625
lqr,roll3,15,225,18.607720565795898,53.53190612792969,74.79879760742188,2.0466827641715533,85.85719213521904,178.61643981933594
lqr,roll3,16,240,18.58216667175293,53.198150634765625,75.16606903076172,3.0096585029320453,85.48924916637921,180.62281799316406
lqr,roll3,17,255,18.960583877563476,55.623111724853516,77.5220718383789,2.6704610785328273,86.4895941129125,183.21739196777344
lqr,roll3,18,270,18.608623886108397,53.377891540527344,75.33953857421875,1.8684603886397608,87.12199609060596,187.88485717773438
lqr,roll3,19,285,18.94548816680908,55.75339126586914,77.21234130859375,2.4663677130044843,86.38611015292629,179.74295043945312
lqr,roll3,20,300,18.728966331481935,54.042701721191406,76.09033203125,2.1731631597102448,86.60457629067496,185.30197143554688
lqr,roll3,21,315,19.062606048583984,55.719181060791016,77.48255157470703,2.845808899620559,85.44325629527422,180.0209197998047
lqr,roll3,22,330,18.717625236511232,54.14311981201172,76.16594696044922,1.4947683109118086,87.50143727722202,186.17811584472656
lqr,roll3,23,345,19.130429077148438,57.079811096191406,79.05789947509766,2.227779694147407,85.86869035299529,180.0112762451172
lqr,roll3,24,360,18.828741455078124,55.078433990478516,77.30593872070312,2.1731631597102448,85.99517074853398,179.19198608398438
lqr,roll3,25,375,19.21718273162842,57.278114318847656,79.32518005371094,2.5382315741060135,85.67322065079914,179.55792236328125
lqr,roll3,26,390,19.02395362854004,55.74992370605469,78.27831268310547,1.76785098309762,87.60492123720823,187.0400390625
lqr,roll3,27,405,19.392291641235353,57.7175178527832,79.66902160644531,2.3341382085776705,85.12130619753938,178.53330993652344
lqr,roll3,28,420,19.034956550598146,55.74443435668945,77.8050765991211,2.1645394963780613,84.91433827756698,177.32583618164062
lqr,roll3,29,435,19.4405216217041,58.44175338745117,80.41783905029297,2.7653213751868457,85.77670461078533,178.88265991210938
lqr,roll3,30,450,19.122772216796875,56.339385986328125,78.73908233642578,2.4721168218926066,86.11015292629642,180.51490783691406
lqr,roll3,31,465,19.525907135009767,59.20592498779297,81.287109375,3.3431068184431414,83.82200758882374,173.18096923828125
lqr,roll3,32,480,19.197282981872558,56.727813720703125,78.78931427001953,2.4519949407841786,86.27112797516385,182.2782745361328
lqr,roll3,33,495,19.489634895324706,58.65398025512695,79.98238372802734,2.4778659307807294,85.00632401977694,175.1206512451172
lqr,roll3,34,510,19.207694244384765,56.08982467651367,77.59249114990234,1.9633206852937795,85.949177877429,181.49395751953125
lqr,roll3,35,525,19.62705841064453,59.30276107788086,80.50592803955078,2.6445900885362765,83.6840289755088,172.8386688232422
lqr,roll3,36,540,19.36892738342285,57.460365295410156,79.07144165039062,2.6129699896516043,85.50074738415545,178.07125854492188
lqr,roll3,37,555,19.77395877838135,59.64809799194336,80.77459716796875,2.1444176152696333,84.2244452109923,172.07908630371094
lqr,roll3,38,570,19.435940742492676,57.74462127685547,79.07568359375,1.9633206852937795,86.70806025066115,182.3957061767578
lqr,roll3,39,585,19.83462028503418,59.990577697753906,81.10568237304688,2.595722662987237,85.48924916637921,176.60928344726562
lqr,roll3,40,600,19.47759418487549,57.86362075805664,79.34880065917969,2.040933655283431,87.45544440611705,185.5042724609375
lqr,roll3,41,615,19.835838317871094,59.61139678955078,80.74166870117188,2.35713464413016,84.05197194434862,174.17330932617188
lqr,roll3,42,630,19.733541107177736,59.028751373291016,80.63636779785156,2.5209842474416466,85.48924916637921,178.5115509033203
lqr,roll3,43,645,19.93865509033203,60.16904830932617,81.39166259765625,2.865930780728987,82.6031965045418,167.70335388183594
lqr,roll3,44,660,19.56326332092285,58.05012893676758,79.41411590576172,2.3801310796826494,85.45475451305047,176.6683349609375
lqr,roll3,45,675,19.775343704223634,59.61415481567383,80.8782958984375,2.322639990801426,84.29343451764977,172.00914001464844
lqr,roll3,46,690,19.628115272521974,58.379878997802734,80.4684829711914,1.9690697941819018,86.81154421064736,182.02713012695312
lqr,roll3,47,705,19.724875450134277,59.459877014160156,80.52366638183594,2.3111417730251813,84.10946303322984,169.41033935546875
lqr,roll3,48,720,19.448011207580567,57.28049087524414,78.69206237792969,2.1789122685983675,86.88053351730481,181.67465209960938
lqr,roll3,49,735,19.641126251220705,58.71617126464844,79.78321075439453,1.7736000919857422,86.21363688628263,176.63832092285156
lqr,roll3,50,750,19.407952308654785,57.27328872680664,78.73870086669922,1.5292629642405429,88.09934460158675,185.94126892089844
lqr,roll3,51,765,19.755240058898927,58.78834533691406,80.0904541015625,2.679084741865011,84.6613774864896,173.76902770996094
lqr,roll3,52,780,19.485457611083984,57.73097229003906,79.21927642822266,2.7193285040818673,85.04081867310566,175.8933563232422
lqr,roll3,53,795,19.78186912536621,59.06463623046875,79.96795654296875,2.6100954352075427,83.84500402437622,170.06448364257812
lqr,roll3,54,810,19.464405632019044,57.90538024902344,79.10454559326172,2.423249396343567,85.4087616419455,176.45932006835938
lqr,roll3,55,825,19.768817520141603,58.23645782470703,79.17011260986328,2.3513855352420374,84.02897550879614,171.63885498046875
lqr,roll3,56,840,19.470869255065917,58.10529708862305,79.35838317871094,2.1271702886052664,86.07565827296769,178.5114288330078
lqr,roll3,57,855,19.85415687561035,58.80519104003906,79.78334045410156,2.293894446360814,82.22375531792572,165.8978271484375
lqr,roll3,58,870,19.484115219116212,57.869441986083984,79.1280746459961,2.641715534092216,84.76486144647579,174.4550323486328
lqr,roll3,59,885,19.762953186035155,58.487762451171875,79.26336669921875,2.460618604116362,82.00528918017707,163.32289123535156
lqr,roll3,60,900,19.332977294921875,57.25282669067383,78.36644744873047,2.121421179717144,85.35127055306427,174.27359008789062
lqr,roll3,61,915,19.69587821960449,57.86349868774414,78.56134796142578,2.388754743014833,82.51121076233184,165.36669921875
lqr,roll3,62,930,19.403435897827148,57.83964538574219,79.08317565917969,2.360009198574221,85.33977233528803,173.31700134277344
lqr,roll3,63,945,19.844381523132324,59.0455436706543,79.78939819335938,2.497987811889157,80.63700126480396,159.25942993164062
lqr,roll3,64,960,19.50897274017334,57.8560791015625,79.0575942993164,2.121421179717144,86.77704955731862,178.75743103027344
lqr,roll3,65,975,19.81740379333496,59.011234283447266,79.87165069580078,2.6100954352075427,82.74117511785674,165.6079864501953
lqr,roll3,66,990,19.46485118865967,57.11415481567383,78.1113052368164,2.6215936529837873,83.28159135334023,170.43031311035156
lqr,roll3,67,1005,19.917485618591307,59.19095993041992,80.0160903930664,2.5181096929975855,82.9136483845004,168.95262145996094
lqr,roll3,68,1020,19.46648578643799,57.19303512573242,78.46709442138672,2.325514545245487,83.69552719328503,169.75904846191406
lqr,roll3,69,1035,19.84463748931885,58.297996520996094,79.64745330810547,2.489364148556974,81.13142462918248,162.6490020751953
lqr,roll3,70,1050,19.419855690002443,57.510215759277344,78.69115447998047,1.9029550419684949,83.59204323329884,168.83819580078125
lqr,roll3,71,1065,19.79856433868408,59.03264236450195,80.44910430908203,2.279521674140508,82.56870185121306,165.63987731933594
lqr,roll3,72,1080,19.39562530517578,57.127403259277344,78.29045867919922,2.2220305852592848,85.08681154421065,174.8954620361328
lqr,roll3,73,1095,19.639921760559083,57.86361312866211,79.01416015625,2.4060020696791997,81.91330343796712,164.39974975585938
lqr,roll3,74,1110,19.450956535339355,57.73439025878906,79.3391342163086,3.0067839484879846,83.86800045992871,170.88743591308594
lqr,roll3,75,1125,19.61262435913086,57.09978485107422,78.20063781738281,2.3513855352420374,82.1662642290445,165.1649627685547
lqr,roll3,76,1140,19.298093414306642,56.325897216796875,77.77324676513672,2.713579395193745,83.4770610555364,170.60655212402344
lqr,roll3,77,1155,19.639500617980957,57.69211196899414,78.90608215332031,2.4749913763366678,81.77532482465217,164.470458984375
lqr,roll3,78,1170,19.289288902282713,57.12164306640625,78.80570983886719,2.394503851902955,85.24778659307806,176.64369201660156
lqr,roll3,79,1185,19.64666175842285,57.63102722167969,78.41631317138672,2.43187305967575,82.70668046452799,166.77378845214844
lqr,roll3,80,1200,19.098263359069826,55.70466613769531,76.90489959716797,2.1789122685983675,84.37392204208348,172.02008056640625
lqr,roll3,81,1215,19.622516059875487,57.92311096191406,78.89681243896484,2.6445900885362765,81.80981947798091,164.47091674804688
lqr,roll3,82,1230,19.07080497741699,56.37115478515625,77.60730743408203,2.1271702886052664,84.2014487754398,172.26205444335938
lqr,roll3,83,1245,19.727069282531737,58.06128692626953,78.8602066040039,2.796941474071519,81.86731056686214,165.26156616210938
lqr,roll3,84,1260,19.131698608398438,56.0825080871582,77.72528076171875,2.4404967230079335,82.6836840289755,167.7351837158203
lqr,roll3,85,1275,19.796150588989256,58.37818908691406,79.3203125,2.6302173163159708,81.13142462918248,163.7254638671875
lqr,roll3,86,1290,19.200789833068846,56.29603576660156,77.91002655029297,2.2536506841439574,84.01747729101989,172.71337890625
lqr,roll3,87,1305,19.619931793212892,57.35697555541992,78.36012268066406,2.009313556398758,82.23525353570197,165.7840118408203
lqr,roll3,88,1320,19.106555557250978,55.86582565307617,77.27196502685547,2.1185466252730825,84.44291134874095,172.80770874023438
lqr,roll3,89,1335,19.571779632568358,57.95968246459961,78.84732055664062,1.8080947453144762,82.74117511785674,166.345703125
lqr,roll3,90,1350,19.092329025268555,56.300148010253906,77.80980682373047,2.2220305852592848,85.88018857077154,177.3067169189453
lqr,roll3,91,1365,19.39467010498047,56.589542388916016,77.5213851928711,2.0150626652868806,82.00528918017707,164.61387634277344
lqr,roll3,92,1380,19.110977554321288,56.06972885131836,77.98271179199219,2.2450270208117744,85.58123490858917,177.2629852294922
lqr,roll3,93,1395,19.492712593078615,57.564510345458984,79.42205047607422,2.57847533632287,83.06312521559158,168.8627471923828
lqr,roll3,94,1410,19.016554260253905,55.06853485107422,76.95220184326172,2.2134069219271013,85.04081867310566,176.9001922607422
lqr,roll3,95,1425,19.30514144897461,56.73713684082031,78.62118530273438,2.6503391974243993,82.59169828676555,166.9256134033203
lqr,roll3,96,1440,19.023950004577635,55.034019470214844,77.02500915527344,2.138668506381511,85.05231689088191,176.50999450683594
