tag,seed,h,minutes_ahead,AQL,MAE,RMSE,AQCR,coverage80,AIW
gru_no_known,42,1,15,24.914836120605468,61.48940658569336,385.54296875,0.0,83.1027073485174,162.64993286132812
gru_no_known,42,2,30,25.17193031311035,62.60403823852539,386.5953063964844,0.0,82.56983240223464,159.846923828125
gru_no_known,42,3,45,25.86575393676758,64.94940185546875,387.3709411621094,0.0,80.61309268013179,159.01255798339844
gru_no_known,42,4,60,25.919822692871094,65.61502075195312,388.07867431640625,0.0,81.41527001862198,157.59910583496094
gru_no_known,42,5,75,26.58110122680664,68.07394409179688,388.6478271484375,0.0,79.1806331471136,156.56483459472656
gru_no_known,42,6,90,26.48672752380371,67.4225082397461,388.6974182128906,0.0,80.04010886692451,156.61985778808594
gru_no_known,42,7,105,26.945588302612304,69.30506896972656,389.2412414550781,0.0,78.29537315570835,154.8494415283203
gru_no_known,42,8,120,26.768696975708007,68.37787628173828,389.0605163574219,0.0,79.58458673542472,156.4289093017578
gru_no_known,42,9,135,27.388137817382812,70.79682159423828,389.5071716308594,0.0,77.15513536742587,153.75167846679688
gru_no_known,42,10,150,27.041424179077147,69.2457275390625,389.0605773925781,0.0,78.98868356968916,156.0843505859375
gru_no_known,42,11,165,27.688123321533205,71.68097686767578,389.59527587890625,0.0,76.07506087953016,153.1049346923828
gru_no_known,42,12,180,27.294875717163087,70.1342544555664,389.14215087890625,0.0,78.38705056582151,155.63206481933594
gru_no_known,42,13,195,28.01888313293457,72.69522094726562,389.7380676269531,0.0,75.18693596905888,152.7139129638672
gru_no_known,42,14,210,27.534101486206055,70.98390197753906,389.2594909667969,0.0,77.59633290359548,155.11549377441406
gru_no_known,42,15,225,28.204089736938478,73.30779266357422,389.8775329589844,0.0,74.5194098266724,152.82461547851562
gru_no_known,42,16,240,27.749764251708985,71.65892791748047,389.4438171386719,0.0,76.96605070906747,154.80613708496094
gru_no_known,42,17,255,28.333074188232423,73.72120666503906,389.94940185546875,0.0,74.23578283913479,153.6966552734375
gru_no_known,42,18,270,27.897498321533202,72.21605682373047,389.5633544921875,0.0,76.49047414410542,154.8590850830078
gru_no_known,42,19,285,28.3983211517334,74.0349349975586,390.07958984375,0.0,74.252972353531,154.9794158935547
gru_no_known,42,20,300,28.044079208374022,72.65425109863281,389.6849670410156,0.0,75.93181492622834,155.06150817871094
gru_no_known,42,21,315,28.41635513305664,74.08845520019531,390.0437927246094,0.0,74.43632717375735,156.5355987548828
gru_no_known,42,22,330,28.08478698730469,72.93944549560547,389.7121276855469,0.0,76.02635725540753,156.0831298828125
gru_no_known,42,23,345,28.42856788635254,74.14611053466797,390.08050537109375,0.0,74.36183927804039,157.1733856201172
gru_no_known,42,24,360,28.13084182739258,73.07394409179688,389.8325500488281,0.0,75.78283913479444,156.45619201660156
gru_no_known,42,25,375,28.400570678710938,74.0240478515625,389.9844055175781,0.0,74.03810342357828,156.82015991210938
gru_no_known,42,26,390,28.108122634887696,73.15127563476562,389.7689514160156,0.0,76.13522417991692,157.73190307617188
gru_no_known,42,27,405,28.383478546142577,73.9481201171875,389.911376953125,0.0,73.81750465549348,156.19747924804688
gru_no_known,42,28,420,28.104417037963866,73.14945983886719,389.72186279296875,0.0,75.98624838848302,157.83819580078125
gru_no_known,42,29,435,28.342214584350586,73.80915069580078,389.7852478027344,0.0,73.65706918779544,155.6886749267578
gru_no_known,42,30,450,28.075577545166016,73.15550231933594,389.6804504394531,0.0,76.53058301102995,159.7073211669922
gru_no_known,42,31,465,28.337864303588866,73.7938003540039,389.8047790527344,0.0,73.45938977223894,154.49148559570312
gru_no_known,42,32,480,28.079601287841797,73.16629791259766,389.6849365234375,0.0,75.79716373012462,157.66311645507812
gru_no_known,42,33,495,28.339672470092772,73.78936767578125,389.7417297363281,0.0,73.11273456524853,152.51612854003906
gru_no_known,42,34,510,28.083306503295898,73.24473571777344,389.6820068359375,0.0,76.10943990832259,158.72723388671875
gru_no_known,42,35,525,28.33071174621582,73.78246307373047,389.78704833984375,0.0,73.13851883684286,152.28244018554688
gru_no_known,42,36,540,28.107269287109375,73.28284454345703,389.75994873046875,0.0,75.34737143675692,156.66944885253906
gru_no_known,42,37,555,28.37492561340332,73.87789154052734,389.8467102050781,0.0,72.9838132072769,151.47372436523438
gru_no_known,42,38,570,28.114190673828126,73.26509094238281,389.7803955078125,0.0,75.20126056438906,155.75303649902344
gru_no_known,42,39,585,28.33786811828613,73.76384735107422,389.8338623046875,0.0,73.19581721816358,151.72393798828125
gru_no_known,42,40,600,28.128096771240234,73.22814178466797,389.8023681640625,0.0,75.00644606789858,155.11795043945312
gru_no_known,42,41,615,28.344956588745116,73.8022232055664,389.8741455078125,0.0,73.12705916057871,151.32022094726562
gru_no_known,42,42,630,28.134476089477538,73.16621398925781,389.82806396484375,0.0,74.98066179630426,154.9425048828125
gru_no_known,42,43,645,28.301109313964844,73.66268157958984,389.8445739746094,0.0,73.25025068041828,151.0877685546875
gru_no_known,42,44,660,28.112668991088867,73.05097198486328,389.8193359375,0.0,75.0780690445495,154.56631469726562
gru_no_known,42,45,675,28.254877471923827,73.50299835205078,389.8656311035156,0.0,73.54247242515399,151.40347290039062
gru_no_known,42,46,690,28.066085052490234,72.90742492675781,389.78582763671875,0.0,75.30153273170032,154.06361389160156
gru_no_known,42,47,705,28.19422607421875,73.32357025146484,389.8381042480469,0.0,73.93496633720098,151.24813842773438
gru_no_known,42,48,720,28.014820861816407,72.69313049316406,389.7860107421875,0.0,75.75991978226615,154.29808044433594
gru_no_known,42,49,735,28.206422424316408,73.14607238769531,389.8927917480469,0.0,74.10113164303108,151.982177734375
gru_no_known,42,50,750,27.914892578125,72.35409545898438,389.7472839355469,0.0,76.14381893711503,154.156494140625
gru_no_known,42,51,765,28.119636154174806,72.74285125732422,389.86767578125,0.0,74.50222031227618,152.22152709960938
gru_no_known,42,52,780,27.81523323059082,71.9586410522461,389.72216796875,0.0,76.54204268729409,154.6279754638672
gru_no_known,42,53,795,28.104154968261717,72.50650024414062,389.8886413574219,0.0,74.3704340352385,152.9467315673828
gru_no_known,42,54,810,27.700492477416994,71.51831817626953,389.6513366699219,0.0,76.79702048417131,154.5271759033203
gru_no_known,42,55,825,28.024861526489257,72.12401580810547,389.8179626464844,0.0,74.61108723678555,153.37977600097656
gru_no_known,42,56,840,27.57408752441406,70.94452667236328,389.55584716796875,0.0,77.2754619681994,155.39132690429688
gru_no_known,42,57,855,27.881803894042967,71.60437774658203,389.7039794921875,0.0,75.34737143675692,154.43194580078125
gru_no_known,42,58,870,27.38918991088867,70.25445556640625,389.41827392578125,0.0,77.89714940552929,155.88006591796875
gru_no_known,42,59,885,27.683685302734375,70.9789047241211,389.5451965332031,0.0,76.25268586162441,155.44232177734375
gru_no_known,42,60,900,27.2278564453125,69.68633270263672,389.2405700683594,0.0,78.54175619538748,156.78627014160156
gru_no_known,42,61,915,27.434125900268555,70.31356048583984,389.3602600097656,0.0,77.50465549348232,157.24041748046875
gru_no_known,42,62,930,27.017466354370118,69.03631591796875,389.0635681152344,0.0,79.3066895860192,157.3477783203125
gru_no_known,42,63,945,27.22479362487793,69.79539489746094,389.2428283691406,0.0,78.53316143818937,158.6295166015625
gru_no_known,42,64,960,26.844332122802733,68.51790618896484,388.941650390625,0.0,80.07735281478298,158.50392150878906
gru_no_known,42,65,975,27.030688095092774,69.28711700439453,389.0899353027344,0.0,80.1174616817075,161.41983032226562
gru_no_known,42,66,990,26.68689880371094,67.99315643310547,388.8187561035156,0.0,80.82223177195245,159.4075469970703
gru_no_known,42,67,1005,26.983946228027342,69.15208435058594,389.0650329589844,0.0,81.08580432602778,163.50860595703125
gru_no_known,42,68,1020,26.65726318359375,67.84513854980469,388.8121643066406,0.0,81.42099985675405,161.20880126953125
gru_no_known,42,69,1035,26.98164291381836,69.11128234863281,388.9792175292969,0.0,81.95673972210285,166.1578369140625
gru_no_known,42,70,1050,26.59720649719238,67.61705017089844,388.76226806640625,0.0,82.0942558372726,162.61814880371094
gru_no_known,42,71,1065,26.97868423461914,69.11070251464844,389.0113220214844,0.0,82.2919352528291,166.92080688476562
gru_no_known,42,72,1080,26.614048767089844,67.69620513916016,388.806396484375,0.0,82.84486463257413,165.13250732421875
gru_no_known,42,73,1095,26.940992736816405,68.9835205078125,389.0310974121094,0.0,82.42372152986678,167.5651092529297
gru_no_known,42,74,1110,26.57901039123535,67.60838317871094,388.8409729003906,0.0,83.48947142243232,166.84140014648438
gru_no_known,42,75,1125,26.872810745239256,68.84162902832031,389.04022216796875,0.0,82.48961466838561,166.36337280273438
gru_no_known,42,76,1140,26.577670669555665,67.69561004638672,388.88739013671875,0.0,83.8733705772812,168.39285278320312
gru_no_known,42,77,1155,26.78477363586426,68.6368179321289,388.9941711425781,0.0,81.99111875089528,163.70230102539062
gru_no_known,42,78,1170,26.53323860168457,67.66943359375,388.8459167480469,0.0,84.03094112591319,168.23777770996094
gru_no_known,42,79,1185,26.86417007446289,69.0243911743164,389.06011962890625,0.0,80.79358258129207,159.618408203125
gru_no_known,42,80,1200,26.552767181396483,67.89141082763672,388.884765625,0.0,83.75877381463972,167.14474487304688
gru_no_known,42,81,1215,27.71463623046875,71.82293701171875,389.56683349609375,0.0,75.31299240796447,149.9463348388672
gru_no_known,42,82,1230,26.699447250366212,68.6675796508789,388.9767150878906,0.0,81.88511674545194,161.35325622558594
gru_no_known,42,83,1245,27.807020568847655,71.94412994384766,389.51654052734375,0.0,74.18994413407822,149.11766052246094
gru_no_known,42,84,1260,26.70601692199707,68.74795532226562,388.37896728515625,0.0,81.68743732989543,161.76687622070312
gru_no_known,42,85,1275,27.689947891235352,71.46515655517578,388.88873291015625,0.0,73.99799455665378,148.75865173339844
gru_no_known,42,86,1290,27.066932678222656,70.04786682128906,388.62603759765625,0.0,78.71365133934967,154.17848205566406
gru_no_known,42,87,1305,27.517999267578126,70.733154296875,388.7071838378906,0.0,74.1498352671537,148.8382110595703
gru_no_known,42,88,1320,27.08281707763672,70.03401947021484,388.6550598144531,0.0,78.03466552069904,152.65650939941406
gru_no_known,42,89,1335,27.39459991455078,70.28659057617188,388.6131896972656,0.0,74.50508523134222,149.1487579345703
gru_no_known,42,90,1350,26.98918342590332,69.56912231445312,388.4916687011719,0.0,77.7080647471709,151.90777587890625
gru_no_known,42,91,1365,27.128966903686525,69.39580535888672,388.32379150390625,0.0,75.35310127488899,149.3361053466797
gru_no_known,42,92,1380,26.848798751831055,69.02470397949219,388.48443603515625,0.0,78.23520985532159,152.64370727539062
gru_no_known,42,93,1395,27.03756675720215,69.24735260009766,388.4804992675781,0.0,76.3930668958602,150.56570434570312
gru_no_known,42,94,1410,26.83572425842285,68.7790756225586,388.4801330566406,0.0,78.00601633003868,152.54635620117188
gru_no_known,42,95,1425,26.991001892089844,68.95539093017578,388.51129150390625,0.0,76.74545194098266,150.63002014160156
gru_no_known,42,96,1440,26.776203918457032,68.51646423339844,388.6025695800781,0.0,78.74516544907605,153.90264892578125
mrinn_rolling,42,1,15,26.345723342895507,68.71721649169922,390.0484619140625,0.0,81.80817473421975,161.21705627441406
mrinn_rolling,42,2,30,26.33543128967285,68.8515396118164,389.8429870605469,0.0,81.04052605660323,158.38050842285156
mrinn_rolling,42,3,45,26.41404609680176,68.9102554321289,389.8747253417969,0.0,80.23521914197156,156.40328979492188
mrinn_rolling,42,4,60,26.398444366455077,68.88660430908203,389.9216003417969,0.0,82.12971814257988,164.11105346679688
mrinn_rolling,42,5,75,26.512161636352538,69.15094757080078,389.9649963378906,0.0,81.62857391153211,162.04759216308594
mrinn_rolling,42,6,90,26.47488021850586,69.13166809082031,389.9342346191406,0.0,82.41939688885026,165.11622619628906
mrinn_rolling,42,7,105,26.531250762939454,69.2061767578125,390.0937194824219,0.0,81.08977144346919,160.3098907470703
mrinn_rolling,42,8,120,26.49995536804199,69.14881896972656,390.0486145019531,0.0,81.62567712406941,161.83631896972656
mrinn_rolling,42,9,135,26.57008590698242,69.1832046508789,390.03302001953125,0.0,80.74215694794474,159.8779296875
mrinn_rolling,42,10,150,26.523050689697264,69.18342590332031,390.036865234375,0.0,82.31511254019293,165.30484008789062
mrinn_rolling,42,11,165,26.55892868041992,69.18951416015625,390.00421142578125,0.0,79.20106601778627,154.65701293945312
mrinn_rolling,42,12,180,26.471455764770507,69.07562255859375,389.997802734375,0.0,80.91017062078156,159.72848510742188
mrinn_rolling,42,13,195,26.516152572631835,69.05980682373047,389.9348449707031,0.0,79.32562787868254,155.14520263671875
mrinn_rolling,42,14,210,26.48693733215332,69.11984252929688,389.9868469238281,0.0,80.74215694794474,159.3169403076172
mrinn_rolling,42,15,225,26.553836059570312,69.15503692626953,390.00445556640625,0.0,80.96520958257292,160.12100219726562
mrinn_rolling,42,16,240,26.4918643951416,69.15485382080078,389.9793395996094,0.0,80.78560875988529,158.90977478027344
mrinn_rolling,42,17,255,26.58340072631836,69.15731811523438,389.9809875488281,0.0,79.13733669360678,154.27069091796875
mrinn_rolling,42,18,270,26.473046875,69.05326080322266,389.91448974609375,0.0,81.79369079690623,162.6258544921875
mrinn_rolling,42,19,285,26.579100036621092,69.27188873291016,389.98089599609375,0.0,79.83835925958113,156.19569396972656
mrinn_rolling,42,20,300,26.52212142944336,69.22298431396484,390.04168701171875,0.0,82.35566756467078,164.67037963867188
mrinn_rolling,42,21,315,26.56013412475586,69.16885375976562,389.99273681640625,0.0,79.02146519509864,153.51937866210938
mrinn_rolling,42,22,330,26.466926193237306,68.97994995117188,389.9282531738281,0.0,79.93105645838764,156.47486877441406
mrinn_rolling,42,23,345,26.572622299194336,69.15180969238281,390.0002746582031,0.0,79.92236609599954,156.5303192138672
mrinn_rolling,42,24,360,26.47464714050293,69.0879135131836,389.984619140625,0.0,80.65815011152631,158.68817138671875
mrinn_rolling,42,25,375,26.540054702758788,69.16952514648438,390.0216064453125,0.0,79.36038932823499,154.92958068847656
mrinn_rolling,42,26,390,26.49808464050293,69.21784210205078,390.0243835449219,0.0,81.77631007213002,163.11395263671875
mrinn_rolling,42,27,405,26.574910736083986,69.23394012451172,390.0498962402344,0.0,81.4721473885461,162.47804260253906
mrinn_rolling,42,28,420,26.475771713256837,69.12651824951172,390.0028076171875,0.0,81.62567712406941,162.86715698242188
mrinn_rolling,42,29,435,26.492240142822265,69.15054321289062,390.019775390625,0.0,80.49303322615219,158.00331115722656
mrinn_rolling,42,30,450,26.518897247314452,69.21658325195312,390.0478820800781,0.0,80.8696155963037,160.2484893798828
mrinn_rolling,42,31,465,26.53366355895996,69.07743835449219,390.0234069824219,0.0,78.94035514614292,153.9832000732422
mrinn_rolling,42,32,480,26.539208984375,69.40564727783203,390.0460205078125,0.0,80.88409953361722,160.12820434570312
mrinn_rolling,42,33,495,26.55231590270996,69.16915130615234,390.0189208984375,0.0,80.73636337301933,160.03753662109375
mrinn_rolling,42,34,510,26.519464874267577,69.308349609375,390.0208435058594,0.0,80.67842762376524,159.6053009033203
mrinn_rolling,42,35,525,26.532585906982423,69.07788848876953,389.97564697265625,0.0,79.50522870137019,155.36866760253906
mrinn_rolling,42,36,540,26.48831672668457,69.16511535644531,389.9761657714844,0.0,80.59731757480954,159.0478057861328
mrinn_rolling,42,37,555,26.59566879272461,69.33789825439453,390.0099792480469,0.0,79.94264360823846,157.4596405029297
mrinn_rolling,42,38,570,26.535367965698242,69.35121154785156,390.0429382324219,0.0,81.52718635033747,162.8838653564453
mrinn_rolling,42,39,585,26.503789138793945,69.08203125,389.95733642578125,0.0,80.20625126734451,157.09872436523438
mrinn_rolling,42,40,600,26.482284164428712,69.18373107910156,389.991943359375,0.0,81.23461081660439,160.740966796875
mrinn_rolling,42,41,615,26.51830596923828,69.24159240722656,389.99139404296875,0.0,80.44378783928623,157.783203125
mrinn_rolling,42,42,630,26.447317123413086,69.12162017822266,389.90185546875,0.0,80.84644129660207,159.18028259277344
mrinn_rolling,42,43,645,26.508287048339845,69.09528350830078,389.87664794921875,0.0,80.99128066973726,159.68136596679688
mrinn_rolling,42,44,660,26.47880859375,69.19232177734375,389.8852233886719,0.0,81.35627589003795,160.98776245117188
mrinn_rolling,42,45,675,26.522741317749023,69.2238998413086,389.89300537109375,0.0,80.8609252339156,159.21310424804688
mrinn_rolling,42,46,690,26.436339950561525,69.0755844116211,389.8512878417969,0.0,81.22592045421626,160.22169494628906
mrinn_rolling,42,47,705,26.519895553588867,69.21146392822266,389.9020690917969,0.0,79.45888010196693,154.59100341796875
mrinn_rolling,42,48,720,26.42119369506836,68.94347381591797,389.80926513671875,0.0,81.27516584108224,160.21287536621094
mrinn_rolling,42,49,735,26.571177291870118,69.37950134277344,390.50555419921875,0.0,80.5017235885403,157.27822875976562
mrinn_rolling,42,50,750,26.471754455566405,69.14308166503906,390.498291015625,0.0,81.21433330436545,159.66273498535156
mrinn_rolling,42,51,765,26.560934448242186,69.17727661132812,390.5237121582031,0.0,79.08519451927812,152.4403076171875
mrinn_rolling,42,52,780,26.456687927246094,69.02033233642578,390.44281005859375,0.0,81.04052605660323,158.8140869140625
mrinn_rolling,42,53,795,26.51301727294922,69.12207794189453,390.48699951171875,0.0,80.40323281480838,156.9884033203125
mrinn_rolling,42,54,810,26.485871887207033,69.13992309570312,390.5097961425781,0.0,81.11873931809623,159.31700134277344
mrinn_rolling,42,55,825,26.502278137207032,69.14585876464844,390.53009033203125,0.0,80.52200110077924,157.18765258789062
mrinn_rolling,42,56,840,26.496569061279295,69.25694274902344,390.5743408203125,0.0,80.74215694794474,158.5851593017578
mrinn_rolling,42,57,855,26.522064208984375,69.16815185546875,390.5533752441406,0.0,80.27577416644941,156.8631134033203
mrinn_rolling,42,58,870,26.45543327331543,69.06526184082031,390.51922607421875,0.0,81.73575504765216,161.8483428955078
mrinn_rolling,42,59,885,26.484059143066407,69.08634948730469,390.5517883300781,0.0,79.67903594913241,154.61285400390625
mrinn_rolling,42,60,900,26.470255279541014,69.16539764404297,390.5572814941406,0.0,80.34819385301701,156.5585479736328
mrinn_rolling,42,61,915,26.497560882568358,69.08621215820312,390.531982421875,0.0,80.83195735928855,158.8253936767578
mrinn_rolling,42,62,930,26.5009765625,69.2137451171875,390.54156494140625,0.0,81.54746386257641,161.95713806152344
mrinn_rolling,42,63,945,26.518421173095703,69.14041137695312,390.5159606933594,0.0,79.25031140465224,153.25624084472656
mrinn_rolling,42,64,960,26.349941635131835,68.78707885742188,390.4305419921875,0.0,81.45476666376989,160.00318908691406
mrinn_rolling,42,65,975,26.494742584228515,69.16045379638672,390.4809875488281,0.0,79.96002433301469,155.44737243652344
mrinn_rolling,42,66,990,26.369940567016602,68.78099822998047,390.3895568847656,0.0,80.96520958257292,158.70941162109375
mrinn_rolling,42,67,1005,26.41583137512207,68.82962799072266,390.4677429199219,0.0,79.08809130674082,152.52975463867188
mrinn_rolling,42,68,1020,26.393332290649415,68.87921905517578,390.4761657714844,0.0,81.34179195272444,160.7450714111328
mrinn_rolling,42,69,1035,26.394450378417968,68.81480407714844,390.4732360839844,0.0,79.98899220764173,154.7412567138672
mrinn_rolling,42,70,1050,26.457275009155275,69.0846939086914,390.5849914550781,0.0,82.11233741780366,163.21096801757812
mrinn_rolling,42,71,1065,26.547883605957033,69.13358306884766,390.6058654785156,0.0,81.75313577242838,162.5589599609375
mrinn_rolling,42,72,1080,26.41815185546875,68.9851303100586,390.5601501464844,0.0,81.30703050317199,159.50595092773438
mrinn_rolling,42,73,1095,26.45963363647461,68.98162841796875,390.57244873046875,0.0,81.26068190376871,159.76026916503906
mrinn_rolling,42,74,1110,26.473040771484374,69.07527923583984,390.61260986328125,0.0,82.39042901422322,165.09799194335938
mrinn_rolling,42,75,1125,26.434823989868164,68.91036987304688,390.57452392578125,0.0,80.92465455809507,158.4007110595703
mrinn_rolling,42,76,1140,26.441773223876954,69.00563049316406,390.6004333496094,0.0,81.83134903392138,162.42234802246094
mrinn_rolling,42,77,1155,26.47923583984375,69.0245361328125,390.5741882324219,0.0,79.91077894614872,155.0554962158203
mrinn_rolling,42,78,1170,26.497025299072266,69.15872192382812,390.6164855957031,0.0,80.42351032704731,157.63568115234375
mrinn_rolling,42,79,1185,26.467113494873047,68.97901153564453,390.53411865234375,0.0,81.04631963152863,159.16038513183594
mrinn_rolling,42,80,1200,26.48184127807617,69.14264678955078,390.5564270019531,0.0,81.02604211928971,159.22132873535156
mrinn_rolling,42,81,1215,26.487236785888673,68.99192810058594,390.56475830078125,0.0,80.08168940644825,155.68447875976562
mrinn_rolling,42,82,1230,26.46316146850586,68.98045349121094,390.532958984375,0.0,80.96520958257292,159.92457580566406
mrinn_rolling,42,83,1245,26.524162673950194,69.06889343261719,390.5672302246094,0.0,81.44317951391906,161.32559204101562
mrinn_rolling,42,84,1260,26.378627395629884,68.8315658569336,389.876220703125,0.0,81.08397786854378,158.8689727783203
mrinn_rolling,42,85,1275,26.428636932373045,68.86117553710938,389.9024353027344,0.0,79.93105645838764,155.18576049804688
mrinn_rolling,42,86,1290,26.39544563293457,68.7907485961914,389.8656921386719,0.0,80.35978100286782,156.973876953125
mrinn_rolling,42,87,1305,26.473267364501954,69.07040405273438,389.94427490234375,0.0,81.12742968048434,159.46746826171875
mrinn_rolling,42,88,1320,26.453414916992188,69.12835693359375,389.9440612792969,0.0,80.99417745719997,159.47015380859375
mrinn_rolling,42,89,1335,26.434100341796874,68.86459350585938,389.9349365234375,0.0,80.5075171634657,157.36952209472656
mrinn_rolling,42,90,1350,26.43511619567871,69.00919342041016,389.97857666015625,0.0,81.09266823093189,160.20590209960938
mrinn_rolling,42,91,1365,26.454330444335938,69.01495361328125,390.0246887207031,0.0,80.7189826482431,158.170654296875
mrinn_rolling,42,92,1380,26.409268188476563,68.87222290039062,389.966064453125,0.0,81.9964659192955,162.98147583007812
mrinn_rolling,42,93,1395,26.47995376586914,69.06473541259766,390.0128173828125,0.0,80.44958141421164,157.95188903808594
mrinn_rolling,42,94,1410,26.404284286499024,68.8651123046875,389.97894287109375,0.0,80.90437704585615,159.21524047851562
mrinn_rolling,42,95,1425,26.460340118408205,68.97684478759766,390.0226745605469,0.0,79.62979056226645,155.24655151367188
mrinn_rolling,42,96,1440,26.48577537536621,69.186767578125,390.08343505859375,0.0,80.73056979809391,159.7496337890625
lstm_static,42,1,15,29.430517578125,73.150634765625,389.88519287109375,0.0,70.3538175046555,160.90771484375
lstm_static,42,2,30,28.500806045532226,70.78356170654297,388.9024963378906,0.0,74.33605500644606,170.2440643310547
lstm_static,42,3,45,28.574343872070312,71.1369400024414,388.96124267578125,0.0,75.07520412548345,170.86444091796875
lstm_static,42,4,60,28.521717834472657,70.11962890625,388.7090759277344,0.0,71.72897865635296,159.72801208496094
lstm_static,42,5,75,29.77134017944336,73.43201446533203,389.4952087402344,0.0,69.9842429451368,167.0087127685547
lstm_static,42,6,90,28.484788131713866,70.75006103515625,388.76220703125,0.0,76.15527861337917,177.88429260253906
lstm_static,42,7,105,28.10110397338867,70.00392150878906,388.6387939453125,0.0,76.86577854175619,174.7461395263672
lstm_static,42,8,120,28.276721954345703,70.12239074707031,388.7043762207031,0.0,76.19825239936972,174.2537078857422
lstm_static,42,9,135,28.91798095703125,72.04784393310547,389.4307861328125,0.0,71.62584156997565,163.37420654296875
lstm_static,42,10,150,28.83788070678711,71.05709838867188,388.899658203125,0.0,74.08394212863486,174.39234924316406
lstm_static,42,11,165,29.868999481201172,73.59183502197266,389.7413330078125,0.0,69.8352671537029,165.4158935546875
lstm_static,42,12,180,29.501018142700197,72.99266052246094,389.4568176269531,0.0,73.31614381893712,173.60067749023438
lstm_static,42,13,195,29.38639259338379,72.4950180053711,389.3323669433594,0.0,74.26443202979516,177.15432739257812
lstm_static,42,14,210,28.934084701538087,71.92813873291016,389.2148132324219,0.0,73.46225469130498,170.64752197265625
lstm_static,42,15,225,28.581142044067384,71.35072326660156,389.1497802734375,0.0,72.39650479873944,162.1944580078125
lstm_static,42,16,240,28.940271377563477,72.2899398803711,389.3161315917969,0.0,71.11302105715514,159.9117889404297
lstm_static,42,17,255,28.837434005737304,71.54424285888672,389.0096130371094,0.0,75.74273026786993,179.53952026367188
lstm_static,42,18,270,28.517214584350587,71.45417022705078,388.9796142578125,0.0,73.65993410686148,166.75538635253906
lstm_static,42,19,285,28.445161056518554,70.8233871459961,388.6921691894531,0.0,74.84028076206847,170.92251586914062
lstm_static,42,20,300,27.7618350982666,68.67774200439453,388.26934814453125,0.0,79.53301819223607,182.4479522705078
lstm_static,42,21,315,29.566348266601562,74.4146957397461,389.944091796875,0.0,72.19023062598482,166.86529541015625
lstm_static,42,22,330,29.47867622375488,73.17544555664062,389.3732604980469,0.0,68.72081363701476,156.30738830566406
lstm_static,42,23,345,29.730943298339845,74.02165222167969,389.7065734863281,0.0,68.28821085804326,157.1129608154297
lstm_static,42,24,360,28.087847900390624,70.51974487304688,388.686279296875,0.0,75.73986534880389,168.89739990234375
lstm_static,42,25,375,28.924096298217773,72.79388427734375,389.4298095703125,0.0,71.72611373728692,162.72686767578125
lstm_static,42,26,390,28.713025665283205,72.06201934814453,389.0663757324219,0.0,71.38805328749463,160.27731323242188
lstm_static,42,27,405,28.659268951416017,71.71993255615234,388.9507751464844,0.0,72.33920641741871,163.70401000976562
lstm_static,42,28,420,29.269916915893553,73.0944595336914,389.5027770996094,0.0,69.69488611946713,159.2593536376953
lstm_static,42,29,435,28.727756881713866,72.1290512084961,389.1915588378906,0.0,73.35052284772955,167.4480438232422
lstm_static,42,30,450,28.45133399963379,70.86953735351562,388.73773193359375,0.0,75.4648331184644,173.90679931640625
lstm_static,42,31,465,28.236503982543944,70.77027893066406,388.7933349609375,0.0,75.00071622976651,168.47451782226562
lstm_static,42,32,480,29.344727325439454,73.24762725830078,389.5167541503906,0.0,70.02435181206131,162.3159942626953
lstm_static,42,33,495,27.751134872436523,69.51994323730469,388.4732971191406,0.0,78.61624409110442,175.59625244140625
lstm_static,42,34,510,28.45151596069336,71.13008117675781,388.89105224609375,0.0,76.2440911044263,175.9915008544922
lstm_static,42,35,525,28.136400604248045,70.42912292480469,388.6372985839844,0.0,76.56209712075633,173.85879516601562
lstm_static,42,36,540,29.270026016235352,72.87098693847656,389.4772033691406,0.0,71.89227904311704,168.23526000976562
lstm_static,42,37,555,29.186734008789063,72.53556060791016,389.34942626953125,0.0,70.16186792723106,163.305419921875
lstm_static,42,38,570,28.276718139648438,70.1647720336914,388.6838073730469,0.0,76.0234923363415,176.51736450195312
lstm_static,42,39,585,28.411777877807616,71.35059356689453,389.0791931152344,0.0,73.73728692164447,164.06085205078125
lstm_static,42,40,600,27.824801635742187,69.43850708007812,388.5000305175781,0.0,78.41569975648189,177.17698669433594
lstm_static,42,41,615,28.824254989624023,71.77203369140625,389.1596374511719,0.0,72.15871651625841,165.89889526367188
lstm_static,42,42,630,29.43646659851074,73.51335906982422,389.91339111328125,0.0,71.28491620111733,166.27947998046875
lstm_static,42,43,645,28.322743225097657,70.7730941772461,388.9302978515625,0.0,75.39893997994557,172.25718688964844
lstm_static,42,44,660,28.870795822143556,72.0780258178711,389.396240234375,0.0,71.18177911474001,162.16261291503906
lstm_static,42,45,675,28.435648345947264,70.7576904296875,388.7628479003906,0.0,76.04068185073771,176.9435577392578
lstm_static,42,46,690,28.816072463989258,71.89105987548828,389.3182067871094,0.0,73.40782122905027,170.374267578125
lstm_static,42,47,705,28.79430694580078,72.13880157470703,389.187255859375,0.0,71.37372869216445,163.0745086669922
lstm_static,42,48,720,29.30567626953125,73.6258773803711,389.75341796875,0.0,72.47672253258845,169.89207458496094
lstm_static,42,49,735,29.39979782104492,73.56151580810547,389.6906433105469,0.0,68.3225898868357,157.08192443847656
lstm_static,42,50,750,28.786431121826173,71.88176727294922,389.1589660644531,0.0,74.67125053717233,174.70008850097656
lstm_static,42,51,765,28.72042350769043,71.3955307006836,388.9078063964844,0.0,76.07219596046411,177.3140106201172
lstm_static,42,52,780,29.436538314819337,72.92623901367188,389.46832275390625,0.0,72.78040395358832,171.75265502929688
lstm_static,42,53,795,28.736193084716795,71.54944610595703,389.0915222167969,0.0,73.13851883684286,170.6627655029297
lstm_static,42,54,810,27.839918518066405,69.37330627441406,388.465087890625,0.0,77.13221601489758,172.0360565185547
lstm_static,42,55,825,28.07374725341797,69.90154266357422,388.5638122558594,0.0,76.99756481879388,177.2313690185547
lstm_static,42,56,840,29.241700744628908,72.97471618652344,389.55303955078125,0.0,72.15298667812634,171.32574462890625
lstm_static,42,57,855,28.53535575866699,71.31289672851562,388.971923828125,0.0,74.63400658931386,173.22079467773438
lstm_static,42,58,870,28.29290428161621,71.06671905517578,388.9397277832031,0.0,73.27603495201261,163.2818145751953
lstm_static,42,59,885,29.126039886474608,72.65711212158203,389.3890686035156,0.0,68.3225898868357,154.55307006835938
lstm_static,42,60,900,27.628902435302734,68.7472915649414,388.27252197265625,0.0,80.1661653058301,181.45367431640625
lstm_static,42,61,915,29.396871948242186,73.18793487548828,389.50341796875,0.0,68.62340638876951,156.29592895507812
lstm_static,42,62,930,29.241119384765625,73.36327362060547,389.704345703125,0.0,69.77223893425011,158.64866638183594
lstm_static,42,63,945,28.8429817199707,71.46089935302734,389.1608581542969,0.0,73.64274459246526,173.823486328125
lstm_static,42,64,960,28.076169204711913,69.96939849853516,388.69671630859375,0.0,75.46769803753044,170.28944396972656
lstm_static,42,65,975,28.598220443725587,71.14082336425781,388.9488220214844,0.0,75.16401661653059,174.7340850830078
lstm_static,42,66,990,28.30644645690918,70.73821258544922,388.7830505371094,0.0,75.59375447643603,173.1408233642578
lstm_static,42,67,1005,27.998363876342772,70.12840270996094,388.70965576171875,0.0,76.43031084371866,173.3799285888672
lstm_static,42,68,1020,28.542223358154295,71.37389373779297,388.9306640625,0.0,74.67125053717233,171.99197387695312
lstm_static,42,69,1035,29.238421630859374,73.06242370605469,389.5672607421875,0.0,71.66595043690016,167.05731201171875
lstm_static,42,70,1050,28.516455078125,71.29621124267578,389.1285400390625,0.0,71.76908752327746,161.15643310546875
lstm_static,42,71,1065,28.750608062744142,71.66079711914062,389.0891418457031,0.0,74.91190373871937,175.57138061523438
lstm_static,42,72,1080,29.29805221557617,73.18513488769531,389.5451965332031,0.0,72.02120040108866,168.1431884765625
lstm_static,42,73,1095,29.83995361328125,73.79131317138672,389.7339172363281,0.0,70.34235782839134,169.16114807128906
lstm_static,42,74,1110,29.150742721557616,72.87923431396484,389.3935546875,0.0,74.45351668815357,174.66432189941406
lstm_static,42,75,1125,29.917064666748047,74.37445831298828,389.880859375,0.0,69.87824093969346,167.25967407226562
lstm_static,42,76,1140,29.467514419555663,73.5484848022461,390.0561828613281,0.0,68.6291362269016,156.63604736328125
lstm_static,42,77,1155,29.58877182006836,73.67526245117188,389.9515075683594,0.0,68.03036814209999,156.32968139648438
lstm_static,42,78,1170,28.197911071777344,70.37107849121094,388.78997802734375,0.0,74.45924652628563,167.188232421875
lstm_static,42,79,1185,29.303211212158203,72.71180725097656,389.3175964355469,0.0,74.6683856181063,178.24688720703125
lstm_static,42,80,1200,29.38460464477539,73.1644515991211,389.496337890625,0.0,69.8897006159576,165.1625518798828
lstm_static,42,81,1215,28.018013763427735,69.13225555419922,388.4503479003906,0.0,78.58186506231199,182.31448364257812
lstm_static,42,82,1230,28.848998260498046,72.27869415283203,389.3409423828125,0.0,72.32201690302249,165.4499053955078
lstm_static,42,83,1245,28.926991653442382,71.81814575195312,389.2908020019531,0.0,69.62899298094828,158.1121826171875
lstm_static,42,84,1260,29.666626739501954,73.8526611328125,389.0658874511719,0.0,69.02163013894858,162.8592529296875
lstm_static,42,85,1275,28.730020904541014,71.5421371459961,388.35205078125,0.0,73.5825812920785,171.8615264892578
lstm_static,42,86,1290,28.53999900817871,71.01002502441406,388.20013427734375,0.0,75.95759919782266,177.15814208984375
lstm_static,42,87,1305,28.560409927368163,71.12364196777344,388.38311767578125,0.0,74.86033519553072,175.07325744628906
lstm_static,42,88,1320,28.264680862426758,69.60761260986328,387.9255676269531,0.0,77.64790144678413,181.8081817626953
lstm_static,42,89,1335,28.377117156982422,70.21147155761719,388.1274108886719,0.0,75.25569402664375,175.37522888183594
lstm_static,42,90,1350,28.662834548950194,71.74600982666016,388.50946044921875,0.0,72.7632144391921,166.45651245117188
lstm_static,42,91,1365,28.11648635864258,69.38105010986328,387.89434814453125,0.0,75.12963758773815,169.5205078125
lstm_static,42,92,1380,28.539439010620118,70.85504150390625,388.2030334472656,0.0,73.13278899871078,168.47486877441406
lstm_static,42,93,1395,28.501755142211913,71.00309753417969,388.2254333496094,0.0,74.56524853172898,173.11260986328125
lstm_static,42,94,1410,28.235569381713866,69.75352478027344,387.9874267578125,0.0,76.36441770519983,176.70504760742188
lstm_static,42,95,1425,27.912294769287108,69.35455322265625,387.7418518066406,0.0,76.58501647328463,173.03639221191406
lstm_static,42,96,1440,28.123809814453125,69.4478530883789,387.91400146484375,0.0,77.82266150981235,181.04335021972656
gru_H10,42,1,15,27.742183685302734,71.04461669921875,389.05267333984375,0.0,87.17948717948718,205.76116943359375
gru_H10,42,2,30,27.618781661987306,71.19821166992188,388.8177795410156,0.0,80.98839707778255,174.11007690429688
gru_H10,42,3,45,27.510477828979493,70.23954772949219,388.4931335449219,0.0,81.94241512677267,178.23731994628906
gru_H10,42,4,60,28.039011764526368,71.78402709960938,389.0636291503906,0.0,74.29308122045552,161.19805908203125
gru_H10,42,5,75,27.68213882446289,71.30354309082031,388.8207702636719,0.0,79.88540323735855,171.896240234375
gru_H10,42,6,90,28.079935455322264,72.4813232421875,389.2227783203125,0.0,80.98553215871651,178.67718505859375
gru_H10,42,7,105,28.199245834350585,72.50608825683594,389.26434326171875,0.0,80.47557656496204,180.41893005371094
gru_H10,42,8,120,27.861614608764647,71.76007843017578,388.93621826171875,0.0,80.10027216731127,174.04832458496094
gru_H10,42,9,135,28.11086769104004,72.38882446289062,389.4627990722656,0.0,86.96175333046841,209.7900390625
gru_H10,42,10,150,27.823141860961915,71.5193099975586,388.91424560546875,0.0,80.39249391204699,175.0992889404297
gru_H10,42,11,165,28.077304458618165,72.53129577636719,389.2979431152344,0.0,87.20240653201547,208.96783447265625
gru_H10,42,12,180,28.246261978149413,72.66976928710938,389.27777099609375,0.0,87.87852743160006,215.3991241455078
gru_H10,42,13,195,28.502464294433594,73.17938232421875,389.3470764160156,0.0,88.23091247672254,221.91143798828125
gru_H10,42,14,210,27.954310989379884,71.92435455322266,389.1138916015625,0.0,79.72783268872654,173.3499755859375
gru_H10,42,15,225,28.399071502685548,72.5921859741211,389.2442932128906,0.0,77.86563529580289,175.49903869628906
gru_H10,42,16,240,28.58468132019043,72.95881652832031,389.35650634765625,0.0,77.35854462111446,174.8696746826172
gru_H10,42,17,255,28.580839538574217,73.46504974365234,389.4510803222656,0.0,88.38275318722246,223.5609130859375
gru_H10,42,18,270,28.51673240661621,73.05904388427734,389.40203857421875,0.0,79.90259275175477,182.89633178710938
gru_H10,42,19,285,27.95083084106445,72.00045776367188,389.1384582519531,0.0,78.83970777825526,170.4960479736328
gru_H10,42,20,300,28.20024719238281,73.09054565429688,389.31109619140625,0.0,79.37544764360408,174.08502197265625
gru_H10,42,21,315,28.462508392333984,72.92987060546875,389.9267578125,0.0,86.34293081220456,214.71290588378906
gru_H10,42,22,330,28.355445861816406,73.28749084472656,389.8427429199219,0.0,85.8816788425727,209.3241424560547
gru_H10,42,23,345,27.976321411132812,71.64875030517578,389.1128234863281,0.0,73.0640309411259,156.08831787109375
gru_H10,42,24,360,29.45802879333496,74.63179016113281,389.7408142089844,0.0,77.96590746311416,191.69459533691406
gru_H10,42,25,375,28.57921028137207,73.07271575927734,389.3740234375,0.0,77.9916917347085,178.73870849609375
gru_H10,42,26,390,29.209331130981447,74.21479034423828,389.5353698730469,0.0,76.18392780403953,180.36734008789062
gru_H10,42,27,405,27.97693862915039,71.75731658935547,388.9736022949219,0.0,78.662082796161,172.9090118408203
gru_H10,42,28,420,27.9921142578125,71.79275512695312,388.9696044921875,0.0,78.73657069187794,172.94680786132812
gru_H10,42,29,435,28.48436050415039,73.1271743774414,389.5517578125,0.0,86.77553359117604,215.70884704589844
gru_H10,42,30,450,27.89575309753418,72.3620834350586,389.11669921875,0.0,79.95702621400945,173.71734619140625
gru_H10,42,31,465,28.883721160888673,73.56510925292969,389.5460205078125,0.0,86.6380174760063,222.23731994628906
gru_H10,42,32,480,27.9673641204834,71.86055755615234,389.0436706542969,0.0,78.43002435181207,171.53977966308594
gru_H10,42,33,495,29.19945831298828,74.55714416503906,389.7393493652344,0.0,80.04297378599054,194.42811584472656
gru_H10,42,34,510,28.576136779785156,73.5882568359375,389.4969177246094,0.0,87.60922503939264,219.20787048339844
gru_H10,42,35,525,27.92553291320801,72.40977478027344,389.1497802734375,0.0,78.96576421716087,170.76925659179688
gru_H10,42,36,540,27.785342407226562,72.06909942626953,389.0660400390625,0.0,80.00286491906604,172.4915008544922
gru_H10,42,37,555,27.62983283996582,71.2024154663086,388.917236328125,0.0,80.26643747314138,173.58099365234375
gru_H10,42,38,570,28.00466079711914,72.98999786376953,389.3165283203125,0.0,79.79086090817934,173.4923095703125
gru_H10,42,39,585,29.174328994750976,72.93937683105469,389.38458251953125,0.0,86.33720097407249,229.33428955078125
gru_H10,42,40,600,28.03978614807129,72.94348907470703,389.29913330078125,0.0,80.28649190660364,175.91525268554688
gru_H10,42,41,615,27.689656448364257,71.84605407714844,389.03973388671875,0.0,79.38690731986821,170.16688537597656
gru_H10,42,42,630,28.137311935424805,72.68760681152344,389.3276672363281,0.0,86.39449935539321,206.09579467773438
gru_H10,42,43,645,27.88077621459961,72.47838592529297,389.17279052734375,0.0,79.57312705916057,171.55262756347656
gru_H10,42,44,660,28.263677215576173,73.05860137939453,389.3876953125,0.0,86.26844291648761,207.26898193359375
gru_H10,42,45,675,27.710116577148437,72.08522033691406,389.0710144042969,0.0,79.27517547629279,169.71548461914062
gru_H10,42,46,690,27.7946475982666,72.41268157958984,389.154296875,0.0,80.42687294083942,173.1610565185547
gru_H10,42,47,705,27.823373794555664,71.65365600585938,388.9720764160156,0.0,78.47872797593467,171.38267517089844
gru_H10,42,48,720,27.7644905090332,72.23847198486328,389.1259765625,0.0,80.22346368715084,172.87290954589844
gru_H10,42,49,735,28.59314079284668,73.41424560546875,389.27557373046875,0.0,74.12691591462541,167.2303924560547
gru_H10,42,50,750,27.86669502258301,72.84095764160156,389.1842346191406,0.0,79.9369717805472,173.04385375976562
gru_H10,42,51,765,28.42290496826172,73.70947265625,389.4075927734375,0.0,87.322733132789,213.07821655273438
gru_H10,42,52,780,28.291989898681642,73.30181121826172,389.3485412597656,0.0,86.80131786277038,209.1280975341797
gru_H10,42,53,795,27.697038650512695,72.156005859375,389.0244140625,0.0,79.3467984529437,169.75726318359375
gru_H10,42,54,810,28.073156356811523,72.79608917236328,389.1648254394531,0.0,79.57312705916057,176.82925415039062
gru_H10,42,55,825,27.84183578491211,72.50910949707031,389.099853515625,0.0,79.29522990975505,171.02862548828125
gru_H10,42,56,840,27.717040634155275,72.09700775146484,389.0283203125,0.0,80.29222174473571,172.99539184570312
gru_H10,42,57,855,27.81114807128906,72.3830795288086,389.1107177734375,0.0,79.45280045838705,171.02639770507812
gru_H10,42,58,870,28.73927116394043,73.96923065185547,389.4105529785156,0.0,76.88583297521845,179.36431884765625
gru_H10,42,59,885,28.01821060180664,72.03093719482422,389.12164306640625,0.0,73.58544621114453,159.9806365966797
gru_H10,42,60,900,28.205278396606445,73.2906723022461,389.3532409667969,0.0,80.16903022489615,178.55455017089844
gru_H10,42,61,915,28.366966247558594,73.2387466430664,389.4957580566406,0.0,86.08795301532732,208.33799743652344
gru_H10,42,62,930,28.373140716552733,73.00667572021484,389.5926818847656,0.0,85.4261567110729,207.2098846435547
gru_H10,42,63,945,27.761703872680663,72.05172729492188,389.06805419921875,0.0,79.96562097120756,172.8966522216797
gru_H10,42,64,960,28.488375091552733,73.66009521484375,389.5220642089844,0.0,86.77553359117604,212.90245056152344
gru_H10,42,65,975,28.405114364624023,73.59660339355469,389.5201721191406,0.0,87.48603351955308,214.6189727783203
gru_H10,42,66,990,27.77860870361328,71.83102416992188,389.0135803222656,0.0,81.52986678126342,178.5059356689453
gru_H10,42,67,1005,28.282890701293944,73.07140350341797,389.2923583984375,0.0,80.59590316573558,183.0254364013672
gru_H10,42,68,1020,27.679825592041016,71.11871337890625,388.8928527832031,0.0,81.76479014467841,179.1572723388672
gru_H10,42,69,1035,28.164138793945312,72.9718017578125,389.5135498046875,0.0,86.72969488611947,208.29489135742188
gru_H10,42,70,1050,28.394576644897462,73.06040954589844,389.2644958496094,0.0,77.6536312849162,176.9527587890625
gru_H10,42,71,1065,27.922565841674803,72.53915405273438,389.2190246582031,0.0,79.60177624982094,171.9818572998047
gru_H10,42,72,1080,28.101152420043945,72.7274398803711,389.5032653808594,0.0,86.48331184644033,206.30056762695312
gru_H10,42,73,1095,28.09817237854004,72.8680419921875,389.54913330078125,0.0,86.78126342930813,206.32669067382812
gru_H10,42,74,1110,28.332329559326173,72.92232513427734,389.484130859375,0.0,87.47743876235496,215.56845092773438
gru_H10,42,75,1125,28.047136306762695,72.36183166503906,389.4158935546875,0.0,86.4489328176479,205.44525146484375
gru_H10,42,76,1140,28.190623474121093,72.37461853027344,389.5744934082031,0.0,85.11674545194097,204.80873107910156
gru_H10,42,77,1155,27.975364685058594,71.81765747070312,389.1120910644531,0.0,73.65133934966337,158.2288360595703
gru_H10,42,78,1170,28.51733055114746,73.18367004394531,389.3662414550781,0.0,79.1577137945853,181.97317504882812
gru_H10,42,79,1185,28.315904998779295,72.76957702636719,389.4196472167969,0.0,87.39435610943991,214.3376007080078
gru_H10,42,80,1200,27.710633850097658,71.3668441772461,388.9842529296875,0.0,81.98825383182925,178.72079467773438
gru_H10,42,81,1215,27.972106170654296,72.78836059570312,389.2060241699219,0.0,79.48717948717949,171.70553588867188
gru_H10,42,82,1230,28.052044296264647,72.1021957397461,389.12567138671875,0.0,77.90860908179343,171.43516540527344
gru_H10,42,83,1245,28.073918914794923,71.98583984375,389.096923828125,0.0,77.29551640166166,169.64471435546875
gru_H10,42,84,1260,27.81549415588379,71.7633056640625,388.71142578125,0.0,85.96762641455379,199.54405212402344
gru_H10,42,85,1275,27.784425354003908,72.13721466064453,388.5408630371094,0.0,79.87967339922648,171.7063751220703
gru_H10,42,86,1290,28.13498649597168,72.45233917236328,388.79498291015625,0.0,87.637874230053,212.00694274902344
gru_H10,42,87,1305,27.815906143188478,72.18415069580078,388.5313415527344,0.0,80.15184071049994,172.77639770507812
gru_H10,42,88,1320,28.150469970703124,72.58335876464844,388.9324645996094,0.0,87.68657785417562,211.74598693847656
gru_H10,42,89,1335,27.611120986938477,71.34602355957031,388.3449401855469,0.0,80.5042257556224,173.81883239746094
gru_H10,42,90,1350,28.05315246582031,72.34496307373047,388.6458740234375,0.0,79.3066895860192,176.28125
gru_H10,42,91,1365,27.785977172851563,71.70735931396484,388.5382995605469,0.0,78.86549204984959,171.7767333984375
gru_H10,42,92,1380,27.669792938232423,71.1424560546875,388.4619445800781,0.0,81.83641312132931,179.6405029296875
gru_H10,42,93,1395,27.765860748291015,72.02440643310547,388.6095275878906,0.0,79.75934679845295,171.7523956298828
gru_H10,42,94,1410,27.759028244018555,71.80509185791016,388.60394287109375,0.0,82.00257842715943,180.40707397460938
gru_H10,42,95,1425,28.46364517211914,72.89582061767578,388.8590087890625,0.0,78.82824810199112,180.2439727783203
gru_H10,42,96,1440,28.274753189086915,72.56761169433594,388.98663330078125,0.0,88.08766652342072,216.02513122558594
gru_1step,42,1,15,28.59452247619629,70.4828872680664,387.4783935546875,0.0,71.72,162.71490478515625
gru_static,42,1,15,28.294074249267577,70.17286682128906,388.70257568359375,0.0,70.63457957312706,152.740234375
gru_static,42,2,30,28.34906997680664,70.13214874267578,388.7189025878906,0.0,73.04684142672969,163.36900329589844
gru_static,42,3,45,27.89387092590332,69.45255279541016,388.43768310546875,0.0,74.74287351382324,166.98959350585938
gru_static,42,4,60,27.027367401123048,67.4866714477539,388.1721496582031,0.0,74.3074058157857,151.14601135253906
gru_static,42,5,75,29.048841094970705,72.37840270996094,389.18914794921875,0.0,71.35653917776823,161.7483367919922
gru_static,42,6,90,28.392658996582032,70.20501708984375,388.52337646484375,0.0,74.96633720097408,172.9632110595703
gru_static,42,7,105,27.81869125366211,68.8101806640625,387.9671325683594,0.0,75.54218593324738,169.0721435546875
gru_static,42,8,120,27.97850227355957,69.197998046875,388.0812072753906,0.0,74.73141383755909,169.17825317382812
gru_static,42,9,135,28.14747734069824,69.97689819335938,388.2571105957031,0.0,71.68027503223034,156.04396057128906
gru_static,42,10,150,28.75216941833496,71.45864868164062,388.7281494140625,0.0,73.95215585159718,170.15261840820312
gru_static,42,11,165,29.34182014465332,72.80174255371094,389.0174255371094,0.0,70.69760779257986,159.96563720703125
gru_static,42,12,180,28.974084854125977,72.14591979980469,388.952392578125,0.0,73.53960750608796,169.5989990234375
gru_static,42,13,195,28.829128646850585,71.57317352294922,388.8959045410156,0.0,74.32459533018192,171.75230407714844
gru_static,42,14,210,28.71797904968262,71.85401916503906,389.0930480957031,0.0,72.68872654347514,165.01983642578125
gru_static,42,15,225,27.68402976989746,69.31381225585938,388.47161865234375,0.0,72.70305113880534,154.56130981445312
gru_static,42,16,240,27.79179229736328,69.80176544189453,388.8269958496094,0.0,72.43661366566394,154.31129455566406
gru_static,42,17,255,28.46757583618164,70.7149658203125,388.8949279785156,0.0,75.45050852313422,174.87786865234375
gru_static,42,18,270,28.121825408935546,70.30487823486328,388.89996337890625,0.0,72.80618822518264,160.1093292236328
gru_static,42,19,285,28.049787521362305,69.86986541748047,388.6978454589844,0.0,74.54519409826672,166.08026123046875
gru_static,42,20,300,27.885800552368163,68.39884948730469,388.32611083984375,0.0,76.5191233347658,176.40003967285156
gru_static,42,21,315,28.694619750976564,71.85795593261719,389.3344421386719,0.0,71.8349806617963,161.55136108398438
gru_static,42,22,330,28.130168151855468,70.1327133178711,388.9191589355469,0.0,70.48273886262713,149.43319702148438
gru_static,42,23,345,28.4536994934082,71.02603149414062,389.29974365234375,0.0,69.86964618249534,151.52783203125
gru_static,42,24,360,27.517654418945312,68.86599731445312,388.4947509765625,0.0,75.16401661653059,162.29483032226562
gru_static,42,25,375,28.17340850830078,70.38101959228516,388.82000732421875,0.0,71.62584156997565,156.4228973388672
gru_static,42,26,390,27.66708297729492,69.33450317382812,388.53924560546875,0.0,72.74029508666379,155.24322509765625
gru_static,42,27,405,27.833310317993163,69.56610107421875,388.58392333984375,0.0,73.53387766795588,160.5490264892578
gru_static,42,28,420,28.305283737182616,70.57147979736328,388.8807067871094,0.0,70.9210714797307,154.8810272216797
gru_static,42,29,435,28.28656425476074,70.40118408203125,388.7318115234375,0.0,72.54548059017333,162.70213317871094
gru_static,42,30,450,28.133913040161133,69.38762664794922,388.52166748046875,0.0,74.29308122045552,168.79991149902344
gru_static,42,31,465,27.746575164794923,69.08137512207031,388.4910583496094,0.0,74.83455092393639,164.21336364746094
gru_static,42,32,480,28.58224449157715,71.1604232788086,389.094970703125,0.0,70.76636585016473,157.65982055664062
gru_static,42,33,495,27.39091911315918,68.10283660888672,388.30584716796875,0.0,77.63644177051998,172.05322265625
gru_static,42,34,510,28.302226257324218,70.31538391113281,388.7662658691406,0.0,75.34737143675692,174.1920623779297
gru_static,42,35,525,27.8475284576416,68.8357162475586,388.48388671875,0.0,75.87738146397365,173.0535430908203
gru_static,42,36,540,29.0696662902832,72.0952377319336,389.4384460449219,0.0,71.44535166881536,165.0011749267578
gru_static,42,37,555,28.746611404418946,71.20512390136719,389.1377868652344,0.0,71.04426299957026,161.34996032714844
gru_static,42,38,570,28.45196647644043,69.9462890625,388.75732421875,0.0,74.52800458387051,175.43695068359375
gru_static,42,39,585,27.525471496582032,68.66268157958984,388.37274169921875,0.0,73.93496633720098,158.4495391845703
gru_static,42,40,600,27.715423583984375,68.4967269897461,388.3674621582031,0.0,77.05772811918064,175.3028106689453
gru_static,42,41,615,28.523641204833986,70.69105529785156,388.9208679199219,0.0,72.34207133648475,163.9025115966797
gru_static,42,42,630,29.06938018798828,72.27713775634766,389.4988708496094,0.0,71.11588597622116,163.77877807617188
gru_static,42,43,645,28.412934494018554,70.64447021484375,388.9810791015625,0.0,73.98080504225756,170.76197814941406
gru_static,42,44,660,28.336440658569337,70.31507110595703,388.8695983886719,0.0,71.58286778398511,159.2886505126953
gru_static,42,45,675,28.595295715332032,70.7232437133789,389.0952453613281,0.0,74.81163157140811,177.46925354003906
gru_static,42,46,690,28.900222396850587,71.97303771972656,389.3630676269531,0.0,72.74602492479588,169.32298278808594
gru_static,42,47,705,28.023186111450194,70.23713684082031,388.8921203613281,0.0,73.02965191233348,161.7654571533203
gru_static,42,48,720,29.080992889404296,73.05179595947266,389.72967529296875,0.0,73.53960750608796,172.8959197998047
gru_static,42,49,735,27.964876174926758,70.22710418701172,388.934326171875,0.0,70.5830110299384,152.01541137695312
gru_static,42,50,750,28.865761947631835,72.08226013183594,389.28436279296875,0.0,73.60836556367283,172.9235076904297
gru_static,42,51,765,28.544187545776367,70.40100860595703,388.8228759765625,0.0,74.6683856181063,172.11526489257812
gru_static,42,52,780,29.439197540283203,72.93526458740234,389.4055480957031,0.0,72.90073055436184,171.2432098388672
gru_static,42,53,795,28.857305908203124,72.03258514404297,389.25067138671875,0.0,72.98954304540896,170.07521057128906
gru_static,42,54,810,27.237235641479494,68.50040435791016,388.3696594238281,0.0,77.23821802034092,166.39517211914062
gru_static,42,55,825,28.304929351806642,70.17916107177734,388.7821044921875,0.0,74.96633720097408,177.19517517089844
gru_static,42,56,840,29.18538589477539,73.412109375,389.7499694824219,0.0,73.91491190373873,174.6541748046875
gru_static,42,57,855,28.67982711791992,71.79788208007812,389.0870666503906,0.0,73.34479300959748,169.88377380371094
gru_static,42,58,870,27.464589309692382,69.02306365966797,388.3896789550781,0.0,73.35052284772955,156.44451904296875
gru_static,42,59,885,27.727594757080077,69.76004791259766,388.71246337890625,0.0,70.54863200114598,148.57008361816406
gru_static,42,60,900,27.54952163696289,68.05596160888672,388.34405517578125,0.0,77.401518407105,177.49859619140625
gru_static,42,61,915,27.927684020996093,69.98390197753906,389.08746337890625,0.0,70.87523277467412,150.07388305664062
gru_static,42,62,930,27.816478729248047,69.97817993164062,389.3013916015625,0.0,70.77496060736284,149.35125732421875
gru_static,42,63,945,28.87391929626465,71.84540557861328,389.722412109375,0.0,73.04397650766366,169.92166137695312
gru_static,42,64,960,27.75753173828125,69.43373107910156,389.0240783691406,0.0,75.22131499785131,165.7068634033203
gru_static,42,65,975,28.55570869445801,70.93797302246094,389.37884521484375,0.0,74.43632717375735,170.2213592529297
gru_static,42,66,990,27.979743194580077,69.88031768798828,389.35986328125,0.0,74.86320011459676,168.96705627441406
gru_static,42,67,1005,28.050624465942384,70.20196533203125,389.2349548339844,0.0,74.83168600487036,169.314697265625
gru_static,42,68,1020,28.333369064331055,71.19979858398438,389.5792541503906,0.0,74.65119610371008,170.42214965820312
gru_static,42,69,1035,29.066462326049805,73.08218383789062,389.9391174316406,0.0,71.14453516688154,161.80628967285156
gru_static,42,70,1050,27.851100158691406,70.09259796142578,389.24017333984375,0.0,72.14439192092823,154.7964630126953
gru_static,42,71,1065,28.79255142211914,72.27876281738281,389.5178527832031,0.0,73.63701475433318,169.86585998535156
gru_static,42,72,1080,29.09420166015625,73.2249755859375,389.69830322265625,0.0,71.52556940266437,163.28834533691406
gru_static,42,73,1095,29.756886672973632,74.47425842285156,390.1879577636719,0.0,71.3536742587022,166.5867919921875
gru_static,42,74,1110,28.8383487701416,72.55150604248047,389.3993225097656,0.0,74.45351668815357,172.89422607421875
gru_static,42,75,1125,29.673653411865235,74.86934661865234,390.11956787109375,0.0,70.43690015757055,163.0681915283203
gru_static,42,76,1140,27.668537902832032,69.85433959960938,388.6949462890625,0.0,71.05858759490044,147.5701141357422
gru_static,42,77,1155,27.901225280761718,70.42152404785156,388.7676086425781,0.0,70.45122475290073,148.77236938476562
gru_static,42,78,1170,27.655513763427734,69.11949920654297,388.3858337402344,0.0,73.88053287494628,160.3425750732422
gru_static,42,79,1185,28.966922760009766,72.54943084716797,389.2998962402344,0.0,75.15542185933248,176.2686767578125
gru_static,42,80,1200,28.97705497741699,73.0152587890625,389.6632080078125,0.0,70.62598481592896,160.20213317871094
gru_static,42,81,1215,28.056536865234374,68.95914459228516,388.3981018066406,0.0,75.77424437759633,174.23268127441406
gru_static,42,82,1230,28.396660995483398,71.5869369506836,389.1503601074219,0.0,72.47672253258845,161.9125213623047
gru_static,42,83,1245,27.66637077331543,69.42387390136719,388.7540588378906,0.0,71.58859762211718,151.15325927734375
gru_static,42,84,1260,28.887096786499022,72.36514282226562,388.8568420410156,0.0,69.55164016616531,155.245361328125
gru_static,42,85,1275,28.710210037231445,71.64643096923828,388.4908752441406,0.0,73.1643031084372,167.52500915527344
gru_static,42,86,1290,28.483967971801757,70.60888671875,388.2829895019531,0.0,74.99785131070047,172.38665771484375
gru_static,42,87,1305,28.567708206176757,71.26207733154297,388.7117004394531,0.0,73.42214582438046,168.4990234375
gru_static,42,88,1320,28.17491569519043,69.11422729492188,388.1308898925781,0.0,74.83455092393639,171.54293823242188
gru_static,42,89,1335,28.337722778320312,70.41423797607422,388.476318359375,0.0,73.86047844148402,169.93161010742188
gru_static,42,90,1350,28.369509506225587,71.18940734863281,388.944580078125,0.0,72.26471852170177,161.95655822753906
gru_static,42,91,1365,27.053723526000976,67.79495239257812,388.0560607910156,0.0,76.61653058301103,160.69161987304688
gru_static,42,92,1380,27.81859130859375,69.4774398803711,388.2214050292969,0.0,73.80890989829537,163.075439453125
gru_static,42,93,1395,28.46965637207031,70.81393432617188,388.45904541015625,0.0,73.40209139091822,167.35800170898438
gru_static,42,94,1410,28.00583610534668,68.89580535888672,388.0464782714844,0.0,73.37630711932388,167.11553955078125
gru_static,42,95,1425,27.10753631591797,67.46724700927734,388.1338195800781,0.0,76.86864346082223,164.95407104492188
gru_static,42,96,1440,28.013751602172853,68.78197479248047,388.1562194824219,0.0,75.14682710213437,171.61810302734375
mrinn_static,42,1,15,28.198214721679687,70.4199447631836,388.98345947265625,0.0,83.02821945280046,189.3812255859375
mrinn_static,42,2,30,28.17130241394043,70.40155029296875,389.09814453125,0.0,81.34078212290503,182.22686767578125
mrinn_static,42,3,45,28.205682373046876,70.53628540039062,389.12628173828125,0.0,80.75633863343361,180.01356506347656
mrinn_static,42,4,60,28.359558868408204,70.87242889404297,389.0487060546875,0.0,81.3149978513107,183.5262908935547
mrinn_static,42,5,75,28.283486557006835,70.61544036865234,388.86383056640625,0.0,82.52399369717806,187.8076629638672
mrinn_static,42,6,90,28.393791961669923,70.85086822509766,388.8729553222656,0.0,82.11717518980089,187.207275390625
mrinn_static,42,7,105,28.32996063232422,70.64772033691406,388.9569396972656,0.0,81.67597765363128,185.06036376953125
mrinn_static,42,8,120,28.303025817871095,70.57566833496094,388.9794006347656,0.0,82.41512677266867,187.86502075195312
mrinn_static,42,9,135,28.290973663330078,70.57774353027344,389.0282287597656,0.0,81.6931671680275,184.8843994140625
mrinn_static,42,10,150,28.41882209777832,70.93852996826172,389.1627502441406,0.0,81.8192236069331,186.3529510498047
mrinn_static,42,11,165,28.428561401367187,71.03804016113281,389.0161437988281,0.0,80.93969345365993,182.94296264648438
mrinn_static,42,12,180,28.46102409362793,71.10285186767578,389.0481872558594,0.0,80.88525999140525,183.0554656982422
mrinn_static,42,13,195,28.450338745117186,71.19061279296875,389.1583557128906,0.0,80.65893138518837,182.13592529296875
mrinn_static,42,14,210,28.362414932250978,70.91034698486328,389.0680236816406,0.0,81.0714797306976,182.77630615234375
mrinn_static,42,15,225,28.3751277923584,70.84026336669922,389.0865173339844,0.0,81.67311273456525,185.70098876953125
mrinn_static,42,16,240,28.34544563293457,70.84544372558594,389.04559326171875,0.0,80.92823377739579,182.096435546875
mrinn_static,42,17,255,28.243660736083985,70.42323303222656,388.9915771484375,0.0,81.67311273456525,184.47840881347656
mrinn_static,42,18,270,28.524834442138673,71.29338836669922,389.1572265625,0.0,81.78197965907464,187.23768615722656
mrinn_static,42,19,285,28.411754989624022,71.05317687988281,389.05718994140625,0.0,81.14596762641455,183.92239379882812
mrinn_static,42,20,300,28.424798202514648,71.017333984375,389.1291809082031,0.0,82.3778828248102,188.7930450439453
mrinn_static,42,21,315,28.49850959777832,71.37030029296875,389.1588134765625,0.0,81.19467125053717,184.2811737060547
mrinn_static,42,22,330,28.472266387939452,71.26840209960938,389.09381103515625,0.0,80.95974788712219,183.61077880859375
mrinn_static,42,23,345,28.34209327697754,70.78597259521484,388.9443359375,0.0,81.10872367855609,183.67893981933594
mrinn_static,42,24,360,28.366763305664062,70.87394714355469,388.9257507324219,0.0,81.0943990832259,183.54400634765625
mrinn_static,42,25,375,28.351868057250975,70.86609649658203,388.993408203125,0.0,80.67325598051855,181.76620483398438
mrinn_static,42,26,390,28.45494499206543,71.03934478759766,389.044677734375,0.0,81.75906030654633,187.1873016357422
mrinn_static,42,27,405,28.42332992553711,71.0193099975586,389.0276794433594,0.0,82.82194528004584,190.75897216796875
mrinn_static,42,28,420,28.469860458374022,71.03190612792969,389.0235900878906,0.0,81.85933247385762,187.2855682373047
mrinn_static,42,29,435,28.52073860168457,71.2216796875,389.0283203125,0.0,81.58430024351811,186.53114318847656
mrinn_static,42,30,450,28.29237632751465,70.52307891845703,388.9490051269531,0.0,81.38662082796161,184.086181640625
mrinn_static,42,31,465,28.416636276245118,70.98709869384766,389.04290771484375,0.0,80.47557656496204,181.2510528564453
mrinn_static,42,32,480,28.413335037231445,70.81925964355469,389.0175476074219,0.0,81.33218736570691,184.97238159179688
mrinn_static,42,33,495,28.405952072143556,70.76293182373047,389.01824951171875,0.0,81.78484457814066,186.8070831298828
mrinn_static,42,34,510,28.46912727355957,70.95962524414062,389.1083068847656,0.0,81.3235926085088,185.8759002685547
mrinn_static,42,35,525,28.526451110839844,71.26676177978516,389.1348876953125,0.0,80.62455235639592,182.96408081054688
mrinn_static,42,36,540,28.564246368408202,71.33477783203125,389.09759521484375,0.0,80.82223177195245,184.0147705078125
mrinn_static,42,37,555,28.45985641479492,70.8315658569336,389.0119934082031,0.0,81.99684858902737,188.7572784423828
mrinn_static,42,38,570,28.376356506347655,70.63532257080078,388.99188232421875,0.0,81.48689299527288,185.75367736816406
mrinn_static,42,39,585,28.56750030517578,71.19112396240234,389.07794189453125,0.0,81.26056438905601,186.37489318847656
mrinn_static,42,40,600,28.504737854003906,71.05391693115234,389.09674072265625,0.0,80.98553215871651,184.76283264160156
mrinn_static,42,41,615,28.538338088989256,71.09376525878906,389.1026611328125,0.0,81.28348374158429,186.4683074951172
mrinn_static,42,42,630,28.53583526611328,71.09721374511719,389.0968017578125,0.0,81.16315714081077,186.02455139160156
mrinn_static,42,43,645,28.406750869750976,70.65186309814453,389.01446533203125,0.0,81.80776393066897,187.38739013671875
mrinn_static,42,44,660,28.533805465698244,71.06095886230469,389.11865234375,0.0,81.32645752757485,186.42066955566406
mrinn_static,42,45,675,28.414675521850587,70.69468688964844,389.0445556640625,0.0,81.337917203839,185.3885955810547
mrinn_static,42,46,690,28.34778594970703,70.56542205810547,388.9875793457031,0.0,81.03710070190517,183.39306640625
mrinn_static,42,47,705,28.644293594360352,71.4137191772461,389.11798095703125,0.0,81.22905027932961,186.7808380126953
mrinn_static,42,48,720,28.455824279785155,70.79638671875,389.0184020996094,0.0,81.33218736570691,185.74325561523438
mrinn_static,42,49,735,28.441466522216796,70.77256774902344,388.98736572265625,0.0,81.33218736570691,185.4653778076172
mrinn_static,42,50,750,28.479250717163087,70.9109878540039,388.9972229003906,0.0,80.9683426443203,184.5293426513672
mrinn_static,42,51,765,28.46031723022461,70.86680603027344,388.9845275878906,0.0,81.11158859762212,184.79727172851562
mrinn_static,42,52,780,28.395634841918945,70.76631927490234,388.9964599609375,0.0,80.39822375017906,181.62240600585938
mrinn_static,42,53,795,28.394013595581054,70.69424438476562,389.0242919921875,0.0,80.80790717662227,182.6117401123047
mrinn_static,42,54,810,28.392982482910156,70.53146362304688,388.93328857421875,0.0,82.24036670964045,189.26414489746094
mrinn_static,42,55,825,28.469585800170897,70.83061981201172,389.10107421875,0.0,81.0943990832259,184.51547241210938
mrinn_static,42,56,840,28.439416122436523,70.76068878173828,389.0235290527344,0.0,81.04569545910329,184.40899658203125
mrinn_static,42,57,855,28.416604232788085,70.7119140625,389.0375671386719,0.0,80.78212290502793,182.93336486816406
mrinn_static,42,58,870,28.377848815917968,70.60552978515625,388.9338073730469,0.0,80.92536885832975,183.64097595214844
mrinn_static,42,59,885,28.544252014160158,71.09027099609375,389.001953125,0.0,80.80504225755622,183.91970825195312
mrinn_static,42,60,900,28.437826919555665,70.75538635253906,388.9360656738281,0.0,80.97693740151841,184.33071899414062
mrinn_static,42,61,915,28.430290985107423,70.63066864013672,389.00823974609375,0.0,82.30912476722533,189.91429138183594
mrinn_static,42,62,930,28.373720932006837,70.5354995727539,389.0098876953125,0.0,81.34078212290503,185.07940673828125
mrinn_static,42,63,945,28.371895217895506,70.58324432373047,388.9700622558594,0.0,81.01418134937688,183.62039184570312
mrinn_static,42,64,960,28.480663299560547,70.83048248291016,388.9947204589844,0.0,81.15169746454663,184.42059326171875
mrinn_static,42,65,975,28.31732177734375,70.45887756347656,388.9065246582031,0.0,80.89385474860336,182.66098022460938
mrinn_static,42,66,990,28.56089668273926,71.04380798339844,389.0298156738281,0.0,81.28921357971637,185.40794372558594
mrinn_static,42,67,1005,28.581232452392577,71.23420715332031,389.13787841796875,0.0,80.99699183498066,184.046875
mrinn_static,42,68,1020,28.308367919921874,70.44540405273438,388.9864501953125,0.0,81.14310270734852,183.04710388183594
mrinn_static,42,69,1035,28.45881118774414,70.85648345947266,389.0926208496094,0.0,80.9368285345939,183.08004760742188
mrinn_static,42,70,1050,28.385832595825196,70.56321716308594,389.02520751953125,0.0,82.30912476722533,188.8663330078125
mrinn_static,42,71,1065,28.38560371398926,70.7502212524414,389.1915588378906,0.0,83.73871938117749,195.46624755859375
mrinn_static,42,72,1080,28.350593185424806,70.61634063720703,389.0541687011719,0.0,80.67898581865063,181.30369567871094
mrinn_static,42,73,1095,28.375870132446288,70.64134216308594,389.1207580566406,0.0,81.7476006302822,185.96824645996094
mrinn_static,42,74,1110,28.27146987915039,70.48028564453125,389.2606201171875,0.0,82.46669531585734,188.4620819091797
mrinn_static,42,75,1125,28.340785598754884,70.60798645019531,389.0798034667969,0.0,81.00272167311273,182.70245361328125
mrinn_static,42,76,1140,28.302436065673827,70.50334930419922,389.1675109863281,0.0,81.34364704197107,183.60812377929688
mrinn_static,42,77,1155,28.565820693969727,71.12416076660156,389.1872253417969,0.0,81.0084515112448,183.7740478515625
mrinn_static,42,78,1170,28.394367980957032,70.65216064453125,389.09375,0.0,81.32932244664089,184.57131958007812
mrinn_static,42,79,1185,28.47168388366699,70.88874053955078,389.1993103027344,0.0,81.0943990832259,184.11871337890625
mrinn_static,42,80,1200,28.36978530883789,70.56934356689453,389.15045166015625,0.0,81.39235066609368,184.73483276367188
mrinn_static,42,81,1215,28.409456634521483,70.83023834228516,389.2958679199219,0.0,80.60163300386765,181.20462036132812
mrinn_static,42,82,1230,28.316365814208986,70.58440399169922,389.2798767089844,0.0,81.16888697894285,182.70040893554688
mrinn_static,42,83,1245,28.368247985839844,70.74315643310547,389.2659912109375,0.0,82.16014897579143,187.67005920410156
mrinn_static,42,84,1260,28.42171440124512,70.934326171875,388.6443176269531,0.0,81.01131643031084,182.9530792236328
mrinn_static,42,85,1275,28.402136611938477,70.95539855957031,388.66064453125,0.0,80.83655636728263,181.74026489257812
mrinn_static,42,86,1290,28.32040786743164,70.83712005615234,388.71942138671875,0.0,80.42400802177339,179.76504516601562
mrinn_static,42,87,1305,28.394300079345705,70.77793884277344,388.7453308105469,0.0,81.38089098982954,185.04055786132812
mrinn_static,42,88,1320,28.352481842041016,70.72293853759766,388.6219482421875,0.0,81.53846153846153,184.83975219726562
mrinn_static,42,89,1335,28.405179977416992,70.89814758300781,388.7184753417969,0.0,81.39235066609368,184.94161987304688
mrinn_static,42,90,1350,28.338978958129882,70.81104278564453,388.7279052734375,0.0,80.88525999140525,182.3174591064453
mrinn_static,42,91,1365,28.457373428344727,71.07355499267578,388.7063293457031,0.0,81.14310270734852,184.43414306640625
mrinn_static,42,92,1380,28.37920379638672,70.95537567138672,388.84454345703125,0.0,81.44678412834837,185.9428253173828
mrinn_static,42,93,1395,28.309024810791016,70.7547836303711,388.6072692871094,0.0,80.80504225755622,182.55584716796875
mrinn_static,42,94,1410,28.42757911682129,71.0746841430664,388.6835021972656,0.0,80.58730840853747,182.79542541503906
mrinn_static,42,95,1425,28.418233489990236,71.0589599609375,388.82183837890625,0.0,80.5901733276035,182.6691436767578
mrinn_static,42,96,1440,28.29918327331543,70.68299865722656,388.7663879394531,0.0,80.88812491047128,183.44113159179688
gru_rolling,42,1,15,25.744406127929686,66.0646743774414,389.29345703125,0.0,82.78149532168825,159.4335479736328
gru_rolling,42,2,30,25.80042953491211,66.37962341308594,389.3839416503906,0.0,82.25138321601344,158.29977416992188
gru_rolling,42,3,45,25.96048011779785,67.14752960205078,389.5649719238281,0.0,81.36206946496335,156.47447204589844
gru_rolling,42,4,60,25.998838806152342,67.0631103515625,389.5647888183594,0.0,78.81869007270936,149.44259643554688
gru_rolling,42,5,75,25.993731689453124,66.99784088134766,389.5732421875,0.0,82.28324787810318,159.71421813964844
gru_rolling,42,6,90,25.994575119018556,66.98175811767578,389.56219482421875,0.0,82.39911937661134,160.7962646484375
gru_rolling,42,7,105,26.02534294128418,67.22322845458984,389.60595703125,0.0,81.37365661481417,157.7147979736328
gru_rolling,42,8,120,26.03208656311035,67.27507019042969,389.60247802734375,0.0,80.8725123837664,156.13539123535156
gru_rolling,42,9,135,26.074078369140626,67.31396484375,389.6222839355469,0.0,81.27806262854494,157.50830078125
gru_rolling,42,10,150,26.07716598510742,67.36224365234375,389.61871337890625,0.0,81.10135859332,156.90101623535156
gru_rolling,42,11,165,26.087815475463866,67.0626449584961,389.595947265625,0.0,81.463457026158,158.82977294921875
gru_rolling,42,12,180,26.126632690429688,67.17555236816406,389.61907958984375,0.0,82.42519046377568,162.7052459716797
gru_rolling,42,13,195,26.129175186157227,67.004150390625,389.5774841308594,0.0,82.18475710437126,162.2994384765625
gru_rolling,42,14,210,26.15231704711914,67.6034164428711,389.6850891113281,0.0,81.9211494452652,160.27096557617188
gru_rolling,42,15,225,26.170245361328124,67.6949234008789,389.7083740234375,0.0,80.7247762231685,156.19021606445312
gru_rolling,42,16,240,26.193183517456056,67.79380798339844,389.73736572265625,0.0,80.94493207033399,157.2264404296875
gru_rolling,42,17,255,26.166988372802734,67.3112564086914,389.6213073730469,0.0,81.87190405839924,161.2867889404297
gru_rolling,42,18,270,26.199156188964842,67.76419067382812,389.7102966308594,0.0,81.25778511630601,157.90943908691406
gru_rolling,42,19,285,26.166875076293945,67.6076889038086,389.67425537109375,0.0,80.44378783928623,155.37091064453125
gru_rolling,42,20,300,26.145013427734376,67.37030792236328,389.6116943359375,0.0,80.5770400625706,156.38055419921875
gru_rolling,42,21,315,26.27164535522461,67.88480377197266,389.7166748046875,0.0,81.89507835810087,161.068603515625
gru_rolling,42,22,330,26.27908248901367,67.76620483398438,389.6693420410156,0.0,80.10776049361257,155.27789306640625
gru_rolling,42,23,345,26.27202033996582,68.00086975097656,389.7104797363281,0.0,80.74505373540744,156.6482696533203
gru_rolling,42,24,360,26.21249885559082,67.77275085449219,389.65869140625,0.0,79.9745082703282,154.23399353027344
gru_rolling,42,25,375,26.246044540405272,67.93041229248047,389.6837158203125,0.0,81.21143651690275,158.80899047851562
gru_rolling,42,26,390,26.24048194885254,67.98169708251953,389.69549560546875,0.0,80.48434286376408,156.38397216796875
gru_rolling,42,27,405,26.226379776000975,67.91017150878906,389.67706298828125,0.0,79.95712754555198,154.29710388183594
gru_rolling,42,28,420,26.26575164794922,68.08338165283203,389.7193603515625,0.0,80.82326699690043,157.07101440429688
gru_rolling,42,29,435,26.254055786132813,67.86193084716797,389.658935546875,0.0,81.14191361779787,158.5868377685547
gru_rolling,42,30,450,26.18265495300293,67.63584899902344,389.6165466308594,0.0,79.91077894614872,154.3511962890625
gru_rolling,42,31,465,26.24070014953613,67.85333251953125,389.64959716796875,0.0,80.03244401958229,154.99562072753906
gru_rolling,42,32,480,26.27446174621582,68.15251922607422,389.71795654296875,0.0,81.37655340227687,159.0363311767578
gru_rolling,42,33,495,26.218694305419923,67.85513305664062,389.637939453125,0.0,80.25839344167318,155.99600219726562
gru_rolling,42,34,510,26.240069580078124,67.734375,389.6032409667969,0.0,80.99997103212537,159.05917358398438
gru_rolling,42,35,525,26.168717193603516,67.75265502929688,389.590087890625,0.0,80.81167984704962,157.04136657714844
gru_rolling,42,36,540,26.222103118896484,67.86468505859375,389.59490966796875,0.0,81.81686509660786,160.6328125
gru_rolling,42,37,555,26.23121109008789,68.0311508178711,389.6331481933594,0.0,80.95941600764752,156.96202087402344
gru_rolling,42,38,570,26.14525260925293,67.56396484375,389.56280517578125,0.0,80.83195735928855,157.4807586669922
gru_rolling,42,39,585,26.218809509277342,67.91907501220703,389.616455078125,0.0,80.55386576286898,156.33340454101562
gru_rolling,42,40,600,26.16011161804199,67.6276626586914,389.5800476074219,0.0,80.6523565366009,156.38607788085938
gru_rolling,42,41,615,26.181877899169923,67.83241271972656,389.6006164550781,0.0,80.84064772167666,156.64459228515625
gru_rolling,42,42,630,26.228367233276366,67.87528991699219,389.6134033203125,0.0,81.93853017004142,161.4103240966797
gru_rolling,42,43,645,26.1473747253418,67.76392364501953,389.6069030761719,0.0,81.47794096347151,158.6363067626953
gru_rolling,42,44,660,26.18987464904785,67.87490844726562,389.6093444824219,0.0,80.88989310854262,156.90231323242188
gru_rolling,42,45,675,26.124722290039063,67.6919174194336,389.59197998046875,0.0,81.57643173720344,158.703857421875
gru_rolling,42,46,690,26.134453582763673,67.74322509765625,389.5915222167969,0.0,81.82555545899596,159.2779998779297
gru_rolling,42,47,705,26.14139633178711,67.9033203125,389.6564025878906,0.0,81.34468874018714,157.1844024658203
gru_rolling,42,48,720,26.192197418212892,67.8604507446289,389.63043212890625,0.0,83.44775643811013,165.7943878173828
gru_rolling,42,49,735,26.24296989440918,68.18150329589844,390.27423095703125,0.0,81.51559920048666,157.9989471435547
gru_rolling,42,50,750,26.160776901245118,67.5875015258789,390.1318054199219,0.0,82.21951855392369,161.33900451660156
gru_rolling,42,51,765,26.11244316101074,67.44813537597656,390.10174560546875,0.0,80.59152399988413,155.81077575683594
gru_rolling,42,52,780,26.150429916381835,67.50804901123047,390.11309814453125,0.0,81.07239071869297,157.66708374023438
gru_rolling,42,53,795,26.145331954956056,67.77497863769531,390.1697082519531,0.0,81.56484458735262,157.99227905273438
gru_rolling,42,54,810,26.146768951416014,67.72994995117188,390.16046142578125,0.0,78.9171808464413,150.3247833251953
gru_rolling,42,55,825,26.098483657836915,67.58348846435547,390.15435791015625,0.0,81.64885142377103,158.7635040283203
gru_rolling,42,56,840,26.18140068054199,67.77350616455078,390.1976623535156,0.0,83.21021986616842,164.58291625976562
gru_rolling,42,57,855,26.124535369873048,67.6735610961914,390.18951416015625,0.0,82.10654384287824,160.17172241210938
gru_rolling,42,58,870,26.15553436279297,67.86373901367188,390.230712890625,0.0,81.0173517569016,156.62522888183594
gru_rolling,42,59,885,26.165166091918945,67.8642807006836,390.2323303222656,0.0,80.84064772167666,155.5023651123047
gru_rolling,42,60,900,26.065037155151366,67.48424530029297,390.1625671386719,0.0,80.8638220213783,156.32147216796875
gru_rolling,42,61,915,26.145632553100587,67.52132415771484,390.1876220703125,0.0,80.38295530256944,155.56629943847656
gru_rolling,42,62,930,26.147175979614257,67.74312591552734,390.21990966796875,0.0,81.48663132585963,158.47091674804688
gru_rolling,42,63,945,26.075661849975585,67.53839111328125,390.1753234863281,0.0,80.93334492048318,155.67723083496094
gru_rolling,42,64,960,26.056097793579102,67.423583984375,390.1504821777344,0.0,79.90498537122332,153.00088500976562
gru_rolling,42,65,975,26.01700630187988,67.1820068359375,390.10015869140625,0.0,80.82616378436313,155.77699279785156
gru_rolling,42,66,990,26.064656829833986,67.57394409179688,390.1797180175781,0.0,80.61180151212307,154.56048583984375
gru_rolling,42,67,1005,26.073323822021486,67.61744689941406,390.19598388671875,0.0,81.51559920048666,157.9452667236328
gru_rolling,42,68,1020,26.09588966369629,67.69599151611328,390.2214050292969,0.0,80.94203528287129,155.8834686279297
gru_rolling,42,69,1035,26.045240783691405,67.31643676757812,390.1144104003906,0.0,82.04571130616146,159.8092498779297
gru_rolling,42,70,1050,26.08521842956543,67.6440200805664,390.19525146484375,0.0,80.66394368645172,154.81826782226562
gru_rolling,42,71,1065,26.020974349975585,67.26354217529297,390.127685546875,0.0,82.29193824049129,160.4989471435547
gru_rolling,42,72,1080,26.007244873046876,67.10265350341797,390.0940246582031,0.0,82.17606674198315,160.53323364257812
gru_rolling,42,73,1095,25.980370330810548,66.96297454833984,390.0676574707031,0.0,81.36786303988876,157.61265563964844
gru_rolling,42,74,1110,26.011629486083983,67.05586242675781,390.1048278808594,0.0,82.71197242258336,162.51463317871094
gru_rolling,42,75,1125,26.02316246032715,67.09918975830078,390.1089172363281,0.0,82.20793140407288,160.57347106933594
gru_rolling,42,76,1140,26.059278869628905,67.33612823486328,390.1672058105469,0.0,81.17667506735032,157.2067108154297
gru_rolling,42,77,1155,26.09012641906738,67.4951400756836,390.2281494140625,0.0,81.4663538136207,158.10861206054688
gru_rolling,42,78,1170,26.107284164428712,67.64549255371094,390.2684631347656,0.0,81.19405579212653,156.67941284179688
gru_rolling,42,79,1185,26.013493728637695,66.85993194580078,390.0856018066406,0.0,82.75832102198662,162.87904357910156
gru_rolling,42,80,1200,26.10158920288086,67.51781463623047,390.231201171875,0.0,81.34179195272444,157.07345581054688
gru_rolling,42,81,1215,26.005527877807616,66.98780059814453,390.0838928222656,0.0,80.98838388227456,156.56224060058594
gru_rolling,42,82,1230,26.18540153503418,67.858642578125,390.32476806640625,0.0,81.81396830914515,159.72108459472656
gru_rolling,42,83,1245,26.12299690246582,67.6054916381836,390.2484130859375,0.0,80.89858347093075,156.12301635742188
gru_rolling,42,84,1260,26.000657272338866,66.94060516357422,389.5368957519531,0.0,81.3968309145158,158.69287109375
gru_rolling,42,85,1275,26.001167678833006,67.09590911865234,389.5421447753906,0.0,81.57063816227803,158.6486053466797
gru_rolling,42,86,1290,25.956362533569337,66.72283172607422,389.48114013671875,0.0,81.04631963152863,157.19041442871094
gru_rolling,42,87,1305,26.013739395141602,67.19644927978516,389.5989074707031,0.0,82.0688856058631,159.94744873046875
gru_rolling,42,88,1320,25.971841049194335,66.87976837158203,389.5409851074219,0.0,80.40612960227108,155.074951171875
gru_rolling,42,89,1335,26.045421981811522,67.35828399658203,389.6495056152344,0.0,81.09266823093189,156.64218139648438
gru_rolling,42,90,1350,26.09978485107422,67.61441802978516,389.73321533203125,0.0,82.01094985660902,159.947021484375
gru_rolling,42,91,1365,26.0729190826416,67.38209533691406,389.6625671386719,0.0,78.40444946554271,148.85887145996094
gru_rolling,42,92,1380,26.097410583496092,67.59213256835938,389.723388671875,0.0,79.86443034674546,152.91075134277344
gru_rolling,42,93,1395,26.049511337280272,67.28754425048828,389.6908264160156,0.0,81.54746386257641,158.6028594970703
gru_rolling,42,94,1410,26.055976104736327,67.39753723144531,389.718505859375,0.0,80.1975609049564,154.31246948242188
gru_rolling,42,95,1425,26.066415786743164,67.42874145507812,389.7437744140625,0.0,79.9803018452536,153.0789337158203
gru_rolling,42,96,1440,26.02978935241699,67.05060577392578,389.70245361328125,0.0,80.48723965122679,155.3561553955078
gru_no_hembed,42,1,15,28.765774536132813,70.85014343261719,390.664306640625,0.0,76.26414553788855,165.2209930419922
gru_no_hembed,42,2,30,28.826657104492188,70.9328384399414,390.4176330566406,0.0,76.04068185073771,165.1302032470703
gru_no_hembed,42,3,45,28.863332748413086,71.02521514892578,390.4986267089844,0.0,75.8745165449076,164.98614501953125
gru_no_hembed,42,4,60,28.89046516418457,71.1163101196289,390.352783203125,0.0,75.66537745308695,164.84664916992188
gru_no_hembed,42,5,75,28.907992553710937,71.16911315917969,389.89410400390625,0.0,75.5822948001719,164.67373657226562
gru_no_hembed,42,6,90,28.896650314331055,71.08647155761719,389.1675720214844,0.0,75.49348230912477,164.47802734375
gru_no_hembed,42,7,105,28.90706024169922,71.05762481689453,388.88067626953125,0.0,75.35310127488899,164.2962188720703
gru_no_hembed,42,8,120,28.966600036621095,71.22711944580078,388.8938293457031,0.0,75.12104283054003,164.11807250976562
gru_no_hembed,42,9,135,29.00182113647461,71.26322174072266,388.802001953125,0.0,75.00644606789858,163.93234252929688
gru_no_hembed,42,10,150,29.009840774536134,71.1995620727539,388.8105773925781,0.0,74.79730697607792,163.7430419921875
gru_no_hembed,42,11,165,29.02352638244629,71.23817443847656,388.81304931640625,0.0,74.66265577997422,163.52316284179688
gru_no_hembed,42,12,180,29.045048904418945,71.32711029052734,388.9075927734375,0.0,74.53373442200257,163.29611206054688
gru_no_hembed,42,13,195,29.02745475769043,71.31494140625,389.117919921875,0.0,74.53946426013465,163.0810089111328
gru_no_hembed,42,14,210,29.01899528503418,71.24473571777344,389.2088317871094,0.0,74.5824380461252,162.8501739501953
gru_no_hembed,42,15,225,29.037485885620118,71.22958374023438,389.0869140625,0.0,74.51367998854033,162.64401245117188
gru_no_hembed,42,16,240,29.034247970581056,71.27730560302734,389.24603271484375,0.0,74.23005300100273,162.37843322753906
gru_no_hembed,42,17,255,29.028346633911134,71.26322174072266,389.1566162109375,0.0,74.23864775820083,162.1298828125
gru_no_hembed,42,18,270,29.012744522094728,71.22467041015625,389.36407470703125,0.0,74.18421429594613,161.91412353515625
gru_no_hembed,42,19,285,28.99747428894043,71.16045379638672,389.18255615234375,0.0,74.1412405099556,161.72547912597656
gru_no_hembed,42,20,300,28.992385864257812,71.1788330078125,389.1294860839844,0.0,74.13551067182352,161.5586395263672
gru_no_hembed,42,21,315,28.957792282104492,71.11546325683594,389.1792907714844,0.0,74.16702478154991,161.39071655273438
gru_no_hembed,42,22,330,28.9327823638916,71.07054901123047,389.2688293457031,0.0,74.15270018621975,161.25430297851562
gru_no_hembed,42,23,345,28.916296005249023,71.0126953125,389.25555419921875,0.0,74.0696175333047,161.1698455810547
gru_no_hembed,42,24,360,28.9043399810791,70.97706604003906,389.2408752441406,0.0,74.0696175333047,161.1602020263672
gru_no_hembed,42,25,375,28.900756454467775,70.99722290039062,389.0099182128906,0.0,73.8977223893425,161.1688995361328
gru_no_hembed,42,26,390,28.89107894897461,70.966064453125,388.9831237792969,0.0,73.93210141813493,161.18223571777344
gru_no_hembed,42,27,405,28.871884155273438,70.86180877685547,389.1380920410156,0.0,73.82036957455952,161.17138671875
gru_no_hembed,42,28,420,28.857403182983397,70.83641052246094,389.2200012207031,0.0,73.80031514109726,161.15867614746094
gru_no_hembed,42,29,435,28.86498680114746,70.89668273925781,389.28192138671875,0.0,73.80604497922934,161.17210388183594
gru_no_hembed,42,30,450,28.8815616607666,70.95127868652344,389.3196716308594,0.0,73.73728692164447,161.2038116455078
gru_no_hembed,42,31,465,28.88475456237793,70.96604919433594,389.3262634277344,0.0,73.67998854032373,161.23934936523438
gru_no_hembed,42,32,480,28.872782516479493,70.97859954833984,389.2560119628906,0.0,73.82036957455952,161.27490234375
gru_no_hembed,42,33,495,28.865884017944335,71.0349349975586,389.1629333496094,0.0,73.72869216444636,161.3287353515625
gru_no_hembed,42,34,510,28.856996536254883,71.04454040527344,389.1123962402344,0.0,73.74301675977654,161.40255737304688
gru_no_hembed,42,35,525,28.84309501647949,71.0064926147461,389.20263671875,0.0,73.77739578856898,161.5112762451172
gru_no_hembed,42,36,540,28.822883224487306,70.9693832397461,389.2355651855469,0.0,73.90918206560664,161.6594696044922
gru_no_hembed,42,37,555,28.84270324707031,71.02156829833984,389.28131103515625,0.0,73.90631714654062,161.8278045654297
gru_no_hembed,42,38,570,28.845064163208008,70.99246978759766,389.29364013671875,0.0,74.01804899011603,162.01229858398438
gru_no_hembed,42,39,585,28.851340103149415,70.99317932128906,389.276123046875,0.0,73.99226471852171,162.19834899902344
gru_no_hembed,42,40,600,28.85686378479004,71.02874755859375,389.26922607421875,0.0,74.0782122905028,162.3709259033203
gru_no_hembed,42,41,615,28.887397384643556,71.1336669921875,389.3037414550781,0.0,74.06102277610658,162.57809448242188
gru_no_hembed,42,42,630,28.931774520874022,71.26307678222656,389.3345031738281,0.0,74.07534737143676,162.79666137695312
gru_no_hembed,42,43,645,28.942945861816405,71.31409454345703,389.3474426269531,0.0,74.06675261423865,162.98805236816406
gru_no_hembed,42,44,660,28.955424499511718,71.3498764038086,389.3508605957031,0.0,74.02664374731414,163.12435913085938
gru_no_hembed,42,45,675,28.972630310058594,71.41524505615234,389.3688659667969,0.0,74.01231915198395,163.2415771484375
gru_no_hembed,42,46,690,28.991557312011718,71.50411224365234,389.3993835449219,0.0,73.98653488038963,163.3244171142578
gru_no_hembed,42,47,705,29.004461669921874,71.56189727783203,389.3818664550781,0.0,74.00945423291792,163.38755798339844
gru_no_hembed,42,48,720,29.01044044494629,71.60659790039062,389.36834716796875,0.0,73.97794012319152,163.38282775878906
gru_no_hembed,42,49,735,29.006149291992188,71.62332153320312,389.4007568359375,0.0,73.91777682280475,163.36395263671875
gru_no_hembed,42,50,750,28.995468139648438,71.62039947509766,389.3677062988281,0.0,73.83755908895574,163.3322296142578
gru_no_hembed,42,51,765,29.008489990234374,71.68334197998047,389.345458984375,0.0,73.82896433175763,163.28176879882812
gru_no_hembed,42,52,780,29.046346282958986,71.79301452636719,389.2007141113281,0.0,73.76593611230483,163.2731475830078
gru_no_hembed,42,53,795,29.088926696777342,71.89908599853516,389.11383056640625,0.0,73.63128491620111,163.25221252441406
gru_no_hembed,42,54,810,29.13311004638672,71.98674774169922,389.2144775390625,0.0,73.6542042687294,163.20809936523438
gru_no_hembed,42,55,825,29.167766952514647,72.06580352783203,389.2496032714844,0.0,73.59404096834264,163.1478729248047
gru_no_hembed,42,56,840,29.19974365234375,72.12712860107422,389.2481384277344,0.0,73.66279902592751,163.08700561523438
gru_no_hembed,42,57,855,29.22881965637207,72.15703582763672,389.2999267578125,0.0,73.54247242515399,163.03323364257812
gru_no_hembed,42,58,870,29.254902267456053,72.16886138916016,389.41522216796875,0.0,73.45938977223894,163.02928161621094
gru_no_hembed,42,59,885,29.278178024291993,72.23400115966797,389.6372985839844,0.0,73.39922647185217,163.0558319091797
gru_no_hembed,42,60,900,29.29784164428711,72.27188110351562,389.8996276855469,0.0,73.3390631714654,163.0831298828125
gru_no_hembed,42,61,915,29.305579376220702,72.24783325195312,389.9564514160156,0.0,73.34765792866351,163.08270263671875
gru_no_hembed,42,62,930,29.297418212890626,72.16995239257812,390.0168762207031,0.0,73.27317003294657,163.05540466308594
gru_no_hembed,42,63,945,29.280287170410155,72.11376190185547,390.0698547363281,0.0,73.2359260850881,163.0083770751953
gru_no_hembed,42,64,960,29.292573928833008,72.21996307373047,390.24993896484375,0.0,73.29035954734279,163.053466796875
gru_no_hembed,42,65,975,29.282900619506837,72.2309799194336,390.3847351074219,0.0,73.2359260850881,163.03732299804688
gru_no_hembed,42,66,990,29.263597869873045,72.1775894165039,390.4510803222656,0.0,73.22733132788998,162.9986114501953
gru_no_hembed,42,67,1005,29.230741500854492,72.08946990966797,390.35931396484375,0.0,73.3304684142673,162.9620361328125
gru_no_hembed,42,68,1020,29.20887985229492,72.04840087890625,390.2225341796875,0.0,73.22446640882396,162.98289489746094
gru_no_hembed,42,69,1035,29.175203704833983,71.98605346679688,390.22564697265625,0.0,73.2674401948145,162.9776153564453
gru_no_hembed,42,70,1050,29.185387802124023,71.96268463134766,390.1751708984375,0.0,73.31900873800315,162.9739990234375
gru_no_hembed,42,71,1065,29.165813064575197,71.85521697998047,390.0300598144531,0.0,73.39063171465406,162.96145629882812
gru_no_hembed,42,72,1080,29.141228485107423,71.82029724121094,389.78424072265625,0.0,73.37344220025784,162.98667907714844
gru_no_hembed,42,73,1095,29.14816818237305,71.83839416503906,389.8268127441406,0.0,73.53387766795588,163.0302276611328
gru_no_hembed,42,74,1110,29.13492546081543,71.7625732421875,389.6830139160156,0.0,73.61123048273886,163.0410919189453
gru_no_hembed,42,75,1125,29.11656723022461,71.6780014038086,389.6708679199219,0.0,73.64847443059733,163.09805297851562
gru_no_hembed,42,76,1140,29.082303619384767,71.587890625,389.5937805175781,0.0,73.8031800601633,163.1886444091797
gru_no_hembed,42,77,1155,29.072650527954103,71.60057067871094,389.5657043457031,0.0,73.91777682280475,163.2523651123047
gru_no_hembed,42,78,1170,29.070861434936525,71.59468841552734,389.5701904296875,0.0,74.00085947571982,163.3539581298828
gru_no_hembed,42,79,1185,29.065710830688477,71.54376983642578,389.6771240234375,0.0,74.1183211574273,163.49676513671875
gru_no_hembed,42,80,1200,29.05797920227051,71.53642272949219,389.87640380859375,0.0,74.3704340352385,163.6419677734375
gru_no_hembed,42,81,1215,29.06767120361328,71.58711242675781,389.8165283203125,0.0,74.38475863056868,163.7933807373047
gru_no_hembed,42,82,1230,29.06052894592285,71.58601379394531,389.98382568359375,0.0,74.39908322589886,163.9344482421875
gru_no_hembed,42,83,1245,29.04019203186035,71.55374908447266,389.8526916503906,0.0,74.50795015040825,164.0840301513672
gru_no_hembed,42,84,1260,28.98980369567871,71.48040771484375,389.11175537109375,0.0,74.5738432889271,164.32437133789062
gru_no_hembed,42,85,1275,29.033163833618165,71.60613250732422,389.0323181152344,0.0,74.68271021343647,164.5686492919922
gru_no_hembed,42,86,1290,29.052961349487305,71.6376953125,389.15771484375,0.0,74.77438762354963,164.7970733642578
gru_no_hembed,42,87,1305,29.079969024658205,71.6795425415039,389.32562255859375,0.0,74.75433319008738,165.01895141601562
gru_no_hembed,42,88,1320,29.11244926452637,71.6954116821289,389.4715881347656,0.0,74.74287351382324,165.2026824951172
gru_no_hembed,42,89,1335,29.102593612670898,71.69193267822266,389.2957458496094,0.0,74.76006302821945,165.3893585205078
gru_no_hembed,42,90,1350,29.091632461547853,71.66768646240234,389.2561950683594,0.0,74.86033519553072,165.56549072265625
gru_no_hembed,42,91,1365,29.08812561035156,71.6139144897461,389.074462890625,0.0,74.88325454805901,165.71554565429688
gru_no_hembed,42,92,1380,29.09034957885742,71.60698699951172,389.1069030761719,0.0,74.98925655350236,165.7378387451172
gru_no_hembed,42,93,1395,29.091334915161134,71.62797546386719,389.016357421875,0.0,75.03796017762498,165.7154998779297
gru_no_hembed,42,94,1410,29.087968826293945,71.65785217285156,388.8475646972656,0.0,75.08379888268156,165.65829467773438
gru_no_hembed,42,95,1425,29.069660949707032,71.61500549316406,388.4847106933594,0.0,74.98925655350236,165.52444458007812
gru_no_hembed,42,96,1440,29.068093872070314,71.5985107421875,388.3443603515625,0.0,74.89184930525713,165.3312530517578
gru_rolling,43,1,15,26.18296699523926,66.61285400390625,389.38909912109375,0.0,85.16555140349352,170.05894470214844
gru_rolling,43,2,30,26.189875030517577,67.09388732910156,389.5232849121094,0.0,84.2472697778164,166.2178955078125
gru_rolling,43,3,45,26.458843231201172,68.74675750732422,389.886474609375,0.0,83.74612554676864,165.28280639648438
gru_rolling,43,4,60,26.403501892089842,67.36137390136719,389.5668029785156,0.0,84.26754729005533,169.0064239501953
gru_rolling,43,5,75,26.351947784423828,67.3137435913086,389.5292053222656,0.0,84.49639349960893,169.5460662841797
gru_rolling,43,6,90,26.232515335083008,67.06810760498047,389.492431640625,0.0,84.22119869065206,167.1139678955078
gru_rolling,43,7,105,26.597239303588868,67.75898742675781,389.6227722167969,0.0,84.78607224587932,172.1557159423828
gru_rolling,43,8,120,26.373272323608397,67.919677734375,389.646728515625,0.0,83.69688015990266,166.24795532226562
gru_rolling,43,9,135,26.61952133178711,68.86003112792969,389.8773193359375,0.0,84.12850149184554,168.3663787841797
gru_rolling,43,10,150,26.35603561401367,67.3397445678711,389.53387451171875,0.0,84.08504967990498,168.0987548828125
gru_rolling,43,11,165,26.425229263305663,68.71406555175781,389.8226623535156,0.0,85.09313171692592,168.78208923339844
gru_rolling,43,12,180,26.594684219360353,68.36555480957031,389.7988586425781,0.0,83.76060948408215,167.4978485107422
gru_rolling,43,13,195,26.533479309082033,68.46173095703125,389.77532958984375,0.0,84.27623765244344,169.0863800048828
gru_rolling,43,14,210,26.38425979614258,67.35054016113281,389.5312194824219,0.0,84.11981112945743,168.5374298095703
gru_rolling,43,15,225,26.871140670776366,69.90141296386719,390.0430603027344,0.0,85.11920280409026,175.6302032470703
gru_rolling,43,16,240,26.488449096679688,67.24620056152344,389.42987060546875,0.0,84.38052200110077,171.3839569091797
gru_rolling,43,17,255,26.49371910095215,68.74542999267578,389.7401428222656,0.0,84.60357463572898,170.68121337890625
gru_rolling,43,18,270,26.330982208251953,67.8448486328125,389.64080810546875,0.0,83.35505923930361,165.50450134277344
gru_rolling,43,19,285,26.684768676757812,68.18173217773438,389.62445068359375,0.0,84.45004490020567,171.38417053222656
gru_rolling,43,20,300,26.421734619140626,67.31490325927734,389.3973693847656,0.0,84.26754729005533,169.79782104492188
gru_rolling,43,21,315,26.51630096435547,68.04583740234375,389.5338439941406,0.0,84.20092117841314,169.3531951904297
gru_rolling,43,22,330,26.54430389404297,67.41621398925781,389.4573669433594,0.0,84.58909069841546,172.67132568359375
gru_rolling,43,23,345,26.541174697875977,69.0118637084961,389.7903137207031,0.0,83.61577011094697,165.32662963867188
gru_rolling,43,24,360,26.398939514160155,68.19355773925781,389.6170959472656,0.0,83.93731351930708,166.90419006347656
gru_rolling,43,25,375,26.48936347961426,68.56798553466797,389.6598815917969,0.0,84.06766895512877,167.64312744140625
gru_rolling,43,26,390,26.509528350830077,68.6554183959961,389.65484619140625,0.0,84.20092117841314,170.38482666015625
gru_rolling,43,27,405,26.79673614501953,69.43645477294922,389.864013671875,0.0,85.58558558558559,176.3073272705078
gru_rolling,43,28,420,26.40640869140625,68.31051635742188,389.62457275390625,0.0,83.76350627154486,166.33901977539062
gru_rolling,43,29,435,26.42495651245117,68.59439086914062,389.6345520019531,0.0,84.9975377306567,169.0628662109375
gru_rolling,43,30,450,26.402699661254882,68.4476547241211,389.6634826660156,0.0,83.60997653602156,166.19508361816406
gru_rolling,43,31,465,26.46264190673828,68.17877960205078,389.65484619140625,0.0,83.97497175632223,168.93069458007812
gru_rolling,43,32,480,26.44346046447754,68.20051574707031,389.6377258300781,0.0,85.64062454737696,173.40115356445312
gru_rolling,43,33,495,26.661316299438475,68.45745086669922,389.698486328125,0.0,83.94600388169519,169.3653106689453
gru_rolling,43,34,510,26.519393157958984,68.4822998046875,389.71893310546875,0.0,84.08794646736769,167.9059295654297
gru_rolling,43,35,525,26.5034236907959,69.03258514404297,389.8085021972656,0.0,83.91413921960546,166.3750457763672
gru_rolling,43,36,540,26.472496032714844,68.72583770751953,389.7453918457031,0.0,83.51148576228962,164.9571075439453
gru_rolling,43,37,555,26.650861740112305,67.9419937133789,389.58258056640625,0.0,84.3167926769213,171.75924682617188
gru_rolling,43,38,570,26.51626091003418,67.59088897705078,389.5097961425781,0.0,84.16326294139799,170.54286193847656
gru_rolling,43,39,585,26.50855255126953,67.89183044433594,389.55157470703125,0.0,84.16326294139799,169.37295532226562
gru_rolling,43,40,600,26.367866897583006,68.42211151123047,389.6700439453125,0.0,83.4941050375134,164.7220001220703
gru_rolling,43,41,615,26.727253341674803,68.0233154296875,389.5251770019531,0.0,84.50798064945974,173.166015625
gru_rolling,43,42,630,26.51447448730469,68.4530258178711,389.6324768066406,0.0,84.82952405781988,172.35328674316406
gru_rolling,43,43,645,26.68869552612305,69.31958770751953,389.86669921875,0.0,85.49868196170448,174.04173278808594
gru_rolling,43,44,660,26.36103515625,68.16571807861328,389.603515625,0.0,83.96628139393412,167.3505096435547
gru_rolling,43,45,675,26.50128746032715,68.91224670410156,389.6764831542969,0.0,84.84111120767069,170.2558135986328
gru_rolling,43,46,690,26.319210815429688,68.177490234375,389.58502197265625,0.0,83.78088699632109,165.8011932373047
gru_rolling,43,47,705,26.470817947387694,69.03389739990234,389.7443542480469,0.0,83.59259581124533,165.0208282470703
gru_rolling,43,48,720,26.35682907104492,68.32916259765625,389.61334228515625,0.0,83.54045363691665,164.9401397705078
gru_rolling,43,49,735,26.682235717773438,68.3466796875,390.1896057128906,0.0,84.45583847513109,170.86277770996094
gru_rolling,43,50,750,26.54242820739746,68.61400604248047,390.2437744140625,0.0,84.97436343095507,172.35838317871094
gru_rolling,43,51,765,26.772814178466795,68.96215057373047,390.2967834472656,0.0,84.60936821065438,170.5529022216797
gru_rolling,43,52,780,26.47980155944824,68.14974212646484,390.1799011230469,0.0,84.13139827930824,167.82078552246094
gru_rolling,43,53,795,26.56602897644043,69.02208709716797,390.36407470703125,0.0,84.38341878856347,168.47486877441406
gru_rolling,43,54,810,26.48381576538086,68.51416015625,390.2109069824219,0.0,83.98366211871034,165.73658752441406
gru_rolling,43,55,825,26.627860641479494,68.26334381103516,390.17169189453125,0.0,84.55722603632572,170.30419921875
gru_rolling,43,56,840,26.38923797607422,67.59811401367188,390.09759521484375,0.0,84.28492801483155,167.6322479248047
gru_rolling,43,57,855,27.568477630615234,72.07917785644531,391.19403076171875,0.0,85.7362185336462,182.88580322265625
gru_rolling,43,58,870,26.423446273803712,68.60567474365234,390.3175048828125,0.0,83.21021986616842,163.37144470214844
gru_rolling,43,59,885,26.499431228637697,67.89562225341797,390.20587158203125,0.0,84.44714811274297,169.18849182128906
gru_rolling,43,60,900,26.42379493713379,68.55481719970703,390.3438415527344,0.0,84.34865733901104,167.17713928222656
gru_rolling,43,61,915,26.56063232421875,69.26454162597656,390.44976806640625,0.0,84.37762521363807,166.78683471679688
gru_rolling,43,62,930,26.43471031188965,68.2505111694336,390.28961181640625,0.0,85.39439761304713,173.0010528564453
gru_rolling,43,63,945,26.48436584472656,68.81710052490234,390.3104248046875,0.0,85.02940239274645,170.60467529296875
gru_rolling,43,64,960,26.384096145629883,68.33383178710938,390.3135681152344,0.0,83.53176327452854,164.17636108398438
gru_rolling,43,65,975,26.50013122558594,68.9809799194336,390.4183044433594,0.0,83.5723182990064,164.33274841308594
gru_rolling,43,66,990,26.378232192993163,68.21513366699219,390.2542724609375,0.0,84.98015700588047,169.58609008789062
gru_rolling,43,67,1005,26.446278381347657,68.6567153930664,390.33734130859375,0.0,83.92862315691897,166.61097717285156
gru_rolling,43,68,1020,26.404762268066406,67.28832244873047,390.1410827636719,0.0,84.62674893543061,170.1604766845703
gru_rolling,43,69,1035,26.56818389892578,68.7833023071289,390.3798828125,0.0,84.49929028707163,168.238037109375
gru_rolling,43,70,1050,26.482463455200197,68.34776306152344,390.3069152832031,0.0,84.26754729005533,167.5450439453125
gru_rolling,43,71,1065,26.479431915283204,68.47107696533203,390.3412170410156,0.0,83.78668057124649,165.6595001220703
gru_rolling,43,72,1080,26.406507873535155,68.48194122314453,390.34228515625,0.0,84.00973320587468,166.16400146484375
gru_rolling,43,73,1095,26.543855285644533,67.62162017822266,390.19403076171875,0.0,84.98305379334317,172.01898193359375
gru_rolling,43,74,1110,26.44945182800293,68.68216705322266,390.366943359375,0.0,83.41009820109498,163.49472045898438
gru_rolling,43,75,1125,26.44311408996582,67.8629379272461,390.20404052734375,0.0,84.53115494916138,169.02047729492188
gru_rolling,43,76,1140,26.601469421386717,69.00125885009766,390.3963317871094,0.0,84.89615016946208,171.45681762695312
gru_rolling,43,77,1155,26.525818252563475,68.43971252441406,390.3115234375,0.0,84.56012282378842,168.88662719726562
gru_rolling,43,78,1170,26.482970809936525,67.82552337646484,390.18792724609375,0.0,84.52825816169867,168.62278747558594
gru_rolling,43,79,1185,26.416163635253906,68.55989837646484,390.3177795410156,0.0,84.56012282378842,167.65870666503906
gru_rolling,43,80,1200,26.383528900146484,68.2887954711914,390.2889099121094,0.0,85.38860403812171,170.7007293701172
gru_rolling,43,81,1215,26.55625228881836,69.00411987304688,390.4367980957031,0.0,83.51727933721503,164.735107421875
gru_rolling,43,82,1230,26.402381134033202,67.50556945800781,390.14764404296875,0.0,84.22699226557746,167.6486358642578
gru_rolling,43,83,1245,26.453289413452147,68.84674835205078,390.3579406738281,0.0,85.591379160511,170.7056427001953
gru_rolling,43,84,1260,26.322987365722657,68.21131134033203,389.6764221191406,0.0,83.58100866139452,164.282958984375
gru_rolling,43,85,1275,26.550519943237305,68.19036102294922,389.6510925292969,0.0,84.3921091509516,168.61915588378906
gru_rolling,43,86,1290,26.371549224853517,67.1043472290039,389.4612731933594,0.0,84.21250832826395,169.4532470703125
gru_rolling,43,87,1305,26.675386047363283,68.26448059082031,389.73565673828125,0.0,84.50508386199704,170.77947998046875
gru_rolling,43,88,1320,26.453228378295897,67.30894470214844,389.5547790527344,0.0,84.67889110975928,171.34388732910156
gru_rolling,43,89,1335,26.421843338012696,68.18470001220703,389.7265319824219,0.0,84.49929028707163,168.43255615234375
gru_rolling,43,90,1350,26.392623901367188,68.44873809814453,389.74200439453125,0.0,84.57460676110193,169.39842224121094
gru_rolling,43,91,1365,26.520967102050783,67.72785186767578,389.6752014160156,0.0,84.73103328408794,171.22850036621094
gru_rolling,43,92,1380,26.315230941772462,67.49767303466797,389.635986328125,0.0,84.26754729005533,167.8819580078125
gru_rolling,43,93,1395,26.58834114074707,68.26335144042969,389.8212585449219,0.0,84.23857941542829,169.94741821289062
gru_rolling,43,94,1410,26.301728820800783,67.26779174804688,389.6118469238281,0.0,84.14588221662177,167.55506896972656
gru_rolling,43,95,1425,26.586304473876954,67.99124908447266,389.7809143066406,0.0,84.52246458677327,171.46481323242188
gru_rolling,43,96,1440,26.555177688598633,67.66571044921875,389.81475830078125,0.0,85.0004345181194,173.41432189941406
gru_static,43,1,15,28.741941070556642,73.25157928466797,389.13983154296875,0.0,88.67497493195818,226.20599365234375
gru_static,43,2,30,29.439860153198243,74.60585021972656,391.8511657714844,0.0,88.24237215298668,228.7992401123047
gru_static,43,3,45,44.12019729614258,104.21699523925781,450.664794921875,0.0,83.79315284343217,316.9451904296875
gru_static,43,4,60,29.776734924316408,74.93743133544922,393.22998046875,0.0,85.24566680991262,209.71841430664062
gru_static,43,5,75,28.37834777832031,73.12533569335938,389.2320251464844,0.0,86.6380174760063,205.28041076660156
gru_static,43,6,90,28.409100341796876,72.87867736816406,389.2264709472656,0.0,85.58945709783698,199.9075164794922
gru_static,43,7,105,28.52152328491211,73.69515228271484,389.6094055175781,0.0,85.4261567110729,198.49868774414062
gru_static,43,8,120,33.51685485839844,82.95632934570312,403.45257568359375,0.0,86.73542472425154,253.29173278808594
gru_static,43,9,135,33.86007499694824,86.2175064086914,409.4346618652344,0.0,87.9444205701189,257.9357604980469
gru_static,43,10,150,28.502848434448243,72.99191284179688,389.43896484375,0.0,85.86162440911043,201.8046112060547
gru_static,43,11,165,46.311537170410155,111.14854431152344,463.67950439453125,0.0,85.72983813207277,341.4897766113281
gru_static,43,12,180,40.932080841064455,101.63019561767578,444.90728759765625,0.0,87.3714367569116,312.3619384765625
gru_static,43,13,195,29.45889015197754,76.09142303466797,391.52655029296875,0.0,87.89285202693023,221.03407287597656
gru_static,43,14,210,29.01280746459961,73.86234283447266,389.6824951171875,0.0,88.66351525569402,228.25094604492188
gru_static,43,15,225,29.509627914428712,75.58293151855469,389.9018249511719,0.0,89.47142243231629,242.3912353515625
gru_static,43,16,240,28.395998382568358,72.70577239990234,389.3063659667969,0.0,86.39736427445925,204.30906677246094
gru_static,43,17,255,30.01740417480469,77.30123138427734,391.024658203125,0.0,89.48861194671251,253.29891967773438
gru_static,43,18,270,28.454216766357423,73.1893539428711,389.3614807128906,0.0,85.84729981378027,201.64163208007812
gru_static,43,19,285,29.61686592102051,76.11215209960938,390.2529296875,0.0,89.58888411402378,241.89219665527344
gru_static,43,20,300,30.045781326293945,76.63446044921875,393.9908752441406,0.0,86.20541469703481,216.29774475097656
gru_static,43,21,315,29.145170211791992,75.13581848144531,390.1361389160156,0.0,88.5747027646469,225.7480926513672
gru_static,43,22,330,29.138048934936524,73.72142791748047,389.51190185546875,0.0,89.04454949147687,236.20208740234375
gru_static,43,23,345,58.62702560424805,136.6070556640625,514.6504516601562,0.0,82.47815499212147,417.33721923828125
gru_static,43,24,360,49.34305419921875,115.53462982177734,467.7854309082031,0.0,84.87036241226185,363.636962890625
gru_static,43,25,375,31.47783432006836,80.94357299804688,397.7681579589844,0.0,86.68099126199685,227.85165405273438
gru_static,43,26,390,30.069564819335938,76.2104263305664,390.6533508300781,0.0,89.5516401661653,261.4009094238281
gru_static,43,27,405,44.51556549072266,108.34408569335938,446.6623840332031,0.0,86.50050136083655,341.8236999511719
gru_static,43,28,420,42.77258987426758,102.77632141113281,437.53387451171875,0.0,82.95659647614954,296.9972229003906
gru_static,43,29,435,54.86231155395508,129.4093475341797,489.04742431640625,0.0,84.35754189944134,399.218505859375
gru_static,43,30,450,61.82471694946289,136.1667022705078,494.5572814941406,0.0,79.91118750895288,449.8808288574219
gru_static,43,31,465,28.608430099487304,73.5547866821289,389.44769287109375,0.0,87.33705772811918,213.4938201904297
gru_static,43,32,480,28.948784255981444,73.90225219726562,389.7249755859375,0.0,88.31399512963759,224.65438842773438
gru_static,43,33,495,45.7550537109375,109.48674774169922,440.5142822265625,0.0,84.40051568543188,347.51263427734375
gru_static,43,34,510,43.96205062866211,105.92377471923828,444.52239990234375,0.0,83.22589886835698,306.56719970703125
gru_static,43,35,525,42.05616073608398,102.21800994873047,435.8070068359375,0.0,86.21114453516688,312.1240234375
gru_static,43,36,540,51.527041625976565,118.95770263671875,471.34112548828125,0.0,82.23750179057441,378.7088317871094
gru_static,43,37,555,29.16683464050293,74.82100677490234,390.2230224609375,0.0,88.14496490474144,224.524169921875
gru_static,43,38,570,29.364732360839845,74.38626098632812,390.09539794921875,0.0,88.94141240509956,237.54476928710938
gru_static,43,39,585,29.31787223815918,74.80024719238281,390.0224304199219,0.0,88.8669245093826,234.99581909179688
gru_static,43,40,600,33.8298454284668,82.7596664428711,403.7713317871094,0.0,85.51496920212004,252.41383361816406
gru_static,43,41,615,28.487490844726562,73.48931884765625,389.5418395996094,0.0,85.39464260134652,199.84744262695312
gru_static,43,42,630,44.773546600341795,108.15513610839844,444.398193359375,0.0,85.57226758344076,336.6016845703125
gru_static,43,43,645,32.91024589538574,82.64828491210938,400.5124206542969,0.0,88.5116745451941,261.2740783691406
gru_static,43,44,660,31.88368453979492,79.65605163574219,398.046142578125,0.0,86.04211431027073,232.2489471435547
gru_static,43,45,675,43.35759811401367,105.1897201538086,439.5023193359375,0.0,86.5520699040252,326.5716247558594
gru_static,43,46,690,32.09585876464844,79.927490234375,398.9294738769531,0.0,85.98768084801604,240.40380859375
gru_static,43,47,705,37.39971351623535,91.68707275390625,417.8026428222656,0.0,83.28892708780977,257.1441955566406
gru_static,43,48,720,42.3569221496582,99.56527709960938,432.0389099121094,0.0,83.76736857183784,307.45428466796875
gru_static,43,49,735,35.44155654907227,87.13347625732422,410.2927551269531,0.0,83.64417705199828,244.0409698486328
gru_static,43,50,750,45.02680969238281,107.9699935913086,442.5972595214844,0.0,84.84744305973356,337.6028747558594
gru_static,43,51,765,32.20024032592774,82.21879577636719,400.5592346191406,0.0,88.25669674831687,246.70359802246094
gru_static,43,52,780,36.599588012695314,89.11946868896484,415.08074951171875,0.0,84.21716086520556,256.08978271484375
gru_static,43,53,795,51.81906356811523,121.27543640136719,459.85736083984375,0.0,81.11158859762212,376.06524658203125
gru_static,43,54,810,33.30577507019043,83.98621368408203,404.86090087890625,0.0,86.44606789858187,242.14244079589844
gru_static,43,55,825,30.48091049194336,78.12887573242188,394.8692321777344,0.0,85.56080790717661,214.27737426757812
gru_static,43,56,840,28.9173152923584,73.65126037597656,389.34893798828125,0.0,88.4887551926658,228.59634399414062
gru_static,43,57,855,29.62267608642578,75.42838287353516,389.82037353515625,0.0,89.7951582867784,248.49411010742188
gru_static,43,58,870,47.49427719116211,108.67901611328125,448.91986083984375,0.0,82.56123764503653,345.6648254394531
gru_static,43,59,885,28.98768310546875,74.45203399658203,389.5556640625,0.0,88.53172897865636,228.76278686523438
gru_static,43,60,900,28.847776031494142,74.10173797607422,389.94757080078125,0.0,87.5519266580719,217.40650939941406
gru_static,43,61,915,51.15817794799805,120.86575317382812,470.9627685546875,0.0,85.32874946282767,379.7971496582031
gru_static,43,62,930,29.369358444213866,74.39344787597656,390.8275146484375,0.0,88.2051282051282,229.9044189453125
gru_static,43,63,945,41.843135833740234,101.29151153564453,432.7780456542969,0.0,85.18263859045983,306.3747863769531
gru_static,43,64,960,32.23226814270019,80.10273742675781,399.75927734375,0.0,85.50637444492193,240.81175231933594
gru_static,43,65,975,36.9566593170166,90.86146545410156,416.67205810546875,0.0,83.27460249247959,253.90914916992188
gru_static,43,66,990,29.335570526123046,74.6080322265625,390.22418212890625,0.0,87.46024924795874,239.24317932128906
gru_static,43,67,1005,33.460486602783206,84.21861267089844,403.06121826171875,0.0,86.3228763787423,247.548828125
gru_static,43,68,1020,28.395668029785156,72.80223083496094,389.3286437988281,0.0,85.89600343790288,202.89920043945312
gru_static,43,69,1035,32.7444507598877,83.26409912109375,402.91265869140625,0.0,86.45752757484601,237.07290649414062
gru_static,43,70,1050,44.39065170288086,106.85535430908203,447.40191650390625,0.0,85.21988253831829,327.8998107910156
gru_static,43,71,1065,28.929798126220703,74.43134307861328,390.07928466796875,0.0,85.87881392350666,214.2600555419922
gru_static,43,72,1080,29.62359046936035,75.35563659667969,391.1744079589844,0.0,86.36585016473285,231.7730255126953
gru_static,43,73,1095,28.745243072509766,74.43108367919922,389.7179260253906,0.0,84.82165878813923,200.27328491210938
gru_static,43,74,1110,47.34740371704102,110.08674621582031,451.2254333496094,0.0,82.36355822948002,358.0863342285156
gru_static,43,75,1125,28.721096420288085,73.76502990722656,389.5207824707031,0.0,87.89285202693023,220.1444549560547
gru_static,43,76,1140,37.60880966186524,91.41038513183594,415.6894226074219,0.0,87.07348517404382,296.9743957519531
gru_static,43,77,1155,30.48479652404785,77.68663787841797,394.3704528808594,0.0,84.22289070333763,209.35841369628906
gru_static,43,78,1170,30.33250274658203,76.92182922363281,393.5884094238281,0.0,88.44291648760922,239.88278198242188
gru_static,43,79,1185,28.39737205505371,73.23558807373047,389.2216491699219,0.0,86.89299527288354,208.48980712890625
gru_static,43,80,1200,28.46151123046875,72.5045166015625,389.11383056640625,0.0,87.38862627130783,215.21116638183594
gru_static,43,81,1215,36.857215118408206,90.44734954833984,418.36407470703125,0.0,84.76149548775247,266.96966552734375
gru_static,43,82,1230,28.80813217163086,72.94595336914062,389.3541259765625,0.0,88.41140237788282,228.56117248535156
gru_static,43,83,1245,30.912735748291016,78.71835327148438,396.9645690917969,0.0,88.13637014754333,238.89297485351562
gru_static,43,84,1260,30.809143447875975,77.54839324951172,396.34490966796875,0.0,85.54934823091249,229.8564453125
gru_static,43,85,1275,30.096043395996094,76.21729278564453,392.7131042480469,0.0,88.68643460822231,243.65524291992188
gru_static,43,86,1290,28.113946533203126,71.54884338378906,388.4181823730469,0.0,85.72983813207277,201.61932373046875
gru_static,43,87,1305,29.288470840454103,74.86673736572266,389.0245666503906,0.0,89.48861194671251,241.66213989257812
gru_static,43,88,1320,28.417079162597656,72.72702026367188,388.5909118652344,0.0,85.65821515542186,203.27932739257812
gru_static,43,89,1335,28.340922164916993,73.3734130859375,388.7989196777344,0.0,85.72124337487466,199.1209259033203
gru_static,43,90,1350,36.99211311340332,90.32291412353516,428.8502502441406,0.0,86.9846726829967,282.89337158203125
gru_static,43,91,1365,28.431037521362306,73.59494018554688,388.8072814941406,0.0,84.82452370720527,196.33595275878906
gru_static,43,92,1380,28.35240020751953,72.58421325683594,388.79803466796875,0.0,85.85589457097838,202.26211547851562
gru_static,43,93,1395,28.923529434204102,74.23784637451172,389.29400634765625,0.0,88.33404956309985,225.4424285888672
gru_static,43,94,1410,28.959690475463866,73.34835815429688,389.0761413574219,0.0,88.56897292651482,231.232177734375
gru_static,43,95,1425,28.937858963012694,74.70329284667969,389.4462890625,0.0,84.81019911187508,201.22238159179688
gru_static,43,96,1440,29.185063552856445,73.80806732177734,389.25994873046875,0.0,88.84687007592036,236.0255584716797
mrinn_static,43,1,15,29.081907653808592,74.05158233642578,388.9787902832031,0.0,93.46798452943705,253.3043975830078
mrinn_static,43,2,30,29.090627670288086,73.84654998779297,389.2022399902344,0.0,93.53387766795588,253.89556884765625
mrinn_static,43,3,45,29.094204330444335,73.90874481201172,389.1547546386719,0.0,93.53101274888984,253.44491577148438
mrinn_static,43,4,60,29.1264217376709,74.23387908935547,389.2600402832031,0.0,93.51095831542759,252.78997802734375
mrinn_static,43,5,75,29.074482727050782,73.89813995361328,388.77532958984375,0.0,93.49949863916345,253.16940307617188
mrinn_static,43,6,90,29.10641403198242,73.9767837524414,389.5843811035156,0.0,93.49949863916345,253.08056640625
mrinn_static,43,7,105,29.207383728027345,74.19447326660156,390.0814514160156,0.0,93.53101274888984,252.61753845214844
mrinn_static,43,8,120,29.00104331970215,73.46048736572266,389.11468505859375,0.0,93.61123048273886,253.26463317871094
mrinn_static,43,9,135,29.739088439941405,75.86548614501953,391.89617919921875,0.0,93.41068614811631,255.3713836669922
mrinn_static,43,10,150,29.050586318969728,73.80430603027344,389.3524169921875,0.0,93.55393210141814,252.31004333496094
mrinn_static,43,11,165,29.04933853149414,73.68841552734375,389.3588562011719,0.0,93.54533734422003,252.86827087402344
mrinn_static,43,12,180,29.029339218139647,73.51724243164062,389.26934814453125,0.0,93.53960750608795,253.34246826171875
mrinn_static,43,13,195,28.988684463500977,73.44637298583984,389.16351318359375,0.0,93.56825669674832,252.76095581054688
mrinn_static,43,14,210,29.14821014404297,73.92835235595703,389.5181579589844,0.0,93.59977080647471,253.2571258544922
mrinn_static,43,15,225,28.98053894042969,73.51113891601562,389.1614074707031,0.0,93.61123048273886,252.49267578125
mrinn_static,43,16,240,29.053910064697266,73.72537994384766,389.3293762207031,0.0,93.6140954018049,252.98143005371094
mrinn_static,43,17,255,29.144240188598634,74.16453552246094,389.46368408203125,0.0,93.52528291075777,252.2802734375
mrinn_static,43,18,270,29.070304107666015,73.8176040649414,389.4284362792969,0.0,93.57398653488039,252.66506958007812
mrinn_static,43,19,285,29.007675170898438,73.60054779052734,389.27362060546875,0.0,93.61123048273886,252.4893035888672
mrinn_static,43,20,300,28.95414924621582,73.36018371582031,389.036376953125,0.0,93.58831113021057,252.47274780273438
mrinn_static,43,21,315,29.156148529052736,74.15827178955078,389.9819641113281,0.0,93.54533734422003,251.65127563476562
mrinn_static,43,22,330,28.94813003540039,73.35478210449219,389.234619140625,0.0,93.67425870219166,252.6708221435547
mrinn_static,43,23,345,29.060440063476562,73.78099822998047,389.7752685546875,0.0,93.66852886405958,252.98048400878906
mrinn_static,43,24,360,28.935353088378907,73.40341186523438,389.3360290527344,0.0,93.6140954018049,252.30517578125
mrinn_static,43,25,375,28.96409492492676,73.3995361328125,389.56121826171875,0.0,93.73728692164445,253.13414001464844
mrinn_static,43,26,390,29.06207160949707,73.76360321044922,390.2138977050781,0.0,93.72869216444636,253.53121948242188
mrinn_static,43,27,405,29.031467056274415,73.53937530517578,389.62396240234375,0.0,93.73442200257843,253.69993591308594
mrinn_static,43,28,420,29.06988525390625,73.887451171875,390.343505859375,0.0,93.61123048273886,252.78561401367188
mrinn_static,43,29,435,29.055334854125977,73.9057388305664,389.61236572265625,0.0,93.49090388196534,252.11585998535156
mrinn_static,43,30,450,29.210481262207033,74.09251403808594,390.4510192871094,0.0,93.64274459246526,253.81199645996094
mrinn_static,43,31,465,29.018800735473633,73.3748779296875,389.427490234375,0.0,93.76880103137086,254.0784454345703
mrinn_static,43,32,480,29.12512969970703,74.00035095214844,390.0947265625,0.0,93.6140954018049,252.9014129638672
mrinn_static,43,33,495,29.24271469116211,74.1713638305664,390.17022705078125,0.0,93.63128491620112,254.01524353027344
mrinn_static,43,34,510,29.19102363586426,74.0622787475586,389.9830017089844,0.0,93.6140954018049,254.0581817626953
mrinn_static,43,35,525,29.132874298095704,74.0533447265625,389.9681701660156,0.0,93.53387766795588,252.54287719726562
mrinn_static,43,36,540,29.165399932861327,74.05439758300781,389.998291015625,0.0,93.6456095115313,253.59140014648438
mrinn_static,43,37,555,29.13158264160156,73.99887084960938,389.8219909667969,0.0,93.64274459246526,253.5818328857422
mrinn_static,43,38,570,29.073905563354494,73.72061920166016,389.65399169921875,0.0,93.59690588740868,253.99183654785156
mrinn_static,43,39,585,29.898832321166992,76.530517578125,391.1903381347656,0.0,93.37630711932388,259.75372314453125
mrinn_static,43,40,600,29.270744705200194,74.28448486328125,390.0904541015625,0.0,93.5825812920785,254.79446411132812
mrinn_static,43,41,615,29.08902473449707,73.79300689697266,389.5373229980469,0.0,93.61982523993697,254.03268432617188
mrinn_static,43,42,630,29.374760818481445,74.37939453125,390.06976318359375,0.0,93.54820226328606,255.36160278320312
mrinn_static,43,43,645,29.137443923950194,73.8555908203125,389.6492004394531,0.0,93.61123048273886,254.6679229736328
mrinn_static,43,44,660,29.154111099243163,74.01974487304688,389.87530517578125,0.0,93.56252685861625,254.52146911621094
mrinn_static,43,45,675,29.2450870513916,74.12229919433594,390.02130126953125,0.0,93.58831113021057,255.29522705078125
mrinn_static,43,46,690,29.126093292236327,73.83492279052734,389.7607116699219,0.0,93.64274459246526,254.7167510986328
mrinn_static,43,47,705,29.160766220092775,73.99443817138672,389.8384704589844,0.0,93.5911760492766,254.75315856933594
mrinn_static,43,48,720,29.07085762023926,73.69784545898438,389.6261901855469,0.0,93.56825669674832,254.2917938232422
mrinn_static,43,49,735,29.166629028320312,74.048583984375,389.7673034667969,0.0,93.48517404383327,254.96092224121094
mrinn_static,43,50,750,29.3166862487793,74.54309844970703,390.4964294433594,0.0,93.51095831542759,254.0006561279297
mrinn_static,43,51,765,29.245421600341796,74.31193542480469,390.19219970703125,0.0,93.54247242515399,254.32293701171875
mrinn_static,43,52,780,29.16469497680664,74.09851837158203,389.7854309082031,0.0,93.62269015900301,254.271484375
mrinn_static,43,53,795,29.38573112487793,74.60258483886719,390.52252197265625,0.0,93.55393210141814,255.09597778320312
mrinn_static,43,54,810,29.257561874389648,74.34813690185547,389.956298828125,0.0,93.5825812920785,255.08230590820312
mrinn_static,43,55,825,29.28394432067871,74.36367797851562,390.04974365234375,0.0,93.60263572554075,254.81126403808594
mrinn_static,43,56,840,29.19219398498535,74.1619873046875,389.775146484375,0.0,93.56539177768228,254.883544921875
mrinn_static,43,57,855,29.468609237670897,74.66510009765625,390.218994140625,0.0,93.44793009597478,256.2724304199219
mrinn_static,43,58,870,29.27550811767578,74.2889633178711,389.77191162109375,0.0,93.57685145394643,255.60464477539062
mrinn_static,43,59,885,29.28935546875,74.55418395996094,390.1463317871094,0.0,93.54247242515399,254.4123992919922
mrinn_static,43,60,900,29.32166290283203,74.6634521484375,390.3221130371094,0.0,93.54820226328606,254.50929260253906
mrinn_static,43,61,915,29.161024856567384,73.90583038330078,389.5581359863281,0.0,93.59977080647471,255.57040405273438
mrinn_static,43,62,930,29.27920570373535,74.31876373291016,389.8852844238281,0.0,93.56825669674832,255.96591186523438
mrinn_static,43,63,945,29.322134017944336,74.26697540283203,389.81231689453125,0.0,93.52241799169173,256.6048278808594
mrinn_static,43,64,960,29.24377784729004,74.07034301757812,389.5943908691406,0.0,93.49376880103138,256.114013671875
mrinn_static,43,65,975,29.378146362304687,74.48613739013672,389.9745788574219,0.0,93.47944420570118,256.5985107421875
mrinn_static,43,66,990,29.485004425048828,74.84526824951172,390.2616882324219,0.0,93.48230912476723,256.4327392578125
mrinn_static,43,67,1005,29.2918342590332,74.61640930175781,389.7816162109375,0.0,93.50809339636156,255.07400512695312
mrinn_static,43,68,1020,29.420178604125976,74.80445861816406,390.2021484375,0.0,93.45938977223894,255.85723876953125
mrinn_static,43,69,1035,29.385916900634765,74.63668823242188,390.26214599609375,0.0,93.48230912476723,256.3680419921875
mrinn_static,43,70,1050,29.428774642944337,74.74169158935547,390.2194519042969,0.0,93.45079501504082,256.50433349609375
mrinn_static,43,71,1065,29.30232925415039,74.34781646728516,389.8493347167969,0.0,93.4020913909182,256.16998291015625
mrinn_static,43,72,1080,29.306171417236328,74.51042938232422,389.8079528808594,0.0,93.45938977223894,255.6385955810547
mrinn_static,43,73,1095,29.421389389038087,74.7569351196289,390.51654052734375,0.0,93.44793009597478,255.7142791748047
mrinn_static,43,74,1110,29.331351852416994,74.52664184570312,389.9675598144531,0.0,93.46225469130496,255.58819580078125
mrinn_static,43,75,1125,29.42084846496582,74.69570922851562,390.31982421875,0.0,93.37917203838991,256.33990478515625
mrinn_static,43,76,1140,29.42464485168457,74.6824951171875,390.2588806152344,0.0,93.35052284772955,256.4053039550781
mrinn_static,43,77,1155,29.493898010253908,74.78228759765625,390.2119140625,0.0,93.37630711932388,256.6744384765625
mrinn_static,43,78,1170,29.38964080810547,74.63878631591797,390.32086181640625,0.0,93.39636155278613,255.9175262451172
mrinn_static,43,79,1185,29.49550590515137,74.91291809082031,390.5492858886719,0.0,93.45938977223894,255.8507080078125
mrinn_static,43,80,1200,29.436115646362303,74.73026275634766,390.309326171875,0.0,93.38203695745595,256.0080871582031
mrinn_static,43,81,1215,29.415386581420897,74.5985107421875,390.1706848144531,0.0,93.42214582438046,256.15386962890625
mrinn_static,43,82,1230,29.464479827880858,74.82564544677734,390.62872314453125,0.0,93.39922647185217,255.4858856201172
mrinn_static,43,83,1245,29.363233947753905,74.48330688476562,390.01837158203125,0.0,93.43360550064462,255.78868103027344
mrinn_static,43,84,1260,29.3385009765625,74.4054183959961,389.4428405761719,0.0,93.42214582438046,256.2876892089844
mrinn_static,43,85,1275,29.348875427246092,74.61223602294922,389.71771240234375,0.0,93.41355106718235,255.5146484375
mrinn_static,43,86,1290,29.330271530151368,74.33056640625,389.3875427246094,0.0,93.42787566251253,256.4752502441406
mrinn_static,43,87,1305,29.256420135498047,73.97335052490234,389.1082763671875,0.0,93.4565248531729,256.686279296875
mrinn_static,43,88,1320,29.265226745605467,74.23003387451172,389.27545166015625,0.0,93.44793009597478,255.77647399902344
mrinn_static,43,89,1335,29.332500076293947,74.36815643310547,389.4073486328125,0.0,93.43360550064462,256.1463317871094
mrinn_static,43,90,1350,29.258853149414062,74.18047332763672,389.2708435058594,0.0,93.43933533877667,255.86219787597656
mrinn_static,43,91,1365,29.296168518066406,74.44570922851562,389.6513977050781,0.0,93.47371436756912,255.39022827148438
mrinn_static,43,92,1380,29.266128540039062,74.27396392822266,389.31146240234375,0.0,93.38490187652198,255.61077880859375
mrinn_static,43,93,1395,30.423371887207033,78.19674682617188,391.9573974609375,0.0,93.32187365706919,265.1690979003906
mrinn_static,43,94,1410,29.282287979125975,74.32506561279297,389.5071716308594,0.0,93.4880389628993,255.42930603027344
mrinn_static,43,95,1425,29.252901458740233,74.20600891113281,389.3216552734375,0.0,93.50522847729552,255.39584350585938
mrinn_static,43,96,1440,29.303958892822266,74.21200561523438,389.3775634765625,0.0,93.47371436756912,256.1551208496094
gru_expanding,42,1,15,27.079570770263672,68.73172760009766,390.0448913574219,0.0,80.02251147219256,168.0474090576172
gru_expanding,42,2,30,27.03442039489746,67.56336212158203,389.62451171875,0.0,80.36018355508095,172.61306762695312
gru_expanding,42,3,45,27.512588500976562,70.30675506591797,390.1950988769531,0.0,78.48999971139138,172.8037109375
gru_expanding,42,4,60,27.869221115112303,71.93589782714844,390.9813232421875,0.0,80.32266443476003,177.1602325439453
gru_expanding,42,5,75,27.142271041870117,67.87687683105469,389.738525390625,0.0,77.78579468382925,165.131591796875
gru_expanding,42,6,90,27.285581588745117,67.45610809326172,389.6949768066406,0.0,79.76853588848162,175.76303100585938
gru_expanding,42,7,105,27.545640182495116,68.94129943847656,389.9281921386719,0.0,79.8435741291235,177.6244659423828
gru_expanding,42,8,120,27.50913772583008,69.6926498413086,389.8622131347656,0.0,78.7439752951023,174.24020385742188
gru_expanding,42,9,135,27.185037231445314,68.32318878173828,389.90325927734375,0.0,79.94747323155069,170.9707794189453
gru_expanding,42,10,150,27.349373626708985,68.05426025390625,389.6828918457031,0.0,77.5375912724754,170.852294921875
gru_expanding,42,11,165,27.2715576171875,68.87828826904297,389.9693298339844,0.0,79.78873849173137,172.7022705078125
gru_expanding,42,12,180,27.040368270874023,67.70861053466797,389.66351318359375,0.0,80.14084100551241,173.63551330566406
gru_expanding,42,13,195,27.29693946838379,68.24296569824219,389.6838684082031,0.0,79.70504199255389,178.80052185058594
gru_expanding,42,14,210,27.551514053344725,69.85350799560547,390.18365478515625,0.0,77.36731218794193,168.01593017578125
gru_expanding,42,15,225,27.632899475097656,70.96258544921875,390.5022277832031,0.0,79.4279777194147,173.2640380859375
gru_expanding,42,16,240,28.33896484375,73.16839599609375,391.0689697265625,0.0,77.1652861554446,171.51467895507812
gru_expanding,42,17,255,27.24971923828125,66.98477935791016,389.4651794433594,0.0,79.77719414701723,178.7257843017578
gru_expanding,42,18,270,27.613002014160156,70.11137390136719,390.08831787109375,0.0,77.9012381309706,170.35903930664062
gru_expanding,42,19,285,27.256896591186525,69.50814056396484,389.78338623046875,0.0,80.16104360876216,175.7997283935547
gru_expanding,42,20,300,27.50817756652832,68.61221313476562,389.6310729980469,0.0,80.96048948021588,182.34161376953125
gru_expanding,42,21,315,27.135743713378908,68.18602752685547,389.6094055175781,0.0,78.57946838292591,168.03720092773438
gru_expanding,42,22,330,27.43552017211914,70.45246887207031,390.33148193359375,0.0,80.66322260382694,172.21969604492188
gru_expanding,42,23,345,27.33275146484375,69.0900650024414,389.92535400390625,0.0,77.32690698144246,165.09710693359375
gru_expanding,42,24,360,27.9730525970459,71.64397430419922,390.3424377441406,0.0,79.13648301538284,176.9077606201172
gru_expanding,42,25,375,27.43031120300293,69.36772155761719,389.8077087402344,0.0,77.50873041069006,167.19711303710938
gru_expanding,42,26,390,28.45739402770996,73.92643737792969,390.9742736816406,0.0,77.67035123668794,173.58270263671875
gru_expanding,42,27,405,27.61153221130371,71.6816635131836,390.1533508300781,0.0,78.96909001702791,172.8809356689453
gru_expanding,42,28,420,27.555447006225585,70.34278106689453,389.9134216308594,0.0,76.6544489018442,165.41062927246094
gru_expanding,42,29,435,27.097032165527345,67.81818389892578,389.5068359375,0.0,78.69202574388872,170.37521362304688
gru_expanding,42,30,450,27.437453079223634,70.53324890136719,390.0540771484375,0.0,80.52180438107882,177.35797119140625
gru_expanding,42,31,465,27.34856719970703,69.17974853515625,389.74847412109375,0.0,80.40058876158042,176.9749755859375
gru_expanding,42,32,480,27.646368408203124,70.40167999267578,390.0981140136719,0.0,75.97910473606741,164.60926818847656
gru_expanding,42,33,495,28.092574691772462,71.19510650634766,390.1488952636719,0.0,78.80458310485152,180.85328674316406
gru_expanding,42,34,510,27.22309684753418,67.35243225097656,389.33514404296875,0.0,79.6530924413403,178.13873291015625
gru_expanding,42,35,525,27.40476264953613,70.0045394897461,389.7107238769531,0.0,79.6877254754827,177.13223266601562
gru_expanding,42,36,540,27.137281036376955,68.12552642822266,389.56268310546875,0.0,77.45389477329793,167.12449645996094
gru_expanding,42,37,555,27.22915153503418,69.10493469238281,389.72625732421875,0.0,76.63424629859448,165.80361938476562
gru_expanding,42,38,570,27.210050964355467,68.00299072265625,389.529052734375,0.0,78.24756847239459,174.8363800048828
gru_expanding,42,39,585,27.359469985961915,69.39828491210938,389.85687255859375,0.0,79.79739675026696,173.91552734375
gru_expanding,42,40,600,27.37580261230469,69.16152954101562,389.7735290527344,0.0,80.91431210135934,181.42269897460938
gru_expanding,42,41,615,27.18210792541504,68.975341796875,389.8177795410156,0.0,78.78149441542325,172.54446411132812
gru_expanding,42,42,630,27.039951705932616,67.89891815185547,389.7814636230469,0.0,78.48134145285577,168.11376953125
gru_expanding,42,43,645,27.314637756347658,69.08920288085938,389.8822937011719,0.0,77.81176945943606,172.30471801757812
gru_expanding,42,44,660,27.223749923706055,68.87322998046875,389.9438781738281,0.0,79.07587520563364,171.77662658691406
gru_expanding,42,45,675,27.34726676940918,68.53099822998047,389.65753173828125,0.0,76.29657421570609,170.3321990966797
gru_expanding,42,46,690,27.098669052124023,68.2304458618164,389.7196044921875,0.0,77.8146555456146,170.27772521972656
gru_expanding,42,47,705,27.689994049072265,71.33100891113281,390.3921813964844,0.0,76.99212098473261,170.10975646972656
gru_expanding,42,48,720,27.57782096862793,69.77594757080078,390.06610107421875,0.0,75.39900141418224,165.1790313720703
gru_expanding,42,49,735,27.71720962524414,70.7968521118164,390.4149169921875,0.0,75.9242690986753,164.9787139892578
gru_expanding,42,50,750,27.005973434448244,67.32247161865234,389.4979248046875,0.0,78.79881093249445,173.20347595214844
gru_expanding,42,51,765,27.546232223510742,70.08380889892578,390.08367919921875,0.0,81.38474414846027,181.5884552001953
gru_expanding,42,52,780,27.40012550354004,69.45367431640625,390.0325927734375,0.0,80.37750007215216,178.8031463623047
gru_expanding,42,53,795,27.14719886779785,68.40583038330078,389.62060546875,0.0,77.9964789748622,171.6300048828125
gru_expanding,42,54,810,28.498474884033204,75.11145782470703,391.3944091796875,0.0,80.92585644607348,184.4179229736328
gru_expanding,42,55,825,27.463372039794923,69.30975341796875,389.9388122558594,0.0,77.57799647897487,173.8396453857422
gru_expanding,42,56,840,27.357830429077147,69.0132827758789,390.05889892578125,0.0,76.39181505959768,166.52423095703125
gru_expanding,42,57,855,27.219190216064455,69.01719665527344,390.01605224609375,0.0,78.36878409189299,171.5305633544922
gru_expanding,42,58,870,27.589421463012695,70.6713638305664,390.4493713378906,0.0,80.00519495512137,174.3347625732422
gru_expanding,42,59,885,27.442348098754884,69.98960876464844,390.433349609375,0.0,78.86807700077925,169.5159912109375
gru_expanding,42,60,900,27.953129959106445,71.33097839355469,390.69012451171875,0.0,81.09613553060694,183.9792938232422
gru_expanding,42,61,915,27.80759620666504,73.12023162841797,391.1947021484375,0.0,80.69496955179082,175.00994873046875
gru_expanding,42,62,930,27.41540107727051,70.21785736083984,390.70037841796875,0.0,79.16245779098963,168.8262939453125
gru_expanding,42,63,945,27.167943954467773,68.37435150146484,390.07818603515625,0.0,78.38032843660712,173.51841735839844
gru_expanding,42,64,960,27.50593719482422,70.58509063720703,390.34356689453125,0.0,81.534820629744,179.9940948486328
gru_expanding,42,65,975,27.30348434448242,69.03645324707031,390.0186462402344,0.0,81.50307368178014,181.37472534179688
gru_expanding,42,66,990,27.498862075805665,70.95498657226562,390.7710266113281,0.0,79.32985078934458,175.10430908203125
gru_expanding,42,67,1005,27.62456283569336,69.87218475341797,390.40130615234375,0.0,78.94600132759965,175.672119140625
gru_expanding,42,68,1020,27.432466506958008,70.07603454589844,390.5536804199219,0.0,78.12635285289619,172.98516845703125
gru_expanding,42,69,1035,27.095608520507813,68.42106628417969,390.0423278808594,0.0,79.44818032266443,170.5423126220703
gru_expanding,42,70,1050,27.56440544128418,71.1309814453125,390.69525146484375,0.0,79.59825680394816,171.84906005859375
gru_expanding,42,71,1065,27.032166290283204,67.71125793457031,389.82989501953125,0.0,79.5838263730555,174.21124267578125
gru_expanding,42,72,1080,27.115008926391603,68.81754302978516,390.0374450683594,0.0,79.84068804294496,172.4038543701172
gru_expanding,42,73,1095,27.33710136413574,69.21414947509766,390.17242431640625,0.0,79.87243499090883,175.7735595703125
gru_expanding,42,74,1110,27.116392517089842,68.25160217285156,389.82513427734375,0.0,80.09177754047737,176.90403747558594
gru_expanding,42,75,1125,27.12136001586914,68.39015197753906,389.8725280761719,0.0,78.93734306906404,169.3712921142578
gru_expanding,42,76,1140,27.410286331176756,70.10462951660156,390.4342041015625,0.0,79.2634708072383,168.2683868408203
gru_expanding,42,77,1155,27.490086364746094,69.96121215820312,390.3443603515625,0.0,78.1696441455742,167.03114318847656
gru_expanding,42,78,1170,27.754937362670898,71.19384765625,390.3220520019531,0.0,79.75987762994603,175.74453735351562
gru_expanding,42,79,1185,27.075476455688477,67.85606384277344,389.60223388671875,0.0,80.94894513550175,178.70582580566406
gru_expanding,42,80,1200,27.110358428955077,68.49098205566406,389.63006591796875,0.0,78.04265635371873,166.1049346923828
gru_expanding,42,81,1215,27.34497489929199,68.2886734008789,389.4872131347656,0.0,82.20727870934226,184.13714599609375
gru_expanding,42,82,1230,28.62336120605469,73.00846099853516,391.0204772949219,0.0,75.51155877514503,169.94557189941406
gru_expanding,42,83,1245,27.447180557250977,70.15351104736328,390.1200866699219,0.0,79.50301596005657,170.68089294433594
gru_expanding,42,84,1260,27.24690399169922,69.43331146240234,389.3795166015625,0.0,79.35582556495136,169.681884765625
gru_expanding,42,85,1275,26.97635383605957,67.59010314941406,388.89593505859375,0.0,80.14661317786948,174.62490844726562
gru_expanding,42,86,1290,27.221464157104492,68.64808654785156,389.1553649902344,0.0,82.66905249790759,184.75106811523438
gru_expanding,42,87,1305,27.042250061035155,67.79837036132812,389.0735168457031,0.0,79.79739675026696,173.33392333984375
gru_expanding,42,88,1320,27.427065277099608,69.38673400878906,388.9422302246094,0.0,82.06586048659413,183.3298797607422
gru_expanding,42,89,1335,27.295489501953124,68.4825210571289,389.1095275878906,0.0,78.17253023175272,172.9232940673828
gru_expanding,42,90,1350,28.069753646850586,71.54696655273438,389.8255615234375,0.0,76.55920805795262,169.21615600585938
gru_expanding,42,91,1365,28.224123382568358,73.92686462402344,390.1742858886719,0.0,80.34863921036683,182.00595092773438
gru_expanding,42,92,1380,27.521586608886718,70.9343490600586,389.47772216796875,0.0,78.60255707235419,173.10044860839844
gru_expanding,42,93,1395,27.08650779724121,67.77691650390625,388.972412109375,0.0,79.94458714537215,174.78887939453125
gru_expanding,42,94,1410,27.789237594604494,70.45332336425781,389.3806457519531,0.0,77.79156685618632,172.52906799316406
gru_expanding,42,95,1425,28.099003982543945,72.34066772460938,390.3656311035156,0.0,80.57086784611388,181.9124755859375
gru_expanding,42,96,1440,27.49534034729004,69.71642303466797,389.2444763183594,0.0,82.227481312592,183.3061981201172
mrinn_expanding,42,1,15,64.29049148559571,152.40037536621094,1029.450439453125,0.0,86.63453490721233,631.8276977539062
mrinn_expanding,42,2,30,42.70003242492676,106.6240463256836,681.8148193359375,0.0,85.92744379347167,344.8520202636719
mrinn_expanding,42,3,45,43.11081428527832,105.37753295898438,674.228759765625,0.0,86.26222979018154,376.94854736328125
mrinn_expanding,42,4,60,58.38392868041992,136.61013793945312,914.7275390625,0.0,86.8481052844238,593.428466796875
mrinn_expanding,42,5,75,62.489158630371094,147.3722686767578,994.5858764648438,0.0,86.61721839014113,622.2384033203125
mrinn_expanding,42,6,90,58.05174789428711,138.7222137451172,967.82177734375,0.0,86.86830788767352,546.2748413085938
mrinn_expanding,42,7,105,51.72982940673828,125.51151275634766,870.68408203125,0.0,86.40364801292966,459.7260437011719
mrinn_expanding,42,8,120,61.21777496337891,144.43568420410156,951.1641845703125,0.0,86.42096453000086,618.1547241210938
mrinn_expanding,42,9,135,55.55755348205567,131.01882934570312,874.6734619140625,0.0,86.50754711535686,556.4488525390625
mrinn_expanding,42,10,150,55.36415557861328,130.98080444335938,900.4364624023438,0.0,87.09342260959913,541.7909545898438
mrinn_expanding,42,11,165,41.574694061279295,103.90868377685547,663.9903564453125,0.0,85.81200034633034,333.2349853515625
mrinn_expanding,42,12,180,45.35048713684082,112.6584243774414,747.3682250976562,0.0,85.77159513983088,371.76324462890625
mrinn_expanding,42,13,195,41.76322784423828,103.45662689208984,673.1932373046875,0.0,86.12369765361194,347.4728088378906
mrinn_expanding,42,14,210,39.01410331726074,96.59931945800781,610.6266479492188,0.0,86.15833068775433,325.4169921875
mrinn_expanding,42,15,225,51.98683395385742,122.37203216552734,825.2760620117188,0.0,86.83656093970966,518.6671142578125
mrinn_expanding,42,16,240,39.47109489440918,97.35956573486328,616.445556640625,0.0,86.02845680972034,334.3234558105469
mrinn_expanding,42,17,255,48.067090606689455,112.82194519042969,694.6263427734375,0.0,86.0948367918266,490.31982421875
mrinn_expanding,42,18,270,45.1770206451416,112.00239562988281,758.389892578125,0.0,86.0775202747554,368.8761291503906
mrinn_expanding,42,19,285,39.36612396240234,97.35169219970703,608.8938598632812,0.0,86.17853329100407,328.52392578125
mrinn_expanding,42,20,300,57.567414093017575,133.1283721923828,865.2561645507812,0.0,86.995295679529,610.3062133789062
mrinn_expanding,42,21,315,41.39807281494141,103.00286102294922,621.9354858398438,0.0,85.91012727640047,337.8875732421875
mrinn_expanding,42,22,330,43.19985122680664,106.88232421875,639.4678344726562,0.0,85.65326560651101,358.93853759765625
mrinn_expanding,42,23,345,48.71098022460937,114.6512680053711,714.9813842773438,0.0,86.33149585846634,489.0917053222656
mrinn_expanding,42,24,360,47.520089340209964,114.47663879394531,712.7015991210938,0.0,85.92455770729313,441.2787780761719
mrinn_expanding,42,25,375,41.31959953308105,100.76602172851562,607.8539428710938,0.0,86.06308984386274,364.7472229003906
mrinn_expanding,42,26,390,45.81485214233398,112.54148864746094,752.75537109375,0.0,86.2333689283962,391.6243896484375
mrinn_expanding,42,27,405,60.053530883789065,137.3903350830078,869.7710571289062,0.0,86.91448526653006,663.2413330078125
mrinn_expanding,42,28,420,50.82578964233399,121.8175277709961,810.6731567382812,0.0,86.26511587636007,475.9459533691406
mrinn_expanding,42,29,435,42.720344161987306,105.27015686035156,697.7200927734375,0.0,86.259343704003,361.110595703125
mrinn_expanding,42,30,450,50.41570625305176,117.51113891601562,755.3037719726562,0.0,86.79038356085313,526.949951171875
mrinn_expanding,42,31,465,43.91870002746582,106.80756378173828,664.98828125,0.0,86.04865941297007,392.9338073730469
mrinn_expanding,42,32,480,39.06948585510254,97.05594635009766,616.4539184570312,0.0,86.086178533291,326.55291748046875
mrinn_expanding,42,33,495,58.954176330566405,135.0609588623047,866.1856689453125,0.0,86.87985223238766,655.2492065429688
mrinn_expanding,42,34,510,44.588431930541994,111.56846618652344,736.1568603515625,0.0,85.95919074143555,359.76409912109375
mrinn_expanding,42,35,525,46.729332733154294,113.8951644897461,754.843994140625,0.0,86.1208115674334,414.1964416503906
mrinn_expanding,42,36,540,39.66618728637695,98.33467102050781,618.7525024414062,0.0,86.2073941527894,330.30810546875
mrinn_expanding,42,37,555,55.076676559448245,132.78515625,880.9231567382812,0.0,85.97939334468528,516.114013671875
mrinn_expanding,42,38,570,47.67464942932129,114.32728576660156,781.5780029296875,0.0,86.8134722502814,452.468994140625
mrinn_expanding,42,39,585,52.916495895385744,129.88636779785156,883.494384765625,0.0,85.8350890357586,458.922607421875
mrinn_expanding,42,40,600,39.003104782104494,96.76710510253906,631.888427734375,0.0,86.20162198043234,322.2040710449219
mrinn_expanding,42,41,615,45.527283096313475,114.09390258789062,790.1423950195312,0.0,85.99382377557794,361.90399169921875
mrinn_expanding,42,42,630,46.513310241699216,117.1043930053711,825.5704956054688,0.0,85.85240555282981,362.3814697265625
mrinn_expanding,42,43,645,59.75509338378906,140.72779846191406,986.804443359375,0.0,86.75575052671073,609.0968017578125
mrinn_expanding,42,44,660,44.65004463195801,113.00526428222656,815.9368286132812,0.0,85.91878553493608,339.5072021484375
mrinn_expanding,42,45,675,49.03358917236328,120.22026824951172,893.9203491210938,0.0,86.25357153164593,424.5967712402344
mrinn_expanding,42,46,690,50.65640373229981,121.0284652709961,846.2870483398438,0.0,86.67205402753326,487.3743591308594
mrinn_expanding,42,47,705,42.38886070251465,107.08895874023438,697.0472412109375,0.0,85.56091084879795,325.4375
mrinn_expanding,42,48,720,55.733761596679685,133.9864501953125,937.9910278320312,0.0,86.02268463736327,525.9352416992188
mrinn_expanding,42,49,735,45.2403507232666,114.2565689086914,827.648681640625,0.0,85.73118993333141,346.95831298828125
mrinn_expanding,42,50,750,48.039546203613284,119.9692153930664,875.4981689453125,0.0,85.84663338047274,386.0074462890625
mrinn_expanding,42,51,765,46.10999450683594,117.11272430419922,785.7715454101562,0.0,85.17128921469596,346.3367004394531
mrinn_expanding,42,52,780,40.862792587280275,101.39494323730469,685.5984497070312,0.0,86.0515454991486,336.6111755371094
mrinn_expanding,42,53,795,44.03899040222168,108.88693237304688,788.1460571289062,0.0,86.24202718693181,372.1104736328125
mrinn_expanding,42,54,810,60.20143280029297,145.48544311523438,1059.9925537109375,0.0,86.23625501457474,571.894287109375
mrinn_expanding,42,55,825,43.191141510009764,108.65400695800781,804.8379516601562,0.0,86.1900776357182,335.06463623046875
mrinn_expanding,42,56,840,42.60102462768555,108.553466796875,740.9343872070312,0.0,85.56668302115501,315.1245422363281
mrinn_expanding,42,57,855,44.61380195617676,111.63549041748047,821.4153442382812,0.0,86.07463418857687,353.0536193847656
mrinn_expanding,42,58,870,51.86531105041504,126.05818176269531,923.7415161132812,0.0,86.41230627146527,465.01861572265625
mrinn_expanding,42,59,885,44.85217208862305,114.2094955444336,796.28564453125,0.0,85.58111345204767,330.5853271484375
mrinn_expanding,42,60,900,44.95443916320801,114.8783950805664,760.9246215820312,0.0,85.25209962769489,328.668212890625
mrinn_expanding,42,61,915,61.552330780029294,151.16600036621094,1132.95849609375,0.0,86.0775202747554,530.52685546875
mrinn_expanding,42,62,930,46.73653717041016,117.10430908203125,847.1705932617188,0.0,86.22182458368208,368.00738525390625
mrinn_expanding,42,63,945,41.306370162963866,104.8507080078125,670.6732177734375,0.0,85.67346820976074,312.19091796875
mrinn_expanding,42,64,960,53.009050369262695,132.7421112060547,961.4519653320312,0.0,85.86972206990102,417.5516662597656
mrinn_expanding,42,65,975,37.431060028076175,94.60847473144531,600.4359130859375,0.0,86.07174810239833,289.49786376953125
mrinn_expanding,42,66,990,51.22365264892578,130.759033203125,920.7454833984375,0.0,85.64749343415394,370.609375
mrinn_expanding,42,67,1005,42.752384948730466,108.4452133178711,690.3268432617188,0.0,85.65903777886807,321.17279052734375
mrinn_expanding,42,68,1020,53.58583297729492,129.96421813964844,870.6357421875,0.0,86.47291408121447,492.2345886230469
mrinn_expanding,42,69,1035,51.88557014465332,129.82171630859375,875.7071533203125,0.0,85.54648041790529,416.2993469238281
mrinn_expanding,42,70,1050,57.52943344116211,142.5762176513672,1002.5172729492188,0.0,86.26511587636007,471.437255859375
mrinn_expanding,42,71,1065,73.80988998413086,174.64334106445312,1125.8828125,0.0,86.63742099339086,742.36474609375
mrinn_expanding,42,72,1080,46.3387451171875,114.30339813232422,754.5125732421875,0.0,85.98227943086381,395.4538879394531
mrinn_expanding,42,73,1095,59.531062316894534,144.1583251953125,978.3353271484375,0.0,86.3805593235014,547.8782348632812
mrinn_expanding,42,74,1110,65.76092834472657,152.91236877441406,999.3640747070312,0.0,86.96354873156513,702.7520751953125
mrinn_expanding,42,75,1125,53.574211502075194,128.8314208984375,885.0052490234375,0.0,86.44982539178619,495.7134704589844
mrinn_expanding,42,76,1140,58.20619583129883,137.87059020996094,928.3197631835938,0.0,86.71245923403272,574.9569091796875
mrinn_expanding,42,77,1155,45.00158576965332,113.91571807861328,751.9237670898438,0.0,85.71675950243875,340.6485900878906
mrinn_expanding,42,78,1170,48.236235809326175,122.37744140625,822.8485717773438,0.0,85.18571964558862,363.68505859375
mrinn_expanding,42,79,1185,52.63162078857422,128.98194885253906,925.3781127929688,0.0,86.12658373979048,447.07958984375
mrinn_expanding,42,80,1200,50.22270240783691,125.46867370605469,878.2147827148438,0.0,85.70810124390314,404.94580078125
mrinn_expanding,42,81,1215,44.31654510498047,108.93087768554688,746.3087768554688,0.0,86.2506854454674,376.7801818847656
mrinn_expanding,42,82,1230,55.77873001098633,131.16310119628906,875.4710083007812,0.0,86.51331928771393,568.5917358398438
mrinn_expanding,42,83,1245,64.62423171997071,151.80853271484375,1030.1326904296875,0.0,86.77883921613899,655.8770141601562
mrinn_expanding,42,84,1260,44.67504234313965,111.90591430664062,736.384765625,0.0,85.85529163900833,356.1917419433594
mrinn_expanding,42,85,1275,43.30263824462891,106.83198547363281,702.2297973632812,0.0,86.10638113654073,365.5797424316406
mrinn_expanding,42,86,1290,42.79829444885254,104.61511993408203,670.2340087890625,0.0,86.20450806661087,375.6346435546875
mrinn_expanding,42,87,1305,51.800261688232425,126.44037628173828,889.8347778320312,0.0,86.086178533291,449.99884033203125
mrinn_expanding,42,88,1320,46.01166038513183,115.79006958007812,775.7904663085938,0.0,85.50030303904875,359.0408020019531
mrinn_expanding,42,89,1335,55.84673500061035,136.14393615722656,926.6480712890625,0.0,85.81200034633034,493.00140380859375
mrinn_expanding,42,90,1350,42.091229629516604,103.25460052490234,681.8528442382812,0.0,86.40942018528673,363.00274658203125
mrinn_expanding,42,91,1365,43.47765960693359,107.81292724609375,731.4249267578125,0.0,86.03711506825594,356.9296569824219
mrinn_expanding,42,92,1380,61.39383316040039,143.50189208984375,950.9685668945312,0.0,86.52197754624953,634.16015625
mrinn_expanding,42,93,1395,45.47639045715332,110.21126556396484,736.626953125,0.0,86.1987358942538,409.77008056640625
mrinn_expanding,42,94,1410,41.35755386352539,102.41813659667969,662.1818237304688,0.0,86.1121533088978,344.7903747558594
mrinn_expanding,42,95,1425,41.934692001342775,104.4261703491211,675.0421142578125,0.0,85.6359490894398,341.89642333984375
mrinn_expanding,42,96,1440,41.430720520019534,102.90760803222656,668.6182250976562,0.0,85.66480995122514,342.3867492675781
gru_roll_noknown,42,1,15,24.421764373779297,60.58296585083008,387.2742004394531,0.0,81.60250282436778,150.03604125976562
gru_roll_noknown,42,2,30,24.466928482055664,60.69451904296875,387.6465759277344,0.0,82.41939688885026,150.9322052001953
gru_roll_noknown,42,3,45,25.12193489074707,63.28691101074219,388.369140625,0.0,81.65174821123374,152.51657104492188
gru_roll_noknown,42,4,60,25.358141708374024,64.05963134765625,388.8262023925781,0.0,82.17606674198315,154.47308349609375
gru_roll_noknown,42,5,75,25.951784515380858,66.36994171142578,389.4319152832031,0.0,82.10364705541554,156.47669982910156
gru_roll_noknown,42,6,90,25.714579010009764,64.94942474365234,389.310546875,0.0,81.8516265461603,155.85470581054688
gru_roll_noknown,42,7,105,26.08212547302246,66.32357025146484,389.7750244140625,0.0,82.56133947452275,159.0966796875
gru_roll_noknown,42,8,120,26.158512115478516,66.47944641113281,389.8260192871094,0.0,81.56194779988992,157.4555206298828
gru_roll_noknown,42,9,135,26.50718994140625,67.75206756591797,390.1780090332031,0.0,82.41360331392485,161.6219940185547
gru_roll_noknown,42,10,150,26.473804092407228,67.47423553466797,390.08203125,0.0,81.30992729063469,159.26820373535156
gru_roll_noknown,42,11,165,26.808225631713867,68.85884094238281,390.3988342285156,0.0,81.65174821123374,162.56910705566406
gru_roll_noknown,42,12,180,26.75875473022461,68.48844146728516,390.2843017578125,0.0,81.19984936705194,161.17845153808594
gru_roll_noknown,42,13,195,27.039156341552733,69.68765258789062,390.5578918457031,0.0,81.48083775093421,163.51744079589844
gru_roll_noknown,42,14,210,26.997479248046876,69.47541809082031,390.5416564941406,0.0,81.18246864227572,161.95953369140625
gru_roll_noknown,42,15,225,27.22437744140625,70.42550659179688,390.7756652832031,0.0,81.2404043915298,163.92593383789062
gru_roll_noknown,42,16,240,27.162129974365236,70.04641723632812,390.6686096191406,0.0,80.93044813302048,162.6700439453125
gru_roll_noknown,42,17,255,27.28221321105957,70.65852355957031,390.76678466796875,0.0,81.43738593899366,165.12142944335938
gru_roll_noknown,42,18,270,27.274516296386718,70.54536437988281,390.7361145019531,0.0,81.13901683033515,164.33009338378906
gru_roll_noknown,42,19,285,27.428389739990234,71.3010482788086,390.9097900390625,0.0,81.27226905361954,165.41619873046875
gru_roll_noknown,42,20,300,27.357341766357422,70.81446075439453,390.7362976074219,0.0,81.23750760406709,165.09542846679688
gru_roll_noknown,42,21,315,27.474850845336913,71.38675689697266,390.8448791503906,0.0,81.36206946496335,166.47071838378906
gru_roll_noknown,42,22,330,27.471586227416992,71.29067993164062,390.7833557128906,0.0,81.22302366675356,166.2138214111328
gru_roll_noknown,42,23,345,27.6062068939209,71.92826080322266,390.9396057128906,0.0,81.16508791749949,166.26914978027344
gru_roll_noknown,42,24,360,27.550008010864257,71.41382598876953,390.849365234375,0.0,80.87540917122911,166.3140411376953
gru_roll_noknown,42,25,375,27.66652641296387,71.98777770996094,390.935546875,0.0,81.06080356884216,166.75367736816406
gru_roll_noknown,42,26,390,27.626044845581056,71.73176574707031,390.90087890625,0.0,80.97389994496103,166.93675231933594
gru_roll_noknown,42,27,405,27.80029411315918,72.46379852294922,391.027099609375,0.0,80.7247762231685,166.32215881347656
gru_roll_noknown,42,28,420,27.76965675354004,72.08349609375,390.9924621582031,0.0,80.44958141421164,167.3294219970703
gru_roll_noknown,42,29,435,27.873746490478517,72.59803009033203,391.039306640625,0.0,80.6465629616755,166.8248748779297
gru_roll_noknown,42,30,450,27.838976669311524,72.44490051269531,391.0586853027344,0.0,80.5770400625706,167.35215759277344
gru_roll_noknown,42,31,465,27.98487091064453,72.91024017333984,391.1285705566406,0.0,80.22073520465803,166.37286376953125
gru_roll_noknown,42,32,480,27.913123321533202,72.53874969482422,391.1440734863281,0.0,80.10196691868717,167.46888732910156
gru_roll_noknown,42,33,495,28.023618698120117,72.88677215576172,391.160400390625,0.0,80.01796008226877,166.20468139648438
gru_roll_noknown,42,34,510,27.92357978820801,72.48664855957031,391.14056396484375,0.0,80.12803800585151,167.4875946044922
gru_roll_noknown,42,35,525,28.065538787841795,73.03817749023438,391.19439697265625,0.0,79.77462993540165,165.5929412841797
gru_roll_noknown,42,36,540,27.97467613220215,72.66316223144531,391.1923828125,0.0,79.95133397062656,167.2843017578125
gru_roll_noknown,42,37,555,28.105622482299804,73.23189544677734,391.2275390625,0.0,79.5921323252513,165.21157836914062
gru_roll_noknown,42,38,570,27.944431686401366,72.57096099853516,391.1819152832031,0.0,80.00926971988065,166.7720489501953
gru_roll_noknown,42,39,585,28.030259704589845,72.91980743408203,391.1751403808594,0.0,79.81518495987949,165.10227966308594
gru_roll_noknown,42,40,600,27.88470001220703,72.44786834716797,391.1341552734375,0.0,80.1975609049564,166.14682006835938
gru_roll_noknown,42,41,615,28.001340103149413,72.9963150024414,391.1665954589844,0.0,79.71379739868486,164.33580017089844
gru_roll_noknown,42,42,630,27.85297088623047,72.41400146484375,391.0978088378906,0.0,80.13383158077691,165.989013671875
gru_roll_noknown,42,43,645,27.912521362304688,72.74085235595703,391.10821533203125,0.0,79.79780423510327,164.0311737060547
gru_roll_noknown,42,44,660,27.824309158325196,72.44168090820312,391.08941650390625,0.0,80.21204484226992,165.5305633544922
gru_roll_noknown,42,45,675,27.846163177490233,72.67334747314453,391.09918212890625,0.0,79.90498537122332,163.67803955078125
gru_roll_noknown,42,46,690,27.75510940551758,72.29365539550781,391.050537109375,0.0,80.18597375510559,165.0902099609375
gru_roll_noknown,42,47,705,27.809702682495118,72.61544036865234,391.10821533203125,0.0,79.93974682077575,163.86508178710938
gru_roll_noknown,42,48,720,27.68664131164551,72.11881256103516,391.018798828125,0.0,80.45827177659976,164.7095947265625
gru_roll_noknown,42,49,735,27.813954162597657,72.65198516845703,391.71893310546875,0.0,80.40902638973378,163.87564086914062
gru_roll_noknown,42,50,750,27.73406410217285,72.19011688232422,391.6459655761719,0.0,80.44089105182353,164.6263427734375
gru_roll_noknown,42,51,765,27.775079345703126,72.45443725585938,391.7083740234375,0.0,80.44668462674893,164.13037109375
gru_roll_noknown,42,52,780,27.708514785766603,72.15916442871094,391.6514587402344,0.0,80.6407693867501,164.48789978027344
gru_roll_noknown,42,53,795,27.79812240600586,72.49312591552734,391.7619934082031,0.0,80.44089105182353,163.94166564941406
gru_roll_noknown,42,54,810,27.66646614074707,71.89628601074219,391.6281433105469,0.0,80.5075171634657,164.31532287597656
gru_roll_noknown,42,55,825,27.716987991333006,72.07447052001953,391.7051086425781,0.0,80.46116856406246,163.7910919189453
gru_roll_noknown,42,56,840,27.580822372436522,71.6031723022461,391.6069030761719,0.0,80.91306740824426,164.24468994140625
gru_roll_noknown,42,57,855,27.67746505737305,71.87516021728516,391.70306396484375,0.0,80.38295530256944,163.68597412109375
gru_roll_noknown,42,58,870,27.50428123474121,71.25861358642578,391.5988464355469,0.0,80.94203528287129,164.00318908691406
gru_roll_noknown,42,59,885,27.58444137573242,71.60400390625,391.6505432128906,0.0,80.55965933779439,163.92941284179688
gru_roll_noknown,42,60,900,27.34788589477539,70.74463653564453,391.4978332519531,0.0,81.33310159033633,163.96084594726562
gru_roll_noknown,42,61,915,27.450811004638673,71.1939697265625,391.54913330078125,0.0,80.84354450913936,164.24072265625
gru_roll_noknown,42,62,930,27.282421493530272,70.66488647460938,391.46466064453125,0.0,81.3939341270531,164.14022827148438
gru_roll_noknown,42,63,945,27.364337158203124,71.18245697021484,391.5179443359375,0.0,81.06949393123027,163.75445556640625
gru_roll_noknown,42,64,960,27.091310501098633,70.11376953125,391.3812255859375,0.0,82.04860809362418,164.35606384277344
gru_roll_noknown,42,65,975,27.1379093170166,70.38818359375,391.4076232910156,0.0,81.90376872048898,164.65000915527344
gru_roll_noknown,42,66,990,27.010260772705077,70.0130615234375,391.3653259277344,0.0,82.03412415631065,163.85426330566406
gru_roll_noknown,42,67,1005,27.00768623352051,69.99468994140625,391.3448486328125,0.0,82.16447959213232,164.26708984375
gru_roll_noknown,42,68,1020,26.851983261108398,69.48452758789062,391.2843017578125,0.0,82.45995191332813,163.79278564453125
gru_roll_noknown,42,69,1035,26.94147071838379,69.80001068115234,391.3253173828125,0.0,82.75542423452391,164.93350219726562
gru_roll_noknown,42,70,1050,26.847064208984374,69.4501953125,391.26849365234375,0.0,82.78439210915096,164.3309783935547
gru_roll_noknown,42,71,1065,26.933567428588866,69.68608856201172,391.33795166015625,0.0,82.7409402972104,164.5386962890625
gru_roll_noknown,42,72,1080,26.845513916015626,69.28361511230469,391.28271484375,0.0,82.87708930795748,165.3831329345703
gru_roll_noknown,42,73,1095,27.025960540771486,69.98623657226562,391.44171142578125,0.0,82.47153906317894,164.5846710205078
gru_roll_noknown,42,74,1110,26.872035598754884,69.24408721923828,391.3070983886719,0.0,82.71776599750876,165.2764892578125
gru_roll_noknown,42,75,1125,27.10700798034668,70.13864135742188,391.4948425292969,0.0,82.2282089163118,164.4310760498047
gru_roll_noknown,42,76,1140,26.905627822875978,69.3101806640625,391.3343505859375,0.0,82.78728889661366,165.6464080810547
gru_roll_noknown,42,77,1155,27.167881774902344,70.25846862792969,391.5338134765625,0.0,82.10075026795283,164.8338623046875
gru_roll_noknown,42,78,1170,26.88474044799805,69.17233276367188,391.33624267578125,0.0,82.68590133541902,165.25979614257812
gru_roll_noknown,42,79,1185,27.213784790039064,70.28433227539062,391.556396484375,0.0,82.060195243475,164.93283081054688
gru_roll_noknown,42,80,1200,27.004844665527344,69.67864990234375,391.44476318359375,0.0,82.4454679760146,165.20220947265625
gru_roll_noknown,42,81,1215,27.210104370117186,70.2684097290039,391.5823059082031,0.0,82.01094985660902,164.37057495117188
gru_roll_noknown,42,82,1230,26.943718338012694,69.4156723022461,391.3780517578125,0.0,82.66272703571738,164.71002197265625
gru_roll_noknown,42,83,1245,27.32476234436035,70.79778289794922,391.5939025878906,0.0,81.41710842675472,162.98638916015625
gru_roll_noknown,42,84,1260,26.968161010742186,69.66969299316406,390.77386474609375,0.0,82.53526838735841,164.6234893798828
gru_roll_noknown,42,85,1275,27.225211334228515,70.61321258544922,390.91510009765625,0.0,81.14770719272327,161.88690185546875
gru_roll_noknown,42,86,1290,26.822744369506836,69.18755340576172,390.68524169921875,0.0,82.79887604646447,164.5775604248047
gru_roll_noknown,42,87,1305,27.03897171020508,69.91812133789062,390.7669982910156,0.0,80.68711798615335,160.03855895996094
gru_roll_noknown,42,88,1320,26.750984573364256,69.15064239501953,390.61834716796875,0.0,82.57002983691086,162.9244384765625
gru_roll_noknown,42,89,1335,26.929936599731445,69.677734375,390.6866149902344,0.0,80.29894846615105,158.45079040527344
gru_roll_noknown,42,90,1350,26.563841247558592,68.55662536621094,390.4577941894531,0.0,82.69459169780713,161.74050903320312
gru_roll_noknown,42,91,1365,26.584199905395508,68.41458892822266,390.4018859863281,0.0,80.41771675212189,156.8241424560547
gru_roll_noknown,42,92,1380,26.527719497680664,68.49034118652344,390.3376159667969,0.0,82.2340024912372,160.35781860351562
gru_roll_noknown,42,93,1395,26.459016799926758,68.00463104248047,390.3517150878906,0.0,80.43799426436082,156.0342254638672
gru_roll_noknown,42,94,1410,26.276774215698243,67.45699310302734,390.2539367675781,0.0,81.95011731989223,158.6585235595703
gru_roll_noknown,42,95,1425,26.303310012817384,67.33981323242188,390.36578369140625,0.0,80.81167984704962,155.32037353515625
gru_roll_noknown,42,96,1440,26.3332088470459,67.4836196899414,390.3219299316406,0.0,81.50980562556126,158.27960205078125
gru_roll_dadrop,42,1,15,25.405994033813478,63.3467903137207,388.8923645019531,0.0,81.20853972944005,153.21923828125
gru_roll_dadrop,42,2,30,25.46029930114746,63.71819305419922,388.9689636230469,0.0,80.15410909301585,150.339111328125
gru_roll_dadrop,42,3,45,25.545659637451173,64.17923736572266,389.0755920410156,0.0,79.33142145360796,148.45091247558594
gru_roll_dadrop,42,4,60,25.61304588317871,64.21114349365234,389.0867919921875,0.0,75.05865994611976,137.620849609375
gru_roll_dadrop,42,5,75,25.684210968017577,64.44440460205078,389.1513366699219,0.0,80.76243446018366,152.69688415527344
gru_roll_dadrop,42,6,90,25.705165100097656,64.58534240722656,389.107666015625,0.0,80.46406535152516,153.3098907470703
gru_roll_dadrop,42,7,105,25.662634658813477,64.55168914794922,389.0774841308594,0.0,79.11126560644246,149.48788452148438
gru_roll_dadrop,42,8,120,25.654296875,64.52667236328125,389.0623779296875,0.0,78.26540366733292,146.73329162597656
gru_roll_dadrop,42,9,135,25.698925018310547,64.60752868652344,389.1318054199219,0.0,79.31404072883173,149.69833374023438
gru_roll_dadrop,42,10,150,25.712669372558594,64.63203430175781,389.1347351074219,0.0,79.07360736942731,148.2572021484375
gru_roll_dadrop,42,11,165,25.82332763671875,64.93233489990234,389.271240234375,0.0,79.12574954375597,149.7140655517578
gru_roll_dadrop,42,12,180,25.862344360351564,65.0475082397461,389.28759765625,0.0,80.59152399988413,155.3782196044922
gru_roll_dadrop,42,13,195,25.904400253295897,65.1709213256836,389.282958984375,0.0,79.99188899510443,153.40951538085938
gru_roll_dadrop,42,14,210,25.79602508544922,64.88434600830078,389.2024230957031,0.0,80.22073520465803,153.8946533203125
gru_roll_dadrop,42,15,225,25.76932144165039,64.86815643310547,389.2051086425781,0.0,78.26540366733292,147.9995880126953
gru_roll_dadrop,42,16,240,25.7857234954834,64.88470458984375,389.20111083984375,0.0,78.54349526375249,149.9125213623047
gru_roll_dadrop,42,17,255,25.920600128173827,65.2851791381836,389.2839660644531,0.0,79.89050143390979,153.1590576171875
gru_roll_dadrop,42,18,270,25.81400489807129,65.01101684570312,389.22357177734375,0.0,78.83027722256018,150.27618408203125
gru_roll_dadrop,42,19,285,25.819229125976562,65.01143646240234,389.21295166015625,0.0,77.66866545001592,145.73052978515625
gru_roll_dadrop,42,20,300,25.87656478881836,65.16416931152344,389.19781494140625,0.0,77.31815416702877,145.47238159179688
gru_roll_dadrop,42,21,315,25.932510375976562,65.33514404296875,389.25665283203125,0.0,80.22363199212073,155.3509521484375
gru_roll_dadrop,42,22,330,25.975665283203124,65.55853271484375,389.28704833984375,0.0,77.10089510732597,144.9028778076172
gru_roll_dadrop,42,23,345,25.923812103271484,65.4004898071289,389.284912109375,0.0,78.62170852524551,148.91940307617188
gru_roll_dadrop,42,24,360,25.85043830871582,65.14656066894531,389.18951416015625,0.0,76.68086092523392,144.19972229003906
gru_roll_dadrop,42,25,375,25.869422912597656,65.21598052978516,389.20703125,0.0,79.232930679876,151.9873046875
gru_roll_dadrop,42,26,390,25.868968200683593,65.19818878173828,389.1942138671875,0.0,77.78453694852409,148.09617614746094
gru_roll_dadrop,42,27,405,25.8465217590332,65.1620864868164,389.1851806640625,0.0,77.01688827090757,144.75962829589844
gru_roll_dadrop,42,28,420,25.886195755004884,65.28016662597656,389.2344665527344,0.0,78.76654789838071,149.92103576660156
gru_roll_dadrop,42,29,435,25.900396728515624,65.39216613769531,389.2004089355469,0.0,79.09098809420352,150.8455810546875
gru_roll_dadrop,42,30,450,25.856105422973634,65.18048858642578,389.1668701171875,0.0,76.70982879986096,143.38226318359375
gru_roll_dadrop,42,31,465,25.871954345703124,65.34227752685547,389.20306396484375,0.0,77.06034008284813,144.9525909423828
gru_roll_dadrop,42,32,480,25.900212478637695,65.36943817138672,389.2649230957031,0.0,79.61530662495294,152.87742614746094
gru_roll_dadrop,42,33,495,25.866414642333986,65.3507080078125,389.20733642578125,0.0,77.41664494076069,146.62779235839844
gru_roll_dadrop,42,34,510,25.91830520629883,65.5354995727539,389.2456359863281,0.0,78.74916717360448,150.0809326171875
gru_roll_dadrop,42,35,525,25.824600601196288,65.20906066894531,389.1876220703125,0.0,78.14663538136207,148.11813354492188
gru_roll_dadrop,42,36,540,25.892660903930665,65.42063903808594,389.2170715332031,0.0,80.14831551809044,153.82275390625
gru_roll_dadrop,42,37,555,25.856998443603516,65.35545349121094,389.2201843261719,0.0,79.02725877002405,149.38157653808594
gru_roll_dadrop,42,38,570,25.82319755554199,65.17279815673828,389.1673278808594,0.0,78.2480229425567,147.86239624023438
gru_roll_dadrop,42,39,585,25.79928207397461,65.19407653808594,389.1643981933594,0.0,78.08869963210799,147.57313537597656
gru_roll_dadrop,42,40,600,25.7989860534668,65.15323638916016,389.17327880859375,0.0,77.74977549897164,146.40768432617188
gru_roll_dadrop,42,41,615,25.789165115356447,65.20288848876953,389.1888732910156,0.0,78.63039888763362,147.96279907226562
gru_roll_dadrop,42,42,630,25.85090446472168,65.37281036376953,389.2315673828125,0.0,80.54227861301815,154.7627410888672
gru_roll_dadrop,42,43,645,25.759775161743164,65.04071807861328,389.19195556640625,0.0,79.56316445062426,151.02969360351562
gru_roll_dadrop,42,44,660,25.770584106445312,65.19219970703125,389.2061462402344,0.0,78.83896758494829,148.1519775390625
gru_roll_dadrop,42,45,675,25.777938461303712,65.05827331542969,389.20025634765625,0.0,79.50233191390748,150.56854248046875
gru_roll_dadrop,42,46,690,25.75540962219238,65.06217193603516,389.1811218261719,0.0,80.12803800585151,151.90240478515625
gru_roll_dadrop,42,47,705,25.733419036865236,64.98111724853516,389.2271728515625,0.0,79.2966600040555,150.03485107421875
gru_roll_dadrop,42,48,720,25.861497116088866,65.10114288330078,389.23114013671875,0.0,82.83363749601692,162.5941619873047
gru_roll_dadrop,42,49,735,25.807379150390624,65.1451644897461,389.8641662597656,0.0,80.16859303032936,152.4629364013672
gru_roll_dadrop,42,50,750,25.81371078491211,65.13850402832031,389.7769470214844,0.0,80.70449871092958,153.77127075195312
gru_roll_dadrop,42,51,765,25.729803848266602,64.89700317382812,389.72613525390625,0.0,77.97282813359983,144.90184020996094
gru_roll_dadrop,42,52,780,25.785951232910158,65.10332489013672,389.76922607421875,0.0,78.83027722256018,147.6382598876953
gru_roll_dadrop,42,53,795,25.753911209106445,64.99444580078125,389.78216552734375,0.0,79.71959097361027,150.20285034179688
gru_roll_dadrop,42,54,810,25.749349212646486,64.84185028076172,389.7217102050781,0.0,75.00072419686568,138.1408233642578
gru_roll_dadrop,42,55,825,25.737009811401368,64.83068084716797,389.76239013671875,0.0,79.58344196286319,150.4838409423828
gru_roll_dadrop,42,56,840,25.85150489807129,65.06211853027344,389.84625244140625,0.0,82.42229367631298,160.07772827148438
gru_roll_dadrop,42,57,855,25.73510627746582,64.81378936767578,389.7935485839844,0.0,80.61469829958577,153.58840942382812
gru_roll_dadrop,42,58,870,25.68931655883789,64.78482055664062,389.78582763671875,0.0,78.8505547347991,148.47288513183594
gru_roll_dadrop,42,59,885,25.707383728027345,64.88256072998047,389.8089599609375,0.0,78.75496074852988,147.34564208984375
gru_roll_dadrop,42,60,900,25.68267250061035,64.6757583618164,389.73638916015625,0.0,78.26540366733292,146.6127471923828
gru_roll_dadrop,42,61,915,25.73613052368164,64.88519287109375,389.8045654296875,0.0,78.07421569479447,145.96609497070312
gru_roll_dadrop,42,62,930,25.709545516967772,64.79654693603516,389.78765869140625,0.0,79.7456620607746,151.4251708984375
gru_roll_dadrop,42,63,945,25.653495025634765,64.5766830444336,389.7453918457031,0.0,78.86793545957534,146.68556213378906
gru_roll_dadrop,42,64,960,25.615872955322267,64.4156723022461,389.7051696777344,0.0,76.95895252165349,142.0843963623047
gru_roll_dadrop,42,65,975,25.620019912719727,64.37406921386719,389.6998596191406,0.0,78.30016511688538,145.66763305664062
gru_roll_dadrop,42,66,990,25.622360229492188,64.46846771240234,389.7305908203125,0.0,78.08869963210799,145.13848876953125
gru_roll_dadrop,42,67,1005,25.64653091430664,64.49340057373047,389.73040771484375,0.0,79.673242374207,150.89266967773438
gru_roll_dadrop,42,68,1020,25.650955581665038,64.56367492675781,389.76959228515625,0.0,78.95194229599373,147.89859008789062
gru_roll_dadrop,42,69,1035,25.671566009521484,64.46929168701172,389.7185974121094,0.0,80.56545291271979,153.33029174804688
gru_roll_dadrop,42,70,1050,25.63656234741211,64.50297546386719,389.70880126953125,0.0,78.22484864285506,146.21275329589844
gru_roll_dadrop,42,71,1065,25.67116928100586,64.42176055908203,389.7093811035156,0.0,80.81747342197502,153.9530792236328
gru_roll_dadrop,42,72,1080,25.674106216430665,64.41854095458984,389.7100830078125,0.0,80.58573042495873,153.7470703125
gru_roll_dadrop,42,73,1095,25.66635398864746,64.36907196044922,389.7135314941406,0.0,79.32562787868254,148.9799041748047
gru_roll_dadrop,42,74,1110,25.704516220092774,64.39929962158203,389.7091979980469,0.0,81.22881724167897,156.51171875
gru_roll_dadrop,42,75,1125,25.73258743286133,64.5431137084961,389.770751953125,0.0,80.8696155963037,154.27691650390625
gru_roll_dadrop,42,76,1140,25.684840393066406,64.49796295166016,389.7536315917969,0.0,79.232930679876,149.61643981933594
gru_roll_dadrop,42,77,1155,25.711846923828126,64.55030059814453,389.79925537109375,0.0,80.09907013122447,152.4296417236328
gru_roll_dadrop,42,78,1170,25.694836044311522,64.56029510498047,389.7940979003906,0.0,78.95483908345645,149.29135131835938
gru_roll_dadrop,42,79,1185,25.77930908203125,64.52596282958984,389.7926025390625,0.0,81.25488832884331,156.6082305908203
gru_roll_dadrop,42,80,1200,25.739059829711913,64.688720703125,389.8397216796875,0.0,79.71959097361027,150.13070678710938
gru_roll_dadrop,42,81,1215,25.705377960205077,64.44731903076172,389.7226867675781,0.0,78.1698096810637,146.3341064453125
gru_roll_dadrop,42,82,1230,25.781892013549804,64.72515106201172,389.8310546875,0.0,80.25259986674777,154.76416015625
gru_roll_dadrop,42,83,1245,25.72201919555664,64.64617919921875,389.7867736816406,0.0,78.98380695808348,148.61257934570312
gru_roll_dadrop,42,84,1260,25.72363166809082,64.58473205566406,389.2023010253906,0.0,79.65875843689348,150.91461181640625
gru_roll_dadrop,42,85,1275,25.697739028930663,64.52184295654297,389.1718444824219,0.0,79.70800382375946,150.75160217285156
gru_roll_dadrop,42,86,1290,25.698852157592775,64.49121856689453,389.1640625,0.0,78.37837837837837,146.94911193847656
gru_roll_dadrop,42,87,1305,25.711155319213866,64.56892395019531,389.20904541015625,0.0,80.3452970655543,153.23541259765625
gru_roll_dadrop,42,88,1320,25.69422607421875,64.48966217041016,389.18603515625,0.0,77.28628950493902,143.73101806640625
gru_roll_dadrop,42,89,1335,25.699407958984374,64.61461639404297,389.2500915527344,0.0,78.9171808464413,148.157958984375
gru_roll_dadrop,42,90,1350,25.723292922973634,64.6287612915039,389.29083251953125,0.0,80.24101271689696,154.52908325195312
gru_roll_dadrop,42,91,1365,25.729591369628906,64.56314849853516,389.2313537597656,0.0,74.3431534428319,136.48985290527344
gru_roll_dadrop,42,92,1380,25.706701278686523,64.69031524658203,389.2568359375,0.0,76.973436458967,143.07594299316406
gru_roll_dadrop,42,93,1395,25.753265380859375,64.77930450439453,389.2947998046875,0.0,79.43860258972799,150.7813262939453
gru_roll_dadrop,42,94,1410,25.715026092529296,64.69451141357422,389.25152587890625,0.0,77.45140639031314,144.14151000976562
gru_roll_dadrop,42,95,1425,25.72697334289551,64.74729919433594,389.2373046875,0.0,76.39407896642624,142.45343017578125
gru_roll_dadrop,42,96,1440,25.760224533081054,64.77125549316406,389.28173828125,0.0,76.99081718374323,143.955078125
gru_roll_T96,42,1,15,26.337234115600587,68.70468139648438,391.2628479003906,0.0,76.69050051072523,146.4149932861328
gru_roll_T96,42,2,30,26.408605575561523,68.9693374633789,391.3067321777344,0.0,75.66905005107253,142.92922973632812
gru_roll_T96,42,3,45,26.66771697998047,69.58598327636719,391.4195251464844,0.0,75.39763607179337,143.798828125
gru_roll_T96,42,4,60,26.727183151245118,68.9951400756836,391.3211669921875,0.0,68.4838756748869,125.16229248046875
gru_roll_T96,42,5,75,26.627695083618164,69.97982025146484,391.5844421386719,0.0,77.10783598424048,148.3912811279297
gru_roll_T96,42,6,90,26.599305725097658,69.6372299194336,391.46173095703125,0.0,76.71092951991828,147.55075073242188
gru_roll_T96,42,7,105,26.62429733276367,69.64765167236328,391.4462890625,0.0,75.26338829709617,143.56777954101562
gru_roll_T96,42,8,120,26.658346557617186,69.50386810302734,391.3865661621094,0.0,74.06391361447541,140.2294158935547
gru_roll_T96,42,9,135,26.62834701538086,69.65848541259766,391.4540710449219,0.0,74.37326718225594,141.212646484375
gru_roll_T96,42,10,150,26.67684898376465,69.68233489990234,391.4248962402344,0.0,74.85188968335036,142.30726623535156
gru_roll_T96,42,11,165,26.616261291503907,69.59734344482422,391.50250244140625,0.0,75.93462717058223,146.71641540527344
gru_roll_T96,42,12,180,26.67802314758301,69.85511016845703,391.5897521972656,0.0,77.68276667153071,153.77947998046875
gru_roll_T96,42,13,195,26.66195640563965,69.48133850097656,391.4946594238281,0.0,76.85393258426966,150.9707794189453
gru_roll_T96,42,14,210,26.787470245361327,70.1192398071289,391.564453125,0.0,76.54457901648914,148.6359100341797
gru_roll_T96,42,15,225,26.743518447875978,69.8906478881836,391.5216369628906,0.0,74.38785933167955,141.49595642089844
gru_roll_T96,42,16,240,26.82413330078125,69.87583923339844,391.5169372558594,0.0,74.46082007879761,143.32565307617188
gru_roll_T96,42,17,255,26.704531478881837,69.80280303955078,391.59783935546875,0.0,76.69633737049467,149.1682586669922
gru_roll_T96,42,18,270,26.785123825073242,69.99791717529297,391.59271240234375,0.0,74.38785933167955,142.42471313476562
gru_roll_T96,42,19,285,26.742717742919922,69.76239013671875,391.5376281738281,0.0,73.97636071793376,140.11224365234375
gru_roll_T96,42,20,300,26.66377410888672,69.31780242919922,390.84161376953125,0.0,73.40726689041296,138.9311065673828
gru_roll_T96,42,21,315,26.745457077026366,70.13648223876953,391.0726623535156,0.0,76.57668174522108,150.51893615722656
gru_roll_T96,42,22,330,26.74389190673828,69.6781005859375,390.9466247558594,0.0,72.02393112505472,136.39022827148438
gru_roll_T96,42,23,345,26.760260391235352,70.19939422607422,391.03802490234375,0.0,75.03283233620313,144.34152221679688
gru_roll_T96,42,24,360,26.74419746398926,69.69920349121094,390.9042053222656,0.0,72.00350211586166,135.094482421875
gru_roll_T96,42,25,375,26.72153511047363,70.01890563964844,390.9990234375,0.0,75.05326134539617,144.44595336914062
gru_roll_T96,42,26,390,26.814839935302736,69.7154541015625,390.8976745605469,0.0,73.25842696629213,139.593505859375
gru_roll_T96,42,27,405,26.758028411865233,69.66544342041016,390.8807678222656,0.0,73.01911571574493,137.98716735839844
gru_roll_T96,42,28,420,26.799030685424803,70.13077545166016,390.9967346191406,0.0,74.99197431781701,144.31546020507812
gru_roll_T96,42,29,435,26.669697952270507,69.92540740966797,390.96014404296875,0.0,74.81103166496425,143.5476837158203
gru_roll_T96,42,30,450,26.67074966430664,69.34761047363281,390.7951354980469,0.0,72.37414271122137,136.17112731933594
gru_roll_T96,42,31,465,26.681036758422852,69.7385025024414,390.89727783203125,0.0,72.96658397781994,137.84487915039062
gru_roll_T96,42,32,480,26.814707565307618,70.33694458007812,391.042724609375,0.0,76.11848825331971,148.55062866210938
gru_roll_T96,42,33,495,26.738400650024413,69.72071075439453,390.8944396972656,0.0,72.23989493652415,136.26251220703125
gru_roll_T96,42,34,510,26.63973274230957,69.77974700927734,390.936767578125,0.0,74.70596818911426,143.727294921875
gru_roll_T96,42,35,525,26.70389060974121,69.7642822265625,390.88958740234375,0.0,74.73515248796147,142.89669799804688
gru_roll_T96,42,36,540,26.69423599243164,70.33953094482422,391.0406494140625,0.0,77.14577557274187,151.12562561035156
gru_roll_T96,42,37,555,26.717668533325195,70.08065795898438,390.961181640625,0.0,74.59506785349483,142.42420959472656
gru_roll_T96,42,38,570,26.628047943115234,69.52503204345703,390.85040283203125,0.0,74.37326718225594,141.7764434814453
gru_roll_T96,42,39,585,26.635287857055665,69.81058502197266,390.9203796386719,0.0,73.99678972712681,140.72055053710938
gru_roll_T96,42,40,600,26.627978515625,69.58757019042969,390.8796081542969,0.0,73.52108565591712,139.26828002929688
gru_roll_T96,42,41,615,26.640134429931642,69.81138610839844,390.9224548339844,0.0,73.92674740989348,140.2596893310547
gru_roll_T96,42,42,630,26.604217529296875,69.99243927001953,391.0133056640625,0.0,76.8597694440391,150.00448608398438
gru_roll_T96,42,43,645,26.647790908813477,69.92823028564453,390.9668884277344,0.0,75.94630089012111,146.60357666015625
gru_roll_T96,42,44,660,26.607637023925783,69.88587951660156,390.9610900878906,0.0,74.65051802130453,142.38955688476562
gru_roll_T96,42,45,675,26.678101348876954,69.78108215332031,390.90484619140625,0.0,75.3480227637531,145.0545196533203
gru_roll_T96,42,46,690,26.618447494506835,69.98528289794922,390.9736328125,0.0,76.21187800963082,146.75511169433594
gru_roll_T96,42,47,705,26.71552734375,69.87158966064453,390.9573669433594,0.0,75.30132788559754,145.410888671875
gru_roll_T96,42,48,720,26.817244720458984,70.7156982421875,391.19744873046875,0.0,80.52823580913469,164.1433868408203
gru_roll_T96,42,49,735,26.771051025390626,70.13685607910156,391.5976867675781,0.0,75.21669341894061,145.02288818359375
gru_roll_T96,42,50,750,26.628802871704103,69.96509552001953,391.5530700683594,0.0,77.21581788997518,150.11534118652344
gru_roll_T96,42,51,765,26.55718994140625,69.19031524658203,391.34130859375,0.0,73.9179921202393,139.76634216308594
gru_roll_T96,42,52,780,26.58665771484375,69.55248260498047,391.44873046875,0.0,75.02699547643368,143.65406799316406
gru_roll_T96,42,53,795,26.684626388549805,70.0633773803711,391.5506286621094,0.0,75.51145483729753,144.40884399414062
gru_roll_T96,42,54,810,26.81936683654785,69.2836685180664,391.3326721191406,0.0,68.47512038523274,125.96077728271484
gru_roll_T96,42,55,825,26.69690284729004,69.90306854248047,391.5221862792969,0.0,75.96089303954473,146.68113708496094
gru_roll_T96,42,56,840,26.81722526550293,70.93606567382812,391.8587341308594,0.0,80.20720852181526,161.38247680664062
gru_roll_T96,42,57,855,26.685636520385742,70.1384048461914,391.6298522949219,0.0,76.67298993141691,148.66554260253906
gru_roll_T96,42,58,870,26.686972427368165,69.91349792480469,391.5703430175781,0.0,73.49773821683934,139.10169982910156
gru_roll_T96,42,59,885,26.64817657470703,69.89820861816406,391.58056640625,0.0,74.3003064351379,141.13043212890625
gru_roll_T96,42,60,900,26.683037567138673,69.5413818359375,391.443603515625,0.0,73.69910987888517,139.70419311523438
gru_roll_T96,42,61,915,26.627587890625,69.40258026123047,391.51080322265625,0.0,72.74770173646579,137.8629608154297
gru_roll_T96,42,62,930,26.647846221923828,69.8583755493164,391.60662841796875,0.0,74.79643951554064,143.7000732421875
gru_roll_T96,42,63,945,26.62256622314453,69.74784088134766,391.5340270996094,0.0,75.01824018677952,142.43667602539062
gru_roll_T96,42,64,960,26.64727020263672,69.26890563964844,391.4160461425781,0.0,71.38187655041588,132.83055114746094
gru_roll_T96,42,65,975,26.565388870239257,69.0743179321289,391.3690185546875,0.0,73.16503720998104,137.5388641357422
gru_roll_T96,42,66,990,26.696605682373047,69.44577026367188,391.4150695800781,0.0,73.1212607617102,137.76588439941406
gru_roll_T96,42,67,1005,26.699842834472655,70.00167846679688,391.5798034667969,0.0,75.61068145337808,145.6872100830078
gru_roll_T96,42,68,1020,26.746620178222656,69.87360382080078,391.54095458984375,0.0,74.41412520064206,142.42030334472656
gru_roll_T96,42,69,1035,26.6269287109375,69.92044830322266,391.60821533203125,0.0,76.45410769006274,148.04917907714844
gru_roll_T96,42,70,1050,26.735784912109374,69.81118774414062,391.5263366699219,0.0,72.52006420545747,136.55752563476562
gru_roll_T96,42,71,1065,26.66897315979004,70.07010650634766,391.65301513671875,0.0,77.42302641179045,151.14820861816406
gru_roll_T96,42,72,1080,26.61864356994629,69.8311538696289,391.6207275390625,0.0,76.94148548081132,150.64283752441406
gru_roll_T96,42,73,1095,26.57674369812012,69.44960021972656,391.4989013671875,0.0,74.98030059827812,143.15061950683594
gru_roll_T96,42,74,1110,26.64400444030762,69.81631469726562,391.61834716796875,0.0,77.44345542098351,152.42103576660156
gru_roll_T96,42,75,1125,26.661716842651366,70.05924224853516,391.6966247558594,0.0,77.70319568072377,152.46621704101562
gru_roll_T96,42,76,1140,26.646215438842773,69.71788787841797,391.6025390625,0.0,74.44039106960454,142.7383575439453
gru_roll_T96,42,77,1155,26.68720474243164,69.8676986694336,391.651611328125,0.0,74.9773821683934,144.41281127929688
gru_roll_T96,42,78,1170,26.762279891967772,69.9186782836914,391.63079833984375,0.0,73.84503137312126,140.2369842529297
gru_roll_T96,42,79,1185,26.652761459350586,69.72984313964844,391.64788818359375,0.0,78.2372683496279,155.6390838623047
gru_roll_T96,42,80,1200,26.709348297119142,70.18378448486328,391.7061767578125,0.0,75.73617393842113,145.42185974121094
gru_roll_T96,42,81,1215,26.614942932128905,69.04242706298828,391.38104248046875,0.0,73.28761126513935,137.9024200439453
gru_roll_T96,42,82,1230,26.882466888427736,70.19915771484375,391.66497802734375,0.0,75.78870567634613,148.51211547851562
gru_roll_T96,42,83,1245,26.724039459228514,70.00325775146484,391.63299560546875,0.0,74.52210710637677,142.3062286376953
gru_roll_T96,42,84,1260,26.623606872558593,69.71746063232422,391.6206359863281,0.0,75.800379395885,146.22682189941406
gru_roll_T96,42,85,1275,26.649067306518553,69.78942108154297,391.5809631347656,0.0,75.49102582810447,144.22683715820312
gru_roll_T96,42,86,1290,26.574356079101562,69.10185241699219,391.44171142578125,0.0,73.88297096162265,139.6337890625
gru_roll_T96,42,87,1305,26.688756942749023,70.0995101928711,391.675048828125,0.0,77.11075441412521,149.516845703125
gru_roll_T96,42,88,1320,26.62704734802246,68.989990234375,391.4018859863281,0.0,72.79147818473662,136.49713134765625
gru_roll_T96,42,89,1335,26.726102828979492,69.75928497314453,391.5775451660156,0.0,74.17189552021013,140.64613342285156
gru_roll_T96,42,90,1350,26.80694236755371,70.18424224853516,391.6852111816406,0.0,76.06303808550999,147.8032684326172
gru_roll_T96,42,91,1365,26.83483009338379,69.1553955078125,391.42010498046875,0.0,68.32628046111192,125.08320617675781
gru_roll_T96,42,92,1380,26.794491958618163,69.68891143798828,391.53497314453125,0.0,71.99182839632277,134.9592742919922
gru_roll_T96,42,93,1395,26.699639129638673,69.93305206298828,391.66729736328125,0.0,75.28673573617394,144.09896850585938
gru_roll_T96,42,94,1410,26.743990325927733,69.50996398925781,391.5204162597656,0.0,73.02787100539909,137.5924835205078
gru_roll_T96,42,95,1425,26.763433837890624,69.62968444824219,391.5738220214844,0.0,71.5307164745367,133.27781677246094
gru_roll_T96,42,96,1440,26.681140518188478,69.182373046875,391.5162658691406,0.0,72.72143586750329,136.83169555664062
gru_expanding,43,1,15,28.70439910888672,72.33694458007812,394.8772888183594,0.0,90.4557130075904,222.36727905273438
gru_expanding,43,2,30,27.47488670349121,69.83846282958984,390.2588195800781,0.0,90.04300268406014,215.1286163330078
gru_expanding,43,3,45,28.51558494567871,73.33827209472656,392.232421875,0.0,89.07904990043004,216.24571228027344
gru_expanding,43,4,60,28.375609970092775,70.94286346435547,395.3066101074219,0.0,90.76163814251494,219.0690155029297
gru_expanding,43,5,75,28.82158546447754,71.9952163696289,397.712646484375,0.0,91.19743715547347,223.94985961914062
gru_expanding,43,6,90,28.310623168945312,71.88513946533203,394.2398681640625,0.0,89.85252099627695,214.3956756591797
gru_expanding,43,7,105,28.862912750244142,72.5293960571289,397.1391906738281,0.0,91.04158850183266,221.73243713378906
gru_expanding,43,8,120,27.963010406494142,71.6626968383789,390.680419921875,0.0,89.17717683050016,218.60556030273438
gru_expanding,43,9,135,27.79198760986328,71.289794921875,390.359619140625,0.0,89.43403850038962,215.16226196289062
gru_expanding,43,10,150,28.04616470336914,70.97769927978516,393.1088562011719,0.0,90.03145833934602,214.69522094726562
gru_expanding,43,11,165,28.86249237060547,74.67021179199219,392.78564453125,0.0,88.43833876879563,216.9799346923828
gru_expanding,43,12,180,28.891346740722657,73.91783142089844,393.1088562011719,0.0,88.99246731507404,222.5504608154297
gru_expanding,43,13,195,27.527343368530275,70.32357025146484,390.21661376953125,0.0,89.9189009783832,214.57550048828125
gru_expanding,43,14,210,27.614942932128905,70.56608581542969,390.3047180175781,0.0,90.08052180438108,216.0518798828125
gru_expanding,43,15,225,29.94432487487793,76.09027099609375,394.95904541015625,0.0,89.55814020606655,232.71681213378906
gru_expanding,43,16,240,29.612722396850586,73.46888732910156,401.8077087402344,0.0,90.90017027908453,226.73483276367188
gru_expanding,43,17,255,27.938549041748047,72.07382202148438,390.4129333496094,0.0,89.2320124678923,217.99693298339844
gru_expanding,43,18,270,27.73148422241211,70.69035339355469,390.8243713378906,0.0,90.13535744177321,213.9718780517578
gru_expanding,43,19,285,29.115270614624023,74.4156723022461,393.5057067871094,0.0,89.78325492799215,225.11097717285156
gru_expanding,43,20,300,28.814590072631837,72.59895324707031,398.546875,0.0,89.50907674103149,215.88401794433594
gru_expanding,43,21,315,27.609430694580077,70.65463256835938,390.22998046875,0.0,90.04588877023868,215.2896728515625
gru_expanding,43,22,330,28.025170516967773,71.80945587158203,390.75860595703125,0.0,90.06031920113135,220.59475708007812
gru_expanding,43,23,345,31.28192710876465,79.32141876220703,402.29156494140625,0.0,88.02274235908685,227.97406005859375
gru_expanding,43,24,360,29.57703399658203,75.71332550048828,395.5243835449219,0.0,88.82218823054056,223.34228515625
gru_expanding,43,25,375,27.727105331420898,71.2479019165039,390.3421630859375,0.0,89.41672198331842,216.25909423828125
gru_expanding,43,26,390,28.02828178405762,72.27943420410156,390.32135009765625,0.0,89.08482207278709,217.9248504638672
gru_expanding,43,27,405,31.07208251953125,79.11611938476562,398.39813232421875,0.0,88.01985627290831,231.71849060058594
gru_expanding,43,28,420,30.593081283569337,76.62367248535156,399.6524353027344,0.0,88.8250743167191,225.2338409423828
gru_expanding,43,29,435,30.660363006591798,78.73516845703125,399.2637023925781,0.0,88.03140061762245,225.0220489501953
gru_expanding,43,30,450,31.84482078552246,80.82047271728516,401.638916015625,0.0,88.03140061762245,227.20008850097656
gru_expanding,43,31,465,29.146924209594726,73.75370788574219,398.7345275878906,0.0,90.10072440763082,218.64332580566406
gru_expanding,43,32,480,27.662037658691407,70.57499694824219,389.8387145996094,0.0,89.9795087881324,217.27114868164062
gru_expanding,43,33,495,30.05139923095703,75.81433868408203,395.464111328125,0.0,88.8077577996479,227.55120849609375
gru_expanding,43,34,510,30.95746841430664,78.29434204101562,399.60150146484375,0.0,88.51914918179456,224.35586547851562
gru_expanding,43,35,525,28.72798080444336,74.45284271240234,392.725830078125,0.0,89.07904990043004,217.52432250976562
gru_expanding,43,36,540,30.40196075439453,77.10125732421875,397.8414306640625,0.0,88.4441109411527,224.86215209960938
gru_expanding,43,37,555,30.137061309814452,75.30057525634766,400.9720153808594,0.0,90.73566336690814,229.10426330566406
gru_expanding,43,38,570,29.967454528808595,74.86524963378906,399.9620361328125,0.0,90.96077808883373,228.82443237304688
gru_expanding,43,39,585,27.73513717651367,71.2004623413086,390.3418884277344,0.0,90.15844613120147,216.5428924560547
gru_expanding,43,40,600,28.018154907226563,71.74197387695312,391.3053894042969,0.0,89.47155762071056,216.06056213378906
gru_expanding,43,41,615,29.083716201782227,72.91553497314453,397.59625244140625,0.0,90.82513203844267,223.7396697998047
gru_expanding,43,42,630,30.678974914550782,78.16468048095703,397.8512268066406,0.0,88.4094779070103,227.7062225341797
gru_expanding,43,43,645,28.083861541748046,72.06151580810547,390.55804443359375,0.0,89.42538024185403,217.4462890625
gru_expanding,43,44,660,28.656160354614258,71.94176483154297,394.7900695800781,0.0,89.93044532309736,220.30313110351562
gru_expanding,43,45,675,28.84493179321289,74.67052459716797,392.627197265625,0.0,88.9203151606107,219.02064514160156
gru_expanding,43,46,690,27.732470703125,71.38300323486328,390.5657043457031,0.0,89.77748275563509,217.93275451660156
gru_expanding,43,47,705,30.353656387329103,76.33484649658203,396.7191162109375,0.0,88.33443966636844,219.3302764892578
gru_expanding,43,48,720,28.675064849853516,73.30489349365234,392.3960876464844,0.0,89.25510115732055,220.61717224121094
gru_expanding,43,49,735,29.540835189819337,74.51129913330078,397.4259948730469,0.0,90.09783832145229,219.2930908203125
gru_expanding,43,50,750,30.61280937194824,77.9485092163086,396.9478759765625,0.0,88.4267944240815,227.0438690185547
gru_expanding,43,51,765,27.759675979614258,71.8266830444336,390.6343078613281,0.0,89.84386273774135,214.19349670410156
gru_expanding,43,52,780,29.775762939453124,74.80108642578125,397.8504943847656,0.0,89.0761638142515,219.76058959960938
gru_expanding,43,53,795,30.980234909057618,79.52230072021484,397.716796875,0.0,87.96213454933765,223.14353942871094
gru_expanding,43,54,810,28.104904174804688,72.3794937133789,391.72528076171875,0.0,89.39651938006868,216.3108673095703
gru_expanding,43,55,825,28.680675888061522,73.30973815917969,396.7853698730469,0.0,89.75439406620683,214.7977294921875
gru_expanding,43,56,840,28.277157974243163,71.61300659179688,394.2379455566406,0.0,90.25080088891454,223.17759704589844
gru_expanding,43,57,855,29.82046546936035,75.8770980834961,394.21624755859375,0.0,89.76593841092095,234.01593017578125
gru_expanding,43,58,870,30.877558517456055,77.29867553710938,398.6795959472656,0.0,88.31135097694018,223.77349853515625
gru_expanding,43,59,885,28.336909103393555,72.3359603881836,392.7794189453125,0.0,90.48745995555427,223.6571044921875
gru_expanding,43,60,900,27.957138061523438,71.62200164794922,391.8481750488281,0.0,89.56968455078068,218.83753967285156
gru_expanding,43,61,915,30.69031982421875,78.68058776855469,399.71142578125,0.0,88.45565528586684,226.1192169189453
gru_expanding,43,62,930,27.59495964050293,70.88463592529297,390.1416931152344,0.0,89.90158446131201,216.58273315429688
gru_expanding,43,63,945,30.034979248046874,77.99513244628906,396.3965759277344,0.0,88.42390833790297,219.69236755371094
gru_expanding,43,64,960,27.75188293457031,71.24456024169922,390.8425598144531,0.0,89.46867153453202,217.4842529296875
gru_expanding,43,65,975,29.350510025024413,74.44181823730469,395.1386413574219,0.0,89.28973419146295,217.8369140625
gru_expanding,43,66,990,28.5191349029541,72.69511413574219,392.50738525390625,0.0,89.51196282721003,227.16580200195312
gru_expanding,43,67,1005,28.005908966064453,72.73773193359375,391.2295227050781,0.0,89.65049496377961,215.80821228027344
gru_expanding,43,68,1020,28.547717666625978,71.3772964477539,394.5746154785156,0.0,91.25515887904413,224.738525390625
gru_expanding,43,69,1035,27.92606544494629,71.82364654541016,391.16595458984375,0.0,89.68512799792202,215.37503051757812
gru_expanding,43,70,1050,30.84666633605957,78.6073226928711,401.2727355957031,0.0,88.8164160581835,228.55613708496094
gru_expanding,43,71,1065,28.405387496948244,72.9129409790039,392.4398498535156,0.0,89.39651938006868,219.4128875732422
gru_expanding,43,72,1080,28.0136775970459,71.82928466796875,391.64276123046875,0.0,89.49464631013882,218.63299560546875
gru_expanding,43,73,1095,28.84065399169922,72.84309387207031,395.113525390625,0.0,90.8799676758348,221.57144165039062
gru_expanding,43,74,1110,31.081481170654296,77.71747589111328,400.8434753417969,0.0,88.07469191030044,226.1332244873047
gru_expanding,43,75,1125,27.690813064575195,70.90951538085938,390.5968322753906,0.0,90.06320528730988,217.1852569580078
gru_expanding,43,76,1140,29.474200820922853,74.34905242919922,394.289306640625,0.0,88.86259343704003,226.36659240722656
gru_expanding,43,77,1155,28.171664428710937,71.9133529663086,391.786865234375,0.0,89.4051776386043,213.3897705078125
gru_expanding,43,78,1170,27.630672454833984,71.04279327392578,390.05975341796875,0.0,89.81211578977748,215.79141235351562
gru_expanding,43,79,1185,27.720857620239258,71.57920837402344,390.52734375,0.0,89.80634361742041,216.9861602783203
gru_expanding,43,80,1200,27.952260208129882,71.5984115600586,390.92193603515625,0.0,89.46867153453202,220.3323211669922
gru_expanding,43,81,1215,28.0773681640625,71.67930603027344,391.1394958496094,0.0,89.2320124678923,218.68397521972656
gru_expanding,43,82,1230,27.495053100585938,70.29849243164062,389.9382019042969,0.0,90.15556004502294,217.02041625976562
gru_expanding,43,83,1245,27.746168518066405,71.5035400390625,390.2610168457031,0.0,89.43692458656815,214.7640838623047
gru_expanding,43,84,1260,27.601620864868163,70.73889923095703,389.787353515625,0.0,89.48887413778175,217.8020477294922
gru_expanding,43,85,1275,27.632519149780272,70.52811431884766,389.4557800292969,0.0,89.76882449709949,217.77655029296875
gru_expanding,43,86,1290,27.767941665649413,69.6468276977539,390.54718017578125,0.0,91.00695546769026,223.78884887695312
gru_expanding,43,87,1305,29.746624755859376,75.6160659790039,394.0284423828125,0.0,89.85829316863402,230.6519317626953
gru_expanding,43,88,1320,28.19956817626953,71.11870574951172,391.80157470703125,0.0,91.0964241392248,221.49673461914062
gru_expanding,43,89,1335,27.73179931640625,70.744873046875,390.79193115234375,0.0,89.99971139138214,214.54299926757812
gru_expanding,43,90,1350,28.065775299072264,72.7095947265625,390.3594665527344,0.0,88.91454298825363,216.2908477783203
gru_expanding,43,91,1365,27.918968200683594,70.98846435546875,390.83880615234375,0.0,91.03870241565413,219.62510681152344
gru_expanding,43,92,1380,27.598518753051756,70.03047180175781,389.9355163574219,0.0,89.88138185806228,215.55015563964844
gru_expanding,43,93,1395,28.04700813293457,71.43473052978516,390.96234130859375,0.0,90.0920661490952,217.86488342285156
gru_expanding,43,94,1410,27.487168502807616,70.07067108154297,389.1214294433594,0.0,90.01702790845336,217.88890075683594
gru_expanding,43,95,1425,28.53998718261719,73.36542510986328,393.800537109375,0.0,89.20892377846403,211.18389892578125
gru_expanding,43,96,1440,28.120420455932617,71.0280990600586,390.69525146484375,0.0,89.98239487431094,224.08944702148438
mrinn_expanding,43,1,15,37.09939842224121,96.05335998535156,549.3037719726562,0.0,92.94640537966463,363.5736083984375
mrinn_expanding,43,2,30,45.38452301025391,120.81613159179688,737.5943603515625,0.0,92.12675690496118,424.0677185058594
mrinn_expanding,43,3,45,36.130428314208984,94.17937469482422,544.6016235351562,0.0,93.0647349129845,350.7535705566406
mrinn_expanding,43,4,60,46.13828735351562,125.79107666015625,758.9094848632812,0.0,92.59430286588358,454.66363525390625
mrinn_expanding,43,5,75,37.24959602355957,93.78491973876953,550.7263793945312,0.0,93.18017836012584,366.3171691894531
mrinn_expanding,43,6,90,38.97993087768555,98.75334930419922,578.61669921875,0.0,92.9868105861641,391.5003967285156
mrinn_expanding,43,7,105,38.710791015625,98.22821044921875,576.2869262695312,0.0,93.0647349129845,366.19537353515625
mrinn_expanding,43,8,120,38.01853790283203,96.77277374267578,529.963134765625,0.0,92.77901238130971,381.20318603515625
mrinn_expanding,43,9,135,42.26680297851563,106.01554870605469,602.9395751953125,0.0,92.94063320730757,414.3050231933594
mrinn_expanding,43,10,150,38.407287216186525,99.8707275390625,568.2981567382812,0.0,92.89445582845104,378.6567077636719
mrinn_expanding,43,11,165,46.8555419921875,127.04676818847656,769.5765380859375,0.0,91.95070564807065,452.5114440917969
mrinn_expanding,43,12,180,39.24726791381836,97.27556610107422,537.6300048828125,0.0,92.92043060405784,410.3314514160156
mrinn_expanding,43,13,195,36.69059944152832,94.85345458984375,542.3892822265625,0.0,92.95794972437878,358.7333679199219
mrinn_expanding,43,14,210,37.77940483093262,94.73717498779297,545.870849609375,0.0,93.1686340154117,362.1844482421875
mrinn_expanding,43,15,225,41.44296035766602,107.09700012207031,575.0914306640625,0.0,92.46442898784957,416.6123046875
mrinn_expanding,43,16,240,36.670195770263675,94.09112548828125,548.1266479492188,0.0,93.0647349129845,354.3913879394531
mrinn_expanding,43,17,255,36.13334655761719,92.74010467529297,524.7575073242188,0.0,93.18017836012584,339.6020202636719
mrinn_expanding,43,18,270,39.16700630187988,99.88041687011719,565.5389404296875,0.0,92.95506363820024,382.2154541015625
mrinn_expanding,43,19,285,37.18764801025391,97.05999755859375,549.5979614257812,0.0,92.83096193252331,361.4174499511719
mrinn_expanding,43,20,300,35.63164596557617,92.33279418945312,518.0512084960938,0.0,92.97815232762851,342.802001953125
mrinn_expanding,43,21,315,38.910773849487306,100.7904052734375,571.0772094726562,0.0,92.98103841380704,373.9366760253906
mrinn_expanding,43,22,330,36.29115180969238,93.85945129394531,532.0444946289062,0.0,92.82518976016624,355.58642578125
mrinn_expanding,43,23,345,45.68773651123047,125.08526611328125,757.1625366210938,0.0,91.97379433749892,447.4416809082031
mrinn_expanding,43,24,360,40.81266860961914,106.44331359863281,555.7244262695312,0.0,92.29414990331611,405.3598937988281
mrinn_expanding,43,25,375,44.51478652954101,119.51335144042969,717.3849487304688,0.0,91.87566740742878,422.30169677734375
mrinn_expanding,43,26,390,41.028485488891604,101.36174011230469,570.4625244140625,0.0,92.82807584634477,426.7759704589844
mrinn_expanding,43,27,405,40.0250862121582,97.84551239013672,547.8667602539062,0.0,92.73860717481024,421.4967041015625
mrinn_expanding,43,28,420,38.58107147216797,99.99559783935547,572.9317626953125,0.0,92.83673410488036,375.3240661621094
mrinn_expanding,43,29,435,37.11318473815918,95.53052520751953,550.5794067382812,0.0,93.10225403330543,356.85040283203125
mrinn_expanding,43,30,450,38.755102920532224,96.19805908203125,559.28125,0.0,92.9088862593437,382.3482360839844
mrinn_expanding,43,31,465,37.7247200012207,93.8998031616211,516.569091796875,0.0,92.68088545123958,384.9247741699219
mrinn_expanding,43,32,480,35.46087074279785,91.41191864013672,530.8834228515625,0.0,93.00701318941384,332.7012023925781
mrinn_expanding,43,33,495,39.2453556060791,97.4142074584961,563.33056640625,0.0,92.92908886259343,386.0173034667969
mrinn_expanding,43,34,510,37.87893180847168,94.69157409667969,545.685791015625,0.0,92.98103841380704,378.20404052734375
mrinn_expanding,43,35,525,35.824667358398436,91.80635070800781,520.2078857421875,0.0,93.04741839591331,330.13372802734375
mrinn_expanding,43,36,540,35.920559310913085,91.61958312988281,523.3449096679688,0.0,92.98969667234263,332.5923767089844
mrinn_expanding,43,37,555,33.839956283569336,86.87682342529297,494.37359619140625,0.0,93.08493751623423,310.68182373046875
mrinn_expanding,43,38,570,34.565300369262694,89.1550521850586,501.057373046875,0.0,92.96083581055731,327.88861083984375
mrinn_expanding,43,39,585,36.32704048156738,92.99015045166016,503.6915283203125,0.0,93.0214436203065,344.43914794921875
mrinn_expanding,43,40,600,37.88310623168945,95.94925689697266,539.4153442382812,0.0,92.80210107073798,370.0155029296875
mrinn_expanding,43,41,615,33.67511405944824,86.75301361083984,487.927734375,0.0,92.97238015527144,315.656494140625
mrinn_expanding,43,42,630,36.559370803833005,91.19103240966797,505.5586242675781,0.0,92.87136713902278,343.1331481933594
mrinn_expanding,43,43,645,34.84757347106934,90.66645050048828,498.3505554199219,0.0,92.71840457156051,331.61590576171875
mrinn_expanding,43,44,660,42.2550651550293,112.61027526855469,723.6150512695312,0.0,92.08923778464026,390.600830078125
mrinn_expanding,43,45,675,36.9223445892334,94.7418212890625,511.0527038574219,0.0,92.72417674391758,363.04541015625
mrinn_expanding,43,46,690,37.16667594909668,96.39385223388672,496.4347839355469,0.0,92.56832809027678,358.7307434082031
mrinn_expanding,43,47,705,42.152740478515625,113.41043853759766,699.4275512695312,0.0,91.97956650985599,390.5287780761719
mrinn_expanding,43,48,720,36.85405578613281,96.39895629882812,493.0485534667969,0.0,92.58564460734797,351.1840515136719
mrinn_expanding,43,49,735,35.33449211120605,91.73943328857422,474.7439880371094,0.0,92.8482784495945,336.7969665527344
mrinn_expanding,43,50,750,34.03664131164551,87.1800765991211,462.41162109375,0.0,92.96372189673583,309.3145446777344
mrinn_expanding,43,51,765,36.79350280761719,95.97975158691406,498.6512756347656,0.0,92.82518976016624,339.3667907714844
mrinn_expanding,43,52,780,33.785709381103516,87.38020324707031,465.88739013671875,0.0,92.97526624144997,310.5251159667969
mrinn_expanding,43,53,795,35.60404663085937,93.14225769042969,501.8166198730469,0.0,92.95217755202171,324.7225341796875
mrinn_expanding,43,54,810,35.04069442749024,92.84288787841797,474.38275146484375,0.0,92.78189846748825,325.4700927734375
mrinn_expanding,43,55,825,33.502546310424805,86.47570037841797,452.25701904296875,0.0,93.01855753412796,300.8946838378906
mrinn_expanding,43,56,840,38.353036880493164,99.31755828857422,502.1597900390625,0.0,92.6664550203469,365.83636474609375
mrinn_expanding,43,57,855,36.00707321166992,90.73957824707031,476.6202392578125,0.0,92.8482784495945,333.8681640625
mrinn_expanding,43,58,870,34.77976951599121,90.69605255126953,473.91119384765625,0.0,92.90600017316517,326.84033203125
mrinn_expanding,43,59,885,36.62905693054199,95.0697250366211,491.4263610839844,0.0,92.85116453577304,342.0934143066406
mrinn_expanding,43,60,900,35.87896842956543,92.44894409179688,476.7496337890625,0.0,92.9868105861641,333.1587829589844
mrinn_expanding,43,61,915,37.22301902770996,98.04411315917969,482.45440673828125,0.0,92.49617593581344,352.6056823730469
mrinn_expanding,43,62,930,40.53365516662598,104.93334197998047,532.8103637695312,0.0,92.44134029842131,402.77862548828125
mrinn_expanding,43,63,945,37.16930160522461,96.05644989013672,490.9339599609375,0.0,92.65779676181131,362.83392333984375
mrinn_expanding,43,64,960,34.18024215698242,89.0140380859375,470.3674621582031,0.0,93.0127853617709,319.87408447265625
mrinn_expanding,43,65,975,36.06294288635254,90.87049865722656,478.4096374511719,0.0,92.9868105861641,356.3990478515625
mrinn_expanding,43,66,990,36.11503028869629,92.56797790527344,525.08349609375,0.0,93.08782360241277,335.7622375488281
mrinn_expanding,43,67,1005,35.15905418395996,90.90238189697266,504.9154968261719,0.0,93.10225403330543,330.0800476074219
mrinn_expanding,43,68,1020,36.87353439331055,96.78213500976562,548.0769653320312,0.0,92.8569367081301,343.8058776855469
mrinn_expanding,43,69,1035,47.09965286254883,127.00668334960938,711.6807861328125,0.0,91.96224999278478,464.95452880859375
mrinn_expanding,43,70,1050,37.54217758178711,93.39840698242188,547.4265747070312,0.0,92.86848105284425,376.6704406738281
mrinn_expanding,43,71,1065,44.889653015136716,118.90091705322266,717.3549194335938,0.0,91.95070564807065,428.6485595703125
mrinn_expanding,43,72,1080,34.848045349121094,90.34005737304688,519.6841430664062,0.0,93.15997575687611,326.97650146484375
mrinn_expanding,43,73,1095,39.01498641967773,99.9427719116211,570.6510620117188,0.0,92.83096193252331,372.3907165527344
mrinn_expanding,43,74,1110,39.49509773254395,101.57693481445312,580.3074951171875,0.0,92.94063320730757,396.2645263671875
mrinn_expanding,43,75,1125,46.088253021240234,123.71570587158203,780.3400268554688,0.0,92.18447862853185,447.296630859375
mrinn_expanding,43,76,1140,38.84953689575195,99.27642822265625,585.3226318359375,0.0,92.81941758780917,388.1942443847656
mrinn_expanding,43,77,1155,38.51648368835449,94.51046752929688,569.3273315429688,0.0,93.07050708534157,384.7470703125
mrinn_expanding,43,78,1170,46.18346099853515,124.51819610595703,846.3920288085938,0.0,92.04017431960519,447.0137939453125
mrinn_expanding,43,79,1185,36.22088088989258,93.47215270996094,589.5980224609375,0.0,93.0993679471269,339.4216613769531
mrinn_expanding,43,80,1200,36.51498146057129,95.06645202636719,609.3556518554688,0.0,92.97526624144997,345.1156005859375
mrinn_expanding,43,81,1215,38.89557037353516,96.06294250488281,598.6167602539062,0.0,93.0127853617709,393.8759765625
mrinn_expanding,43,82,1230,38.40140724182129,99.06838989257812,657.2413330078125,0.0,92.89156974227251,369.86077880859375
mrinn_expanding,43,83,1245,35.98223037719727,91.30040740966797,604.0958251953125,0.0,93.1946087910185,346.1634826660156
mrinn_expanding,43,84,1260,48.389404296875,131.92648315429688,981.8751220703125,0.0,92.09212387081878,481.03656005859375
mrinn_expanding,43,85,1275,36.87988548278808,94.09776306152344,604.4149169921875,0.0,93.07627925769863,350.4309387207031
mrinn_expanding,43,86,1290,39.144018936157224,95.1973648071289,618.091064453125,0.0,92.90311408698663,412.44140625
mrinn_expanding,43,87,1305,38.105852890014646,94.10721588134766,566.5753784179688,0.0,92.79921498455944,394.3924560546875
mrinn_expanding,43,88,1320,38.38349304199219,95.97040557861328,615.736328125,0.0,92.89156974227251,389.12847900390625
mrinn_expanding,43,89,1335,38.77035789489746,94.84419250488281,608.1469116210938,0.0,92.94640537966463,395.7868957519531
mrinn_expanding,43,90,1350,38.44728775024414,97.39713287353516,593.563720703125,0.0,92.74726543334583,389.1240539550781
mrinn_expanding,43,91,1365,45.810506439208986,124.79039764404297,813.074951171875,0.0,92.71840457156051,453.1374816894531
mrinn_expanding,43,92,1380,35.326537704467775,91.65911102294922,536.4842529296875,0.0,93.05319056827037,340.73175048828125
mrinn_expanding,43,93,1395,37.89218025207519,96.66889953613281,555.1799926757812,0.0,93.0820514300557,371.2842712402344
mrinn_expanding,43,94,1410,45.36587219238281,123.49027252197266,756.3330688476562,0.0,92.05171866431931,439.87091064453125
mrinn_expanding,43,95,1425,35.53720893859863,90.66183471679688,546.0914916992188,0.0,93.10514011948396,339.9984436035156
mrinn_expanding,43,96,1440,36.992558288574216,90.52336883544922,539.1034545898438,0.0,93.07339317152011,367.9624328613281
gru_roll_dadrop,43,1,15,25.509580612182617,63.391868591308594,388.74932861328125,0.0,85.0612670548362,165.77603149414062
gru_roll_dadrop,43,2,30,25.469686126708986,63.60698699951172,388.8378601074219,0.0,84.27913443990614,162.0700225830078
gru_roll_dadrop,43,3,45,25.878160858154295,65.22964477539062,389.22991943359375,0.0,82.60768807392601,158.93182373046875
gru_roll_dadrop,43,4,60,25.960386276245117,64.7767562866211,389.1405334472656,0.0,84.14877900408447,166.44036865234375
gru_roll_dadrop,43,5,75,25.862450408935548,64.6821517944336,389.08319091796875,0.0,84.07925610497958,164.96112060546875
gru_roll_dadrop,43,6,90,25.666130447387694,64.17742919921875,388.96734619140625,0.0,83.90834564468005,162.8379364013672
gru_roll_dadrop,43,7,105,26.196357345581056,65.47893524169922,389.269287109375,0.0,84.05897859274066,168.3397674560547
gru_roll_dadrop,43,8,120,25.799933242797852,64.69721221923828,389.0718994140625,0.0,83.22180701601923,161.17530822753906
gru_roll_dadrop,43,9,135,26.119916915893555,65.82441711425781,389.34814453125,0.0,83.32029778975117,163.30824279785156
gru_roll_dadrop,43,10,150,25.815806579589843,64.57532501220703,389.0547790527344,0.0,83.87937777005301,164.04774475097656
gru_roll_dadrop,43,11,165,25.949173736572266,65.8343276977539,389.3389892578125,0.0,83.39851105124417,161.53094482421875
gru_roll_dadrop,43,12,180,25.950561904907225,65.20834350585938,389.2148742675781,0.0,83.67080907273832,163.46664428710938
gru_roll_dadrop,43,13,195,26.07610092163086,65.6429672241211,389.2897033691406,0.0,83.38113032646794,163.8811492919922
gru_roll_dadrop,43,14,210,25.873656463623046,64.7676010131836,389.0748596191406,0.0,83.83013238318705,164.49636840820312
gru_roll_dadrop,43,15,225,26.801404190063476,68.92864227294922,390.0711975097656,0.0,84.86428550737233,176.15798950195312
gru_roll_dadrop,43,16,240,26.159824752807616,65.32315063476562,389.0991516113281,0.0,83.89675849482924,168.38522338867188
gru_roll_dadrop,43,17,255,26.092073440551758,66.03350067138672,389.2917175292969,0.0,83.11172909243649,163.3144989013672
gru_roll_dadrop,43,18,270,25.873111724853516,65.03341674804688,389.17352294921875,0.0,82.54395874974652,159.52294921875
gru_roll_dadrop,43,19,285,26.195146560668945,65.7520751953125,389.17413330078125,0.0,83.94310709423249,167.5670623779297
gru_roll_dadrop,43,20,300,26.03585777282715,65.15406036376953,389.0279846191406,0.0,83.97786854378494,167.07797241210938
gru_roll_dadrop,43,21,315,25.98286247253418,65.20258331298828,389.048583984375,0.0,83.80406129602271,165.1592559814453
gru_roll_dadrop,43,22,330,26.1508358001709,65.38484191894531,389.1678466796875,0.0,84.09084325483039,168.3687286376953
gru_roll_dadrop,43,23,345,26.132231140136717,66.25407409667969,389.3623962402344,0.0,82.23979606616263,159.70970153808594
gru_roll_dadrop,43,24,360,25.968090057373047,65.34410858154297,389.1659240722656,0.0,82.94371541959966,161.5420684814453
gru_roll_dadrop,43,25,375,26.11837844848633,65.87281799316406,389.2575988769531,0.0,82.96109614437589,162.39630126953125
gru_roll_dadrop,43,26,390,26.0887092590332,65.93612670898438,389.2752380371094,0.0,82.67721097303091,163.13101196289062
gru_roll_dadrop,43,27,405,26.712665557861328,68.62310791015625,389.9021911621094,0.0,85.51316589901799,176.41322326660156
gru_roll_dadrop,43,28,420,26.01743812561035,65.5217056274414,389.2169189453125,0.0,82.5961009240752,160.67225646972656
gru_roll_dadrop,43,29,435,26.064247131347656,66.2204818725586,389.2926025390625,0.0,83.41299498855768,162.2481689453125
gru_roll_dadrop,43,30,450,26.019524002075194,65.50834655761719,389.21844482421875,0.0,82.18475710437126,159.6798858642578
gru_roll_dadrop,43,31,465,26.087765884399413,65.54786682128906,389.23077392578125,0.0,83.41009820109498,164.5352325439453
gru_roll_dadrop,43,32,480,26.041323852539062,65.81410217285156,389.2811584472656,0.0,84.2530633527418,166.2538299560547
gru_roll_dadrop,43,33,495,26.152921676635742,65.78936004638672,389.25,0.0,83.83592595811245,165.5665740966797
gru_roll_dadrop,43,34,510,26.127157592773436,65.84817504882812,389.28662109375,0.0,83.30581385243765,163.193115234375
gru_roll_dadrop,43,35,525,26.224962997436524,66.52874755859375,389.4580993652344,0.0,82.4454679760146,160.5943603515625
gru_roll_dadrop,43,36,540,26.13705406188965,66.07848358154297,389.334716796875,0.0,82.30062860287941,159.24415588378906
gru_roll_dadrop,43,37,555,26.410813522338866,66.1654052734375,389.3101501464844,0.0,83.89386170736654,169.6512451171875
gru_roll_dadrop,43,38,570,26.256245040893553,65.76840209960938,389.2359924316406,0.0,83.89096491990384,168.2518768310547
gru_roll_dadrop,43,39,585,26.18458023071289,65.77484893798828,389.2510986328125,0.0,83.76929984647028,166.2104949951172
gru_roll_dadrop,43,40,600,25.97553596496582,65.49268341064453,389.24066162109375,0.0,82.294835027954,158.39227294921875
gru_roll_dadrop,43,41,615,26.50954933166504,66.3318099975586,389.2752990722656,0.0,83.89096491990384,171.3874969482422
gru_roll_dadrop,43,42,630,26.028779602050783,65.75768280029297,389.2230529785156,0.0,83.83013238318705,165.32855224609375
gru_roll_dadrop,43,43,645,26.162979507446288,66.0277328491211,389.2677307128906,0.0,84.1024304046812,166.0669708251953
gru_roll_dadrop,43,44,660,25.933308029174803,65.2037124633789,389.1276550292969,0.0,83.1175226673619,161.86380004882812
gru_roll_dadrop,43,45,675,26.067812728881837,66.1587905883789,389.25653076171875,0.0,83.44485965064743,162.90365600585938
gru_roll_dadrop,43,46,690,25.891463851928712,65.13261413574219,389.1018371582031,0.0,82.83943107094233,160.05459594726562
gru_roll_dadrop,43,47,705,26.088340759277344,66.1179428100586,389.31610107421875,0.0,81.79369079690623,157.851806640625
gru_roll_dadrop,43,48,720,25.8997745513916,65.19880676269531,389.1265869140625,0.0,82.373048289447,158.8577117919922
gru_roll_dadrop,43,49,735,26.252980422973632,65.93106079101562,389.8327941894531,0.0,84.21830190318936,167.93797302246094
gru_roll_dadrop,43,50,750,26.028028869628905,65.74134826660156,389.8477478027344,0.0,83.91413921960546,165.17283630371094
gru_roll_dadrop,43,51,765,26.158827590942384,65.86708068847656,389.7893981933594,0.0,84.21540511572665,166.74305725097656
gru_roll_dadrop,43,52,780,25.94768867492676,65.0977783203125,389.6899719238281,0.0,83.80116450856,163.55026245117188
gru_roll_dadrop,43,53,795,26.144602966308593,65.94483947753906,389.84893798828125,0.0,82.98427044407751,162.24630737304688
gru_roll_dadrop,43,54,810,26.006958770751954,65.4835433959961,389.69732666015625,0.0,83.04799976825701,160.7274169921875
gru_roll_dadrop,43,55,825,26.088737106323244,65.45347595214844,389.68341064453125,0.0,84.36893485124996,166.984619140625
gru_roll_dadrop,43,56,840,25.86052017211914,64.74178314208984,389.5778503417969,0.0,84.0966368297558,164.32896423339844
gru_roll_dadrop,43,57,855,27.04281692504883,69.44156646728516,390.74493408203125,0.0,86.00851655514035,180.84112548828125
gru_roll_dadrop,43,58,870,25.889351654052735,65.19523620605469,389.7232666015625,0.0,81.78789722198083,156.3859405517578
gru_roll_dadrop,43,59,885,26.01075325012207,65.19959259033203,389.7140808105469,0.0,83.91124243214276,165.42332458496094
gru_roll_dadrop,43,60,900,25.810053253173827,64.9895248413086,389.7123107910156,0.0,83.49700182497611,161.24998474121094
gru_roll_dadrop,43,61,915,26.046001052856447,66.06114959716797,389.9049072265625,0.0,83.14069696706353,161.1549530029297
gru_roll_dadrop,43,62,930,25.91173324584961,64.86268615722656,389.70562744140625,0.0,84.12850149184554,165.47715759277344
gru_roll_dadrop,43,63,945,25.90330696105957,65.5520248413086,389.80224609375,0.0,83.85330668288867,163.3118438720703
gru_roll_dadrop,43,64,960,25.80985107421875,64.8853530883789,389.7451171875,0.0,82.70907563512066,158.52708435058594
gru_roll_dadrop,43,65,975,25.943305206298827,65.5251235961914,389.87982177734375,0.0,82.08626633063932,157.27264404296875
gru_roll_dadrop,43,66,990,25.724851989746092,64.70710754394531,389.720947265625,0.0,84.0995336172185,162.6995391845703
gru_roll_dadrop,43,67,1005,25.867484664916994,65.1004409790039,389.7787780761719,0.0,82.96109614437589,160.53482055664062
gru_roll_dadrop,43,68,1020,25.916424179077147,64.58656311035156,389.68878173828125,0.0,84.68468468468468,167.4420928955078
gru_roll_dadrop,43,69,1035,26.01366767883301,65.47096252441406,389.8290100097656,0.0,83.60707974855885,163.48873901367188
gru_roll_dadrop,43,70,1050,25.88074073791504,64.92962646484375,389.72637939453125,0.0,83.7200544596043,163.1343536376953
gru_roll_dadrop,43,71,1065,25.849330520629884,64.9437255859375,389.7754821777344,0.0,83.07986443034675,160.24087524414062
gru_roll_dadrop,43,72,1080,25.68150939941406,64.56092834472656,389.7128601074219,0.0,83.21601344109382,159.35836791992188
gru_roll_dadrop,43,73,1095,26.0907283782959,64.9442138671875,389.77008056640625,0.0,84.58619391095276,169.44558715820312
gru_roll_dadrop,43,74,1110,25.79930534362793,65.01792907714844,389.7969970703125,0.0,82.15289244228151,156.97036743164062
gru_roll_dadrop,43,75,1125,25.795170974731445,64.4512710571289,389.65966796875,0.0,84.25885692766721,164.64573669433594
gru_roll_dadrop,43,76,1140,25.97245674133301,65.52323913574219,389.82781982421875,0.0,83.61866689840967,163.96043395996094
gru_roll_dadrop,43,77,1155,25.828424072265626,64.67156219482422,389.6512756347656,0.0,84.36314127632455,164.23721313476562
gru_roll_dadrop,43,78,1170,25.787409210205077,64.37174224853516,389.6097106933594,0.0,84.49929028707163,165.0945281982422
gru_roll_dadrop,43,79,1185,25.840335083007812,64.95159912109375,389.73870849609375,0.0,83.50279539990152,161.31607055664062
gru_roll_dadrop,43,80,1200,25.776317977905272,64.88072204589844,389.7716369628906,0.0,84.31389588945859,163.72244262695312
gru_roll_dadrop,43,81,1215,26.0096435546875,65.5650863647461,389.8914794921875,0.0,82.29773181541671,158.49305725097656
gru_roll_dadrop,43,82,1230,25.842848205566405,64.49256896972656,389.68505859375,0.0,83.83013238318705,163.6042938232422
gru_roll_dadrop,43,83,1245,26.0375617980957,65.81838989257812,389.93646240234375,0.0,84.0966368297558,164.5878448486328
gru_roll_dadrop,43,84,1260,25.754255294799805,64.67719268798828,389.1168212890625,0.0,82.43967440108919,157.75106811523438
gru_roll_dadrop,43,85,1275,25.94140167236328,64.97518920898438,389.1322937011719,0.0,84.00683641841198,164.31529235839844
gru_roll_dadrop,43,86,1290,25.966742706298827,64.59102630615234,389.08135986328125,0.0,84.05608180527796,166.89459228515625
gru_roll_dadrop,43,87,1305,26.167305374145506,65.43939971923828,389.3037414550781,0.0,83.83302917064975,166.40011596679688
gru_roll_dadrop,43,88,1320,26.028017807006837,64.79000091552734,389.160888671875,0.0,84.11981112945743,167.77037048339844
gru_roll_dadrop,43,89,1335,25.884602355957032,64.9614028930664,389.1853942871094,0.0,83.76640305900757,163.24380493164062
gru_roll_dadrop,43,90,1350,25.807113265991212,65.07120513916016,389.15972900390625,0.0,83.21311665363112,161.69488525390625
gru_roll_dadrop,43,91,1365,26.11041259765625,65.2331771850586,389.2401123046875,0.0,83.96917818139683,167.4451904296875
gru_roll_dadrop,43,92,1380,25.718994903564454,64.27828979492188,389.0390930175781,0.0,84.04159786796443,163.80972290039062
gru_roll_dadrop,43,93,1395,25.974993896484374,65.05374145507812,389.204345703125,0.0,83.92572636945627,165.65646362304688
gru_roll_dadrop,43,94,1410,25.815647506713866,64.54157257080078,389.1036376953125,0.0,83.7953709336346,163.62353515625
gru_roll_dadrop,43,95,1425,26.172680282592772,65.49481201171875,389.33807373046875,0.0,83.96048781900872,168.0517578125
gru_roll_dadrop,43,96,1440,26.057003784179688,65.28599548339844,389.32470703125,0.0,84.11401755453203,166.37265014648438
